user_id,item_id,action,timestamp
355,154,1,2026-01-01 00:00:00
257,256,0,2026-01-01 00:01:00
717,234,0,2026-01-01 00:02:00
588,499,2,2026-01-01 00:03:00
988,288,3,2026-01-01 00:04:00
523,39,0,2026-01-01 00:05:00
294,287,2,2026-01-01 00:06:00
961,196,0,2026-01-01 00:07:00
223,272,2,2026-01-01 00:08:00
524,381,1,2026-01-01 00:09:00
45,263,0,2026-01-01 00:10:00
666,56,2,2026-01-01 00:11:00
112,297,2,2026-01-01 00:12:00
232,97,0,2026-01-01 00:13:00
16,136,1,2026-01-01 00:14:00
359,375,0,2026-01-01 00:15:00
222,86,2,2026-01-01 00:16:00
865,418,1,2026-01-01 00:17:00
699,241,0,2026-01-01 00:18:00
447,198,1,2026-01-01 00:19:00
855,462,1,2026-01-01 00:20:00
364,436,1,2026-01-01 00:21:00
674,309,0,2026-01-01 00:22:00
325,83,0,2026-01-01 00:23:00
466,241,1,2026-01-01 00:24:00
413,280,0,2026-01-01 00:25:00
454,322,0,2026-01-01 00:26:00
585,251,1,2026-01-01 00:27:00
232,189,0,2026-01-01 00:28:00
223,438,1,2026-01-01 00:29:00
993,429,1,2026-01-01 00:30:00
830,151,1,2026-01-01 00:31:00
411,481,0,2026-01-01 00:32:00
571,301,0,2026-01-01 00:33:00
334,277,0,2026-01-01 00:34:00
221,138,2,2026-01-01 00:35:00
36,175,0,2026-01-01 00:36:00
988,7,3,2026-01-01 00:37:00
277,294,1,2026-01-01 00:38:00
195,234,2,2026-01-01 00:39:00
915,162,0,2026-01-01 00:40:00
863,48,0,2026-01-01 00:41:00
483,301,2,2026-01-01 00:42:00
241,37,0,2026-01-01 00:43:00
323,135,0,2026-01-01 00:44:00
730,309,0,2026-01-01 00:45:00
191,420,3,2026-01-01 00:46:00
16,218,1,2026-01-01 00:47:00
523,347,1,2026-01-01 00:48:00
917,295,1,2026-01-01 00:49:00
400,33,0,2026-01-01 00:50:00
905,351,1,2026-01-01 00:51:00
885,78,0,2026-01-01 00:52:00
704,235,2,2026-01-01 00:53:00
21,382,0,2026-01-01 00:54:00
473,272,0,2026-01-01 00:55:00
119,160,1,2026-01-01 00:56:00
209,174,0,2026-01-01 00:57:00
305,365,1,2026-01-01 00:58:00
269,307,0,2026-01-01 00:59:00
703,373,0,2026-01-01 01:00:00
686,463,0,2026-01-01 01:01:00
284,220,1,2026-01-01 01:02:00
715,8,0,2026-01-01 01:03:00
675,288,1,2026-01-01 01:04:00
762,443,0,2026-01-01 01:05:00
226,112,0,2026-01-01 01:06:00
947,476,0,2026-01-01 01:07:00
380,204,2,2026-01-01 01:08:00
459,404,1,2026-01-01 01:09:00
6,185,0,2026-01-01 01:10:00
28,340,1,2026-01-01 01:11:00
906,196,2,2026-01-01 01:12:00
32,265,0,2026-01-01 01:13:00
645,261,2,2026-01-01 01:14:00
878,247,0,2026-01-01 01:15:00
78,114,2,2026-01-01 01:16:00
927,120,1,2026-01-01 01:17:00
946,140,0,2026-01-01 01:18:00
458,64,0,2026-01-01 01:19:00
569,275,3,2026-01-01 01:20:00
982,312,1,2026-01-01 01:21:00
537,238,1,2026-01-01 01:22:00
481,301,0,2026-01-01 01:23:00
429,391,0,2026-01-01 01:24:00
737,9,0,2026-01-01 01:25:00
284,456,0,2026-01-01 01:26:00
515,368,1,2026-01-01 01:27:00
976,232,2,2026-01-01 01:28:00
98,194,1,2026-01-01 01:29:00
396,394,0,2026-01-01 01:30:00
488,11,1,2026-01-01 01:31:00
38,393,2,2026-01-01 01:32:00
270,408,1,2026-01-01 01:33:00
886,176,1,2026-01-01 01:34:00
796,176,3,2026-01-01 01:35:00
156,216,1,2026-01-01 01:36:00
74,10,0,2026-01-01 01:37:00
883,445,0,2026-01-01 01:38:00
799,117,3,2026-01-01 01:39:00
129,163,0,2026-01-01 01:40:00
686,38,0,2026-01-01 01:41:00
973,52,0,2026-01-01 01:42:00
83,217,1,2026-01-01 01:43:00
21,205,3,2026-01-01 01:44:00
458,486,0,2026-01-01 01:45:00
538,311,1,2026-01-01 01:46:00
706,359,2,2026-01-01 01:47:00
848,384,0,2026-01-01 01:48:00
381,55,0,2026-01-01 01:49:00
747,117,2,2026-01-01 01:50:00
439,387,0,2026-01-01 01:51:00
603,252,1,2026-01-01 01:52:00
988,285,1,2026-01-01 01:53:00
20,267,0,2026-01-01 01:54:00
302,290,2,2026-01-01 01:55:00
975,332,0,2026-01-01 01:56:00
868,179,0,2026-01-01 01:57:00
954,414,0,2026-01-01 01:58:00
83,357,0,2026-01-01 01:59:00
773,234,2,2026-01-01 02:00:00
658,342,1,2026-01-01 02:01:00
952,195,2,2026-01-01 02:02:00
452,307,0,2026-01-01 02:03:00
386,79,1,2026-01-01 02:04:00
506,134,1,2026-01-01 02:05:00
256,21,2,2026-01-01 02:06:00
569,476,1,2026-01-01 02:07:00
891,330,0,2026-01-01 02:08:00
933,439,0,2026-01-01 02:09:00
526,224,0,2026-01-01 02:10:00
161,57,1,2026-01-01 02:11:00
956,92,3,2026-01-01 02:12:00
162,191,0,2026-01-01 02:13:00
831,102,0,2026-01-01 02:14:00
792,395,0,2026-01-01 02:15:00
791,6,1,2026-01-01 02:16:00
523,127,0,2026-01-01 02:17:00
785,54,0,2026-01-01 02:18:00
270,230,0,2026-01-01 02:19:00
491,361,1,2026-01-01 02:20:00
207,61,1,2026-01-01 02:21:00
538,239,1,2026-01-01 02:22:00
583,89,0,2026-01-01 02:23:00
59,231,0,2026-01-01 02:24:00
429,456,0,2026-01-01 02:25:00
984,232,0,2026-01-01 02:26:00
656,353,0,2026-01-01 02:27:00
604,492,0,2026-01-01 02:28:00
308,332,1,2026-01-01 02:29:00
519,438,0,2026-01-01 02:30:00
590,374,0,2026-01-01 02:31:00
26,291,2,2026-01-01 02:32:00
685,344,1,2026-01-01 02:33:00
561,151,1,2026-01-01 02:34:00
198,427,2,2026-01-01 02:35:00
386,144,0,2026-01-01 02:36:00
348,129,1,2026-01-01 02:37:00
959,140,1,2026-01-01 02:38:00
939,414,0,2026-01-01 02:39:00
692,92,0,2026-01-01 02:40:00
535,113,0,2026-01-01 02:41:00
827,283,0,2026-01-01 02:42:00
377,443,0,2026-01-01 02:43:00
898,410,0,2026-01-01 02:44:00
915,142,0,2026-01-01 02:45:00
557,222,0,2026-01-01 02:46:00
526,231,0,2026-01-01 02:47:00
152,462,0,2026-01-01 02:48:00
733,32,0,2026-01-01 02:49:00
205,275,1,2026-01-01 02:50:00
454,169,0,2026-01-01 02:51:00
272,139,2,2026-01-01 02:52:00
893,356,2,2026-01-01 02:53:00
235,200,1,2026-01-01 02:54:00
851,22,1,2026-01-01 02:55:00
739,455,0,2026-01-01 02:56:00
520,223,0,2026-01-01 02:57:00
677,367,2,2026-01-01 02:58:00
943,269,0,2026-01-01 02:59:00
955,346,2,2026-01-01 03:00:00
830,152,1,2026-01-01 03:01:00
725,332,0,2026-01-01 03:02:00
500,84,0,2026-01-01 03:03:00
116,108,1,2026-01-01 03:04:00
385,30,0,2026-01-01 03:05:00
343,228,0,2026-01-01 03:06:00
583,239,1,2026-01-01 03:07:00
394,377,1,2026-01-01 03:08:00
63,362,0,2026-01-01 03:09:00
716,309,0,2026-01-01 03:10:00
720,388,2,2026-01-01 03:11:00
71,140,1,2026-01-01 03:12:00
788,155,1,2026-01-01 03:13:00
273,298,3,2026-01-01 03:14:00
989,344,0,2026-01-01 03:15:00
319,370,0,2026-01-01 03:16:00
337,98,2,2026-01-01 03:17:00
365,46,1,2026-01-01 03:18:00
494,486,0,2026-01-01 03:19:00
606,326,0,2026-01-01 03:20:00
165,421,1,2026-01-01 03:21:00
543,479,0,2026-01-01 03:22:00
10,66,2,2026-01-01 03:23:00
300,61,0,2026-01-01 03:24:00
728,108,0,2026-01-01 03:25:00
800,166,0,2026-01-01 03:26:00
101,36,1,2026-01-01 03:27:00
424,118,2,2026-01-01 03:28:00
391,497,1,2026-01-01 03:29:00
778,85,2,2026-01-01 03:30:00
213,381,0,2026-01-01 03:31:00
690,391,0,2026-01-01 03:32:00
87,464,2,2026-01-01 03:33:00
552,51,2,2026-01-01 03:34:00
400,90,2,2026-01-01 03:35:00
587,288,1,2026-01-01 03:36:00
888,493,0,2026-01-01 03:37:00
45,336,0,2026-01-01 03:38:00
671,297,2,2026-01-01 03:39:00
462,203,0,2026-01-01 03:40:00
591,367,0,2026-01-01 03:41:00
309,237,1,2026-01-01 03:42:00
85,381,0,2026-01-01 03:43:00
91,154,2,2026-01-01 03:44:00
659,239,0,2026-01-01 03:45:00
672,135,1,2026-01-01 03:46:00
713,406,1,2026-01-01 03:47:00
935,361,1,2026-01-01 03:48:00
927,380,0,2026-01-01 03:49:00
241,368,0,2026-01-01 03:50:00
864,63,0,2026-01-01 03:51:00
1,122,0,2026-01-01 03:52:00
224,253,1,2026-01-01 03:53:00
800,476,0,2026-01-01 03:54:00
744,113,0,2026-01-01 03:55:00
972,19,0,2026-01-01 03:56:00
925,15,1,2026-01-01 03:57:00
928,144,0,2026-01-01 03:58:00
588,207,2,2026-01-01 03:59:00
115,18,1,2026-01-01 04:00:00
665,375,1,2026-01-01 04:01:00
917,391,2,2026-01-01 04:02:00
102,165,0,2026-01-01 04:03:00
193,37,2,2026-01-01 04:04:00
165,180,1,2026-01-01 04:05:00
870,348,2,2026-01-01 04:06:00
89,104,2,2026-01-01 04:07:00
685,99,0,2026-01-01 04:08:00
121,89,0,2026-01-01 04:09:00
142,414,1,2026-01-01 04:10:00
993,299,1,2026-01-01 04:11:00
105,443,0,2026-01-01 04:12:00
886,331,0,2026-01-01 04:13:00
427,400,0,2026-01-01 04:14:00
304,78,1,2026-01-01 04:15:00
871,72,3,2026-01-01 04:16:00
970,422,1,2026-01-01 04:17:00
316,425,0,2026-01-01 04:18:00
962,175,0,2026-01-01 04:19:00
634,395,0,2026-01-01 04:20:00
901,95,0,2026-01-01 04:21:00
8,344,2,2026-01-01 04:22:00
773,102,0,2026-01-01 04:23:00
72,401,1,2026-01-01 04:24:00
358,462,2,2026-01-01 04:25:00
222,223,2,2026-01-01 04:26:00
415,5,0,2026-01-01 04:27:00
552,121,0,2026-01-01 04:28:00
369,235,0,2026-01-01 04:29:00
715,426,1,2026-01-01 04:30:00
263,115,3,2026-01-01 04:31:00
839,162,0,2026-01-01 04:32:00
689,225,0,2026-01-01 04:33:00
859,229,2,2026-01-01 04:34:00
317,181,1,2026-01-01 04:35:00
83,248,3,2026-01-01 04:36:00
317,317,0,2026-01-01 04:37:00
110,452,0,2026-01-01 04:38:00
250,209,0,2026-01-01 04:39:00
382,143,0,2026-01-01 04:40:00
6,391,1,2026-01-01 04:41:00
458,344,0,2026-01-01 04:42:00
83,95,0,2026-01-01 04:43:00
207,381,2,2026-01-01 04:44:00
899,345,0,2026-01-01 04:45:00
389,243,1,2026-01-01 04:46:00
313,85,0,2026-01-01 04:47:00
21,414,2,2026-01-01 04:48:00
409,490,0,2026-01-01 04:49:00
894,393,1,2026-01-01 04:50:00
514,183,0,2026-01-01 04:51:00
126,120,0,2026-01-01 04:52:00
808,331,1,2026-01-01 04:53:00
699,91,0,2026-01-01 04:54:00
873,69,0,2026-01-01 04:55:00
13,403,2,2026-01-01 04:56:00
970,132,2,2026-01-01 04:57:00
977,278,0,2026-01-01 04:58:00
11,136,0,2026-01-01 04:59:00
86,313,0,2026-01-01 05:00:00
523,186,0,2026-01-01 05:01:00
908,220,3,2026-01-01 05:02:00
536,463,1,2026-01-01 05:03:00
300,437,0,2026-01-01 05:04:00
242,45,3,2026-01-01 05:05:00
121,277,1,2026-01-01 05:06:00
146,191,1,2026-01-01 05:07:00
566,7,0,2026-01-01 05:08:00
749,378,0,2026-01-01 05:09:00
355,275,1,2026-01-01 05:10:00
684,178,0,2026-01-01 05:11:00
903,333,0,2026-01-01 05:12:00
732,38,0,2026-01-01 05:13:00
630,292,0,2026-01-01 05:14:00
308,177,1,2026-01-01 05:15:00
694,161,1,2026-01-01 05:16:00
287,330,0,2026-01-01 05:17:00
306,373,0,2026-01-01 05:18:00
811,103,1,2026-01-01 05:19:00
593,160,0,2026-01-01 05:20:00
965,286,1,2026-01-01 05:21:00
913,122,1,2026-01-01 05:22:00
722,53,0,2026-01-01 05:23:00
661,427,1,2026-01-01 05:24:00
548,33,1,2026-01-01 05:25:00
351,241,0,2026-01-01 05:26:00
311,454,0,2026-01-01 05:27:00
872,377,3,2026-01-01 05:28:00
58,112,0,2026-01-01 05:29:00
642,317,2,2026-01-01 05:30:00
923,22,1,2026-01-01 05:31:00
713,45,0,2026-01-01 05:32:00
754,311,0,2026-01-01 05:33:00
34,134,0,2026-01-01 05:34:00
444,117,0,2026-01-01 05:35:00
92,472,1,2026-01-01 05:36:00
949,188,2,2026-01-01 05:37:00
958,130,2,2026-01-01 05:38:00
206,421,0,2026-01-01 05:39:00
352,211,2,2026-01-01 05:40:00
902,417,2,2026-01-01 05:41:00
331,112,2,2026-01-01 05:42:00
816,43,0,2026-01-01 05:43:00
861,127,1,2026-01-01 05:44:00
724,363,1,2026-01-01 05:45:00
158,157,0,2026-01-01 05:46:00
953,272,3,2026-01-01 05:47:00
956,314,0,2026-01-01 05:48:00
23,393,0,2026-01-01 05:49:00
403,354,2,2026-01-01 05:50:00
804,339,0,2026-01-01 05:51:00
515,401,2,2026-01-01 05:52:00
731,44,1,2026-01-01 05:53:00
363,107,0,2026-01-01 05:54:00
381,218,0,2026-01-01 05:55:00
531,442,1,2026-01-01 05:56:00
955,317,1,2026-01-01 05:57:00
151,314,2,2026-01-01 05:58:00
561,176,2,2026-01-01 05:59:00
688,227,0,2026-01-01 06:00:00
946,190,0,2026-01-01 06:01:00
607,470,2,2026-01-01 06:02:00
616,159,1,2026-01-01 06:03:00
419,393,0,2026-01-01 06:04:00
249,266,2,2026-01-01 06:05:00
116,357,2,2026-01-01 06:06:00
865,325,1,2026-01-01 06:07:00
511,378,0,2026-01-01 06:08:00
739,488,1,2026-01-01 06:09:00
577,189,1,2026-01-01 06:10:00
334,174,2,2026-01-01 06:11:00
417,289,3,2026-01-01 06:12:00
931,483,1,2026-01-01 06:13:00
773,356,1,2026-01-01 06:14:00
294,144,3,2026-01-01 06:15:00
937,231,0,2026-01-01 06:16:00
754,359,0,2026-01-01 06:17:00
370,437,2,2026-01-01 06:18:00
185,203,0,2026-01-01 06:19:00
245,212,0,2026-01-01 06:20:00
636,39,0,2026-01-01 06:21:00
267,274,0,2026-01-01 06:22:00
642,322,0,2026-01-01 06:23:00
236,81,0,2026-01-01 06:24:00
529,180,3,2026-01-01 06:25:00
551,498,1,2026-01-01 06:26:00
20,319,1,2026-01-01 06:27:00
910,82,0,2026-01-01 06:28:00
736,302,1,2026-01-01 06:29:00
866,261,1,2026-01-01 06:30:00
793,271,1,2026-01-01 06:31:00
519,199,0,2026-01-01 06:32:00
99,239,0,2026-01-01 06:33:00
751,401,2,2026-01-01 06:34:00
477,179,1,2026-01-01 06:35:00
598,431,1,2026-01-01 06:36:00
297,170,1,2026-01-01 06:37:00
939,294,0,2026-01-01 06:38:00
525,176,1,2026-01-01 06:39:00
333,368,0,2026-01-01 06:40:00
1,395,1,2026-01-01 06:41:00
374,236,3,2026-01-01 06:42:00
292,137,1,2026-01-01 06:43:00
836,326,0,2026-01-01 06:44:00
933,365,0,2026-01-01 06:45:00
552,310,1,2026-01-01 06:46:00
317,128,2,2026-01-01 06:47:00
501,48,1,2026-01-01 06:48:00
827,163,1,2026-01-01 06:49:00
380,276,0,2026-01-01 06:50:00
622,292,1,2026-01-01 06:51:00
13,115,1,2026-01-01 06:52:00
503,23,3,2026-01-01 06:53:00
230,310,0,2026-01-01 06:54:00
984,24,1,2026-01-01 06:55:00
83,390,0,2026-01-01 06:56:00
129,126,1,2026-01-01 06:57:00
742,233,2,2026-01-01 06:58:00
837,208,0,2026-01-01 06:59:00
144,92,0,2026-01-01 07:00:00
890,93,1,2026-01-01 07:01:00
856,326,1,2026-01-01 07:02:00
27,224,0,2026-01-01 07:03:00
65,454,0,2026-01-01 07:04:00
162,377,1,2026-01-01 07:05:00
228,279,2,2026-01-01 07:06:00
260,10,0,2026-01-01 07:07:00
448,328,2,2026-01-01 07:08:00
423,11,0,2026-01-01 07:09:00
459,34,0,2026-01-01 07:10:00
951,446,0,2026-01-01 07:11:00
675,451,2,2026-01-01 07:12:00
300,227,0,2026-01-01 07:13:00
918,219,1,2026-01-01 07:14:00
302,440,0,2026-01-01 07:15:00
286,140,3,2026-01-01 07:16:00
394,22,2,2026-01-01 07:17:00
9,82,1,2026-01-01 07:18:00
706,489,2,2026-01-01 07:19:00
629,228,1,2026-01-01 07:20:00
269,422,2,2026-01-01 07:21:00
591,343,0,2026-01-01 07:22:00
969,79,0,2026-01-01 07:23:00
604,352,1,2026-01-01 07:24:00
777,395,0,2026-01-01 07:25:00
843,289,0,2026-01-01 07:26:00
861,454,1,2026-01-01 07:27:00
360,330,0,2026-01-01 07:28:00
256,158,1,2026-01-01 07:29:00
132,476,0,2026-01-01 07:30:00
275,127,3,2026-01-01 07:31:00
775,189,2,2026-01-01 07:32:00
682,396,2,2026-01-01 07:33:00
971,30,0,2026-01-01 07:34:00
512,385,1,2026-01-01 07:35:00
312,358,3,2026-01-01 07:36:00
575,14,2,2026-01-01 07:37:00
885,312,1,2026-01-01 07:38:00
979,74,0,2026-01-01 07:39:00
283,33,1,2026-01-01 07:40:00
120,358,1,2026-01-01 07:41:00
106,195,0,2026-01-01 07:42:00
932,330,1,2026-01-01 07:43:00
686,28,2,2026-01-01 07:44:00
996,193,1,2026-01-01 07:45:00
203,15,0,2026-01-01 07:46:00
164,422,1,2026-01-01 07:47:00
304,76,3,2026-01-01 07:48:00
496,292,1,2026-01-01 07:49:00
631,80,1,2026-01-01 07:50:00
555,404,1,2026-01-01 07:51:00
823,427,1,2026-01-01 07:52:00
155,123,1,2026-01-01 07:53:00
366,18,0,2026-01-01 07:54:00
718,454,0,2026-01-01 07:55:00
901,101,0,2026-01-01 07:56:00
619,391,0,2026-01-01 07:57:00
250,76,0,2026-01-01 07:58:00
956,228,0,2026-01-01 07:59:00
915,449,2,2026-01-01 08:00:00
881,296,0,2026-01-01 08:01:00
333,202,0,2026-01-01 08:02:00
641,471,0,2026-01-01 08:03:00
968,453,1,2026-01-01 08:04:00
510,60,0,2026-01-01 08:05:00
292,25,0,2026-01-01 08:06:00
19,70,0,2026-01-01 08:07:00
281,102,2,2026-01-01 08:08:00
796,466,3,2026-01-01 08:09:00
0,325,3,2026-01-01 08:10:00
118,362,0,2026-01-01 08:11:00
34,156,1,2026-01-01 08:12:00
197,362,1,2026-01-01 08:13:00
484,358,0,2026-01-01 08:14:00
756,193,0,2026-01-01 08:15:00
58,274,0,2026-01-01 08:16:00
836,323,1,2026-01-01 08:17:00
160,185,0,2026-01-01 08:18:00
690,325,0,2026-01-01 08:19:00
205,112,0,2026-01-01 08:20:00
11,312,1,2026-01-01 08:21:00
489,164,2,2026-01-01 08:22:00
275,60,1,2026-01-01 08:23:00
692,91,1,2026-01-01 08:24:00
241,285,1,2026-01-01 08:25:00
215,454,0,2026-01-01 08:26:00
250,456,0,2026-01-01 08:27:00
810,152,3,2026-01-01 08:28:00
125,224,3,2026-01-01 08:29:00
993,126,1,2026-01-01 08:30:00
216,192,0,2026-01-01 08:31:00
305,114,0,2026-01-01 08:32:00
796,261,0,2026-01-01 08:33:00
184,17,2,2026-01-01 08:34:00
38,9,1,2026-01-01 08:35:00
222,91,2,2026-01-01 08:36:00
183,138,1,2026-01-01 08:37:00
494,480,0,2026-01-01 08:38:00
426,448,0,2026-01-01 08:39:00
177,332,0,2026-01-01 08:40:00
918,356,1,2026-01-01 08:41:00
427,339,0,2026-01-01 08:42:00
293,448,1,2026-01-01 08:43:00
851,51,1,2026-01-01 08:44:00
150,194,0,2026-01-01 08:45:00
383,465,0,2026-01-01 08:46:00
637,488,0,2026-01-01 08:47:00
812,205,1,2026-01-01 08:48:00
307,286,0,2026-01-01 08:49:00
335,474,0,2026-01-01 08:50:00
945,400,2,2026-01-01 08:51:00
745,438,1,2026-01-01 08:52:00
891,365,1,2026-01-01 08:53:00
374,92,1,2026-01-01 08:54:00
7,419,2,2026-01-01 08:55:00
340,484,1,2026-01-01 08:56:00
128,409,0,2026-01-01 08:57:00
775,308,0,2026-01-01 08:58:00
668,144,1,2026-01-01 08:59:00
351,85,1,2026-01-01 09:00:00
357,152,1,2026-01-01 09:01:00
516,1,2,2026-01-01 09:02:00
494,341,2,2026-01-01 09:03:00
85,388,0,2026-01-01 09:04:00
174,259,0,2026-01-01 09:05:00
801,163,0,2026-01-01 09:06:00
192,5,1,2026-01-01 09:07:00
310,499,0,2026-01-01 09:08:00
118,148,0,2026-01-01 09:09:00
217,204,0,2026-01-01 09:10:00
426,117,0,2026-01-01 09:11:00
969,484,0,2026-01-01 09:12:00
413,88,0,2026-01-01 09:13:00
113,153,1,2026-01-01 09:14:00
977,438,0,2026-01-01 09:15:00
144,166,0,2026-01-01 09:16:00
537,467,2,2026-01-01 09:17:00
647,160,2,2026-01-01 09:18:00
302,269,0,2026-01-01 09:19:00
743,55,0,2026-01-01 09:20:00
880,227,1,2026-01-01 09:21:00
587,336,0,2026-01-01 09:22:00
986,148,0,2026-01-01 09:23:00
839,45,0,2026-01-01 09:24:00
344,143,0,2026-01-01 09:25:00
813,237,1,2026-01-01 09:26:00
963,271,2,2026-01-01 09:27:00
800,119,1,2026-01-01 09:28:00
0,339,1,2026-01-01 09:29:00
146,412,0,2026-01-01 09:30:00
286,219,1,2026-01-01 09:31:00
975,7,0,2026-01-01 09:32:00
653,343,0,2026-01-01 09:33:00
52,386,1,2026-01-01 09:34:00
303,472,2,2026-01-01 09:35:00
68,274,0,2026-01-01 09:36:00
360,352,2,2026-01-01 09:37:00
601,65,0,2026-01-01 09:38:00
957,78,0,2026-01-01 09:39:00
219,85,0,2026-01-01 09:40:00
961,123,1,2026-01-01 09:41:00
703,201,2,2026-01-01 09:42:00
965,465,1,2026-01-01 09:43:00
574,149,0,2026-01-01 09:44:00
584,45,0,2026-01-01 09:45:00
160,112,1,2026-01-01 09:46:00
680,90,0,2026-01-01 09:47:00
88,140,0,2026-01-01 09:48:00
687,288,3,2026-01-01 09:49:00
780,388,1,2026-01-01 09:50:00
584,217,0,2026-01-01 09:51:00
756,76,0,2026-01-01 09:52:00
588,410,0,2026-01-01 09:53:00
158,376,1,2026-01-01 09:54:00
488,383,2,2026-01-01 09:55:00
970,333,1,2026-01-01 09:56:00
323,151,0,2026-01-01 09:57:00
609,322,0,2026-01-01 09:58:00
380,238,3,2026-01-01 09:59:00
101,114,3,2026-01-01 10:00:00
493,318,1,2026-01-01 10:01:00
643,368,0,2026-01-01 10:02:00
613,93,1,2026-01-01 10:03:00
18,482,2,2026-01-01 10:04:00
453,47,1,2026-01-01 10:05:00
481,190,1,2026-01-01 10:06:00
593,461,0,2026-01-01 10:07:00
396,11,0,2026-01-01 10:08:00
278,155,0,2026-01-01 10:09:00
850,171,2,2026-01-01 10:10:00
364,476,1,2026-01-01 10:11:00
330,426,1,2026-01-01 10:12:00
640,400,0,2026-01-01 10:13:00
343,295,2,2026-01-01 10:14:00
821,176,2,2026-01-01 10:15:00
454,340,0,2026-01-01 10:16:00
600,56,2,2026-01-01 10:17:00
724,342,0,2026-01-01 10:18:00
654,339,0,2026-01-01 10:19:00
64,447,0,2026-01-01 10:20:00
75,202,2,2026-01-01 10:21:00
710,184,2,2026-01-01 10:22:00
142,120,0,2026-01-01 10:23:00
916,225,1,2026-01-01 10:24:00
914,201,1,2026-01-01 10:25:00
827,329,2,2026-01-01 10:26:00
604,362,0,2026-01-01 10:27:00
472,379,1,2026-01-01 10:28:00
416,453,1,2026-01-01 10:29:00
304,355,0,2026-01-01 10:30:00
735,215,0,2026-01-01 10:31:00
496,459,1,2026-01-01 10:32:00
290,42,0,2026-01-01 10:33:00
939,374,3,2026-01-01 10:34:00
101,22,0,2026-01-01 10:35:00
985,154,3,2026-01-01 10:36:00
266,185,0,2026-01-01 10:37:00
866,248,0,2026-01-01 10:38:00
967,236,0,2026-01-01 10:39:00
621,292,1,2026-01-01 10:40:00
973,133,1,2026-01-01 10:41:00
841,320,0,2026-01-01 10:42:00
961,389,0,2026-01-01 10:43:00
941,433,1,2026-01-01 10:44:00
776,21,0,2026-01-01 10:45:00
2,360,1,2026-01-01 10:46:00
84,87,0,2026-01-01 10:47:00
793,152,1,2026-01-01 10:48:00
327,124,1,2026-01-01 10:49:00
815,78,3,2026-01-01 10:50:00
449,345,1,2026-01-01 10:51:00
453,455,0,2026-01-01 10:52:00
923,50,0,2026-01-01 10:53:00
628,215,1,2026-01-01 10:54:00
220,175,1,2026-01-01 10:55:00
153,357,2,2026-01-01 10:56:00
664,252,1,2026-01-01 10:57:00
11,453,1,2026-01-01 10:58:00
132,245,0,2026-01-01 10:59:00
993,226,0,2026-01-01 11:00:00
303,105,0,2026-01-01 11:01:00
292,192,0,2026-01-01 11:02:00
974,315,1,2026-01-01 11:03:00
299,301,0,2026-01-01 11:04:00
739,35,0,2026-01-01 11:05:00
782,441,0,2026-01-01 11:06:00
42,203,0,2026-01-01 11:07:00
943,421,0,2026-01-01 11:08:00
342,266,1,2026-01-01 11:09:00
325,267,0,2026-01-01 11:10:00
813,169,1,2026-01-01 11:11:00
497,497,1,2026-01-01 11:12:00
363,38,3,2026-01-01 11:13:00
890,454,0,2026-01-01 11:14:00
426,138,0,2026-01-01 11:15:00
20,291,0,2026-01-01 11:16:00
406,51,0,2026-01-01 11:17:00
618,286,2,2026-01-01 11:18:00
335,288,1,2026-01-01 11:19:00
814,140,1,2026-01-01 11:20:00
116,145,0,2026-01-01 11:21:00
123,424,1,2026-01-01 11:22:00
398,313,0,2026-01-01 11:23:00
792,183,1,2026-01-01 11:24:00
803,151,1,2026-01-01 11:25:00
714,200,0,2026-01-01 11:26:00
50,127,0,2026-01-01 11:27:00
782,286,2,2026-01-01 11:28:00
323,310,0,2026-01-01 11:29:00
788,252,0,2026-01-01 11:30:00
140,488,0,2026-01-01 11:31:00
469,265,0,2026-01-01 11:32:00
786,187,1,2026-01-01 11:33:00
801,385,1,2026-01-01 11:34:00
333,229,1,2026-01-01 11:35:00
892,270,0,2026-01-01 11:36:00
963,258,1,2026-01-01 11:37:00
372,298,2,2026-01-01 11:38:00
563,414,0,2026-01-01 11:39:00
493,197,0,2026-01-01 11:40:00
538,322,2,2026-01-01 11:41:00
668,55,0,2026-01-01 11:42:00
750,318,0,2026-01-01 11:43:00
155,202,0,2026-01-01 11:44:00
290,270,0,2026-01-01 11:45:00
647,108,0,2026-01-01 11:46:00
143,115,0,2026-01-01 11:47:00
105,91,1,2026-01-01 11:48:00
419,137,0,2026-01-01 11:49:00
669,421,2,2026-01-01 11:50:00
657,302,0,2026-01-01 11:51:00
1,56,3,2026-01-01 11:52:00
944,49,3,2026-01-01 11:53:00
588,497,1,2026-01-01 11:54:00
643,70,2,2026-01-01 11:55:00
89,398,1,2026-01-01 11:56:00
344,401,2,2026-01-01 11:57:00
349,81,0,2026-01-01 11:58:00
458,371,0,2026-01-01 11:59:00
262,104,1,2026-01-01 12:00:00
350,87,0,2026-01-01 12:01:00
107,1,2,2026-01-01 12:02:00
585,359,2,2026-01-01 12:03:00
38,83,0,2026-01-01 12:04:00
908,481,2,2026-01-01 12:05:00
158,42,0,2026-01-01 12:06:00
582,153,0,2026-01-01 12:07:00
958,326,1,2026-01-01 12:08:00
311,421,0,2026-01-01 12:09:00
240,93,1,2026-01-01 12:10:00
937,297,1,2026-01-01 12:11:00
444,132,0,2026-01-01 12:12:00
297,394,1,2026-01-01 12:13:00
951,64,1,2026-01-01 12:14:00
35,289,0,2026-01-01 12:15:00
83,375,0,2026-01-01 12:16:00
451,256,2,2026-01-01 12:17:00
885,466,2,2026-01-01 12:18:00
774,385,0,2026-01-01 12:19:00
821,212,0,2026-01-01 12:20:00
384,147,2,2026-01-01 12:21:00
171,60,1,2026-01-01 12:22:00
375,470,0,2026-01-01 12:23:00
684,148,1,2026-01-01 12:24:00
361,87,0,2026-01-01 12:25:00
558,323,1,2026-01-01 12:26:00
890,382,0,2026-01-01 12:27:00
140,395,0,2026-01-01 12:28:00
886,277,0,2026-01-01 12:29:00
917,403,3,2026-01-01 12:30:00
117,81,1,2026-01-01 12:31:00
276,128,1,2026-01-01 12:32:00
725,285,1,2026-01-01 12:33:00
219,381,0,2026-01-01 12:34:00
904,352,2,2026-01-01 12:35:00
25,279,0,2026-01-01 12:36:00
520,269,2,2026-01-01 12:37:00
782,291,0,2026-01-01 12:38:00
9,452,0,2026-01-01 12:39:00
983,202,1,2026-01-01 12:40:00
377,23,1,2026-01-01 12:41:00
632,443,2,2026-01-01 12:42:00
636,350,1,2026-01-01 12:43:00
681,310,0,2026-01-01 12:44:00
583,460,2,2026-01-01 12:45:00
151,207,0,2026-01-01 12:46:00
719,279,2,2026-01-01 12:47:00
48,204,1,2026-01-01 12:48:00
153,151,0,2026-01-01 12:49:00
858,437,0,2026-01-01 12:50:00
292,25,0,2026-01-01 12:51:00
579,193,0,2026-01-01 12:52:00
49,335,0,2026-01-01 12:53:00
663,421,0,2026-01-01 12:54:00
530,237,0,2026-01-01 12:55:00
611,320,1,2026-01-01 12:56:00
59,496,2,2026-01-01 12:57:00
166,74,0,2026-01-01 12:58:00
201,434,0,2026-01-01 12:59:00
856,162,0,2026-01-01 13:00:00
145,298,1,2026-01-01 13:01:00
914,28,2,2026-01-01 13:02:00
675,164,1,2026-01-01 13:03:00
969,336,2,2026-01-01 13:04:00
992,185,1,2026-01-01 13:05:00
438,53,1,2026-01-01 13:06:00
241,294,0,2026-01-01 13:07:00
580,41,2,2026-01-01 13:08:00
686,411,2,2026-01-01 13:09:00
560,284,1,2026-01-01 13:10:00
482,426,2,2026-01-01 13:11:00
107,386,0,2026-01-01 13:12:00
225,499,2,2026-01-01 13:13:00
672,137,0,2026-01-01 13:14:00
630,186,0,2026-01-01 13:15:00
660,489,0,2026-01-01 13:16:00
976,397,3,2026-01-01 13:17:00
661,203,2,2026-01-01 13:18:00
431,430,2,2026-01-01 13:19:00
804,41,2,2026-01-01 13:20:00
654,349,0,2026-01-01 13:21:00
418,415,2,2026-01-01 13:22:00
987,287,3,2026-01-01 13:23:00
454,425,1,2026-01-01 13:24:00
159,415,0,2026-01-01 13:25:00
522,25,1,2026-01-01 13:26:00
649,370,3,2026-01-01 13:27:00
968,384,2,2026-01-01 13:28:00
589,55,2,2026-01-01 13:29:00
76,252,2,2026-01-01 13:30:00
508,121,2,2026-01-01 13:31:00
440,105,1,2026-01-01 13:32:00
253,129,1,2026-01-01 13:33:00
920,336,0,2026-01-01 13:34:00
769,157,1,2026-01-01 13:35:00
319,375,1,2026-01-01 13:36:00
802,230,2,2026-01-01 13:37:00
262,454,0,2026-01-01 13:38:00
596,307,0,2026-01-01 13:39:00
657,90,0,2026-01-01 13:40:00
834,392,1,2026-01-01 13:41:00
553,21,1,2026-01-01 13:42:00
373,289,0,2026-01-01 13:43:00
636,109,0,2026-01-01 13:44:00
166,48,0,2026-01-01 13:45:00
936,128,0,2026-01-01 13:46:00
752,72,0,2026-01-01 13:47:00
458,339,0,2026-01-01 13:48:00
998,52,0,2026-01-01 13:49:00
279,466,0,2026-01-01 13:50:00
699,355,0,2026-01-01 13:51:00
301,379,2,2026-01-01 13:52:00
530,167,0,2026-01-01 13:53:00
579,44,0,2026-01-01 13:54:00
217,451,0,2026-01-01 13:55:00
101,392,0,2026-01-01 13:56:00
553,104,0,2026-01-01 13:57:00
287,149,0,2026-01-01 13:58:00
166,145,1,2026-01-01 13:59:00
620,203,1,2026-01-01 14:00:00
35,361,1,2026-01-01 14:01:00
743,298,1,2026-01-01 14:02:00
740,166,0,2026-01-01 14:03:00
352,200,2,2026-01-01 14:04:00
675,133,0,2026-01-01 14:05:00
898,210,1,2026-01-01 14:06:00
72,47,0,2026-01-01 14:07:00
647,125,2,2026-01-01 14:08:00
352,238,1,2026-01-01 14:09:00
890,6,0,2026-01-01 14:10:00
69,463,1,2026-01-01 14:11:00
424,452,0,2026-01-01 14:12:00
998,271,1,2026-01-01 14:13:00
707,384,1,2026-01-01 14:14:00
780,370,0,2026-01-01 14:15:00
560,36,0,2026-01-01 14:16:00
827,486,0,2026-01-01 14:17:00
641,210,1,2026-01-01 14:18:00
955,164,0,2026-01-01 14:19:00
516,124,1,2026-01-01 14:20:00
427,336,3,2026-01-01 14:21:00
538,191,0,2026-01-01 14:22:00
159,217,3,2026-01-01 14:23:00
148,213,1,2026-01-01 14:24:00
775,61,0,2026-01-01 14:25:00
229,327,0,2026-01-01 14:26:00
711,444,1,2026-01-01 14:27:00
561,380,0,2026-01-01 14:28:00
66,160,0,2026-01-01 14:29:00
811,65,0,2026-01-01 14:30:00
380,285,1,2026-01-01 14:31:00
57,238,1,2026-01-01 14:32:00
258,19,1,2026-01-01 14:33:00
341,187,0,2026-01-01 14:34:00
837,81,2,2026-01-01 14:35:00
129,362,3,2026-01-01 14:36:00
726,201,0,2026-01-01 14:37:00
171,407,0,2026-01-01 14:38:00
769,131,2,2026-01-01 14:39:00
613,36,2,2026-01-01 14:40:00
208,131,1,2026-01-01 14:41:00
802,76,2,2026-01-01 14:42:00
353,88,1,2026-01-01 14:43:00
470,460,0,2026-01-01 14:44:00
797,401,1,2026-01-01 14:45:00
115,252,1,2026-01-01 14:46:00
263,343,3,2026-01-01 14:47:00
661,193,0,2026-01-01 14:48:00
811,175,1,2026-01-01 14:49:00
441,32,1,2026-01-01 14:50:00
547,57,0,2026-01-01 14:51:00
452,466,0,2026-01-01 14:52:00
844,200,2,2026-01-01 14:53:00
476,27,0,2026-01-01 14:54:00
286,34,1,2026-01-01 14:55:00
302,486,2,2026-01-01 14:56:00
310,124,0,2026-01-01 14:57:00
207,393,3,2026-01-01 14:58:00
617,320,1,2026-01-01 14:59:00
445,41,0,2026-01-01 15:00:00
669,84,0,2026-01-01 15:01:00
632,392,3,2026-01-01 15:02:00
54,187,0,2026-01-01 15:03:00
911,110,0,2026-01-01 15:04:00
11,270,0,2026-01-01 15:05:00
656,482,0,2026-01-01 15:06:00
399,440,0,2026-01-01 15:07:00
907,324,3,2026-01-01 15:08:00
647,104,2,2026-01-01 15:09:00
979,405,0,2026-01-01 15:10:00
514,319,0,2026-01-01 15:11:00
655,40,1,2026-01-01 15:12:00
541,214,0,2026-01-01 15:13:00
236,70,2,2026-01-01 15:14:00
278,55,2,2026-01-01 15:15:00
347,406,2,2026-01-01 15:16:00
626,235,0,2026-01-01 15:17:00
103,280,0,2026-01-01 15:18:00
629,474,0,2026-01-01 15:19:00
516,104,0,2026-01-01 15:20:00
979,389,0,2026-01-01 15:21:00
871,374,2,2026-01-01 15:22:00
247,161,2,2026-01-01 15:23:00
363,190,3,2026-01-01 15:24:00
320,8,2,2026-01-01 15:25:00
632,59,0,2026-01-01 15:26:00
285,380,1,2026-01-01 15:27:00
148,304,0,2026-01-01 15:28:00
83,224,0,2026-01-01 15:29:00
965,306,1,2026-01-01 15:30:00
405,187,1,2026-01-01 15:31:00
977,69,1,2026-01-01 15:32:00
455,292,0,2026-01-01 15:33:00
742,286,0,2026-01-01 15:34:00
799,481,0,2026-01-01 15:35:00
160,168,0,2026-01-01 15:36:00
783,61,0,2026-01-01 15:37:00
459,348,1,2026-01-01 15:38:00
549,441,2,2026-01-01 15:39:00
499,13,0,2026-01-01 15:40:00
737,163,1,2026-01-01 15:41:00
508,419,0,2026-01-01 15:42:00
653,244,3,2026-01-01 15:43:00
803,334,0,2026-01-01 15:44:00
480,7,2,2026-01-01 15:45:00
662,153,2,2026-01-01 15:46:00
113,35,2,2026-01-01 15:47:00
748,47,0,2026-01-01 15:48:00
577,84,1,2026-01-01 15:49:00
360,27,0,2026-01-01 15:50:00
340,195,0,2026-01-01 15:51:00
769,445,0,2026-01-01 15:52:00
986,207,2,2026-01-01 15:53:00
760,469,2,2026-01-01 15:54:00
968,203,0,2026-01-01 15:55:00
448,463,1,2026-01-01 15:56:00
842,306,3,2026-01-01 15:57:00
834,103,0,2026-01-01 15:58:00
179,229,0,2026-01-01 15:59:00
701,425,0,2026-01-01 16:00:00
406,100,1,2026-01-01 16:01:00
665,28,0,2026-01-01 16:02:00
195,126,1,2026-01-01 16:03:00
465,337,0,2026-01-01 16:04:00
310,9,0,2026-01-01 16:05:00
261,105,0,2026-01-01 16:06:00
418,166,0,2026-01-01 16:07:00
405,465,0,2026-01-01 16:08:00
938,256,0,2026-01-01 16:09:00
142,294,2,2026-01-01 16:10:00
341,276,0,2026-01-01 16:11:00
315,64,1,2026-01-01 16:12:00
100,270,3,2026-01-01 16:13:00
243,387,2,2026-01-01 16:14:00
489,187,3,2026-01-01 16:15:00
11,316,1,2026-01-01 16:16:00
238,403,0,2026-01-01 16:17:00
560,137,2,2026-01-01 16:18:00
41,342,2,2026-01-01 16:19:00
677,104,2,2026-01-01 16:20:00
593,33,1,2026-01-01 16:21:00
428,379,1,2026-01-01 16:22:00
802,109,0,2026-01-01 16:23:00
157,431,1,2026-01-01 16:24:00
215,32,0,2026-01-01 16:25:00
669,353,0,2026-01-01 16:26:00
461,230,1,2026-01-01 16:27:00
133,316,0,2026-01-01 16:28:00
66,265,0,2026-01-01 16:29:00
847,181,2,2026-01-01 16:30:00
6,339,2,2026-01-01 16:31:00
947,64,1,2026-01-01 16:32:00
525,332,1,2026-01-01 16:33:00
72,0,3,2026-01-01 16:34:00
398,132,0,2026-01-01 16:35:00
404,79,1,2026-01-01 16:36:00
674,270,0,2026-01-01 16:37:00
577,240,0,2026-01-01 16:38:00
858,27,1,2026-01-01 16:39:00
129,222,1,2026-01-01 16:40:00
930,22,0,2026-01-01 16:41:00
465,495,0,2026-01-01 16:42:00
205,108,1,2026-01-01 16:43:00
787,106,1,2026-01-01 16:44:00
977,144,1,2026-01-01 16:45:00
767,368,0,2026-01-01 16:46:00
265,353,1,2026-01-01 16:47:00
536,396,0,2026-01-01 16:48:00
961,397,0,2026-01-01 16:49:00
792,138,1,2026-01-01 16:50:00
252,283,1,2026-01-01 16:51:00
821,297,0,2026-01-01 16:52:00
288,479,0,2026-01-01 16:53:00
163,98,1,2026-01-01 16:54:00
94,316,0,2026-01-01 16:55:00
781,122,0,2026-01-01 16:56:00
832,319,0,2026-01-01 16:57:00
109,286,0,2026-01-01 16:58:00
335,80,0,2026-01-01 16:59:00
821,494,2,2026-01-01 17:00:00
237,456,1,2026-01-01 17:01:00
380,9,1,2026-01-01 17:02:00
435,7,1,2026-01-01 17:03:00
898,404,1,2026-01-01 17:04:00
482,204,2,2026-01-01 17:05:00
936,314,1,2026-01-01 17:06:00
901,433,0,2026-01-01 17:07:00
24,196,1,2026-01-01 17:08:00
652,197,0,2026-01-01 17:09:00
116,29,1,2026-01-01 17:10:00
481,478,1,2026-01-01 17:11:00
391,400,2,2026-01-01 17:12:00
916,458,1,2026-01-01 17:13:00
993,19,0,2026-01-01 17:14:00
963,47,0,2026-01-01 17:15:00
536,456,0,2026-01-01 17:16:00
78,129,0,2026-01-01 17:17:00
579,292,0,2026-01-01 17:18:00
172,384,0,2026-01-01 17:19:00
955,131,0,2026-01-01 17:20:00
11,355,3,2026-01-01 17:21:00
799,53,0,2026-01-01 17:22:00
127,377,0,2026-01-01 17:23:00
607,280,0,2026-01-01 17:24:00
91,386,1,2026-01-01 17:25:00
652,264,0,2026-01-01 17:26:00
542,469,1,2026-01-01 17:27:00
845,214,0,2026-01-01 17:28:00
531,459,1,2026-01-01 17:29:00
657,457,2,2026-01-01 17:30:00
988,289,0,2026-01-01 17:31:00
827,42,0,2026-01-01 17:32:00
446,73,0,2026-01-01 17:33:00
389,349,1,2026-01-01 17:34:00
671,277,0,2026-01-01 17:35:00
860,325,1,2026-01-01 17:36:00
42,241,1,2026-01-01 17:37:00
253,129,1,2026-01-01 17:38:00
129,349,0,2026-01-01 17:39:00
59,193,0,2026-01-01 17:40:00
662,31,1,2026-01-01 17:41:00
466,105,2,2026-01-01 17:42:00
286,399,3,2026-01-01 17:43:00
516,203,2,2026-01-01 17:44:00
466,0,1,2026-01-01 17:45:00
929,244,1,2026-01-01 17:46:00
777,71,1,2026-01-01 17:47:00
344,431,0,2026-01-01 17:48:00
641,305,1,2026-01-01 17:49:00
381,396,0,2026-01-01 17:50:00
778,14,0,2026-01-01 17:51:00
689,52,1,2026-01-01 17:52:00
252,427,0,2026-01-01 17:53:00
926,7,0,2026-01-01 17:54:00
55,329,0,2026-01-01 17:55:00
462,45,2,2026-01-01 17:56:00
456,324,1,2026-01-01 17:57:00
982,113,1,2026-01-01 17:58:00
82,146,0,2026-01-01 17:59:00
904,494,0,2026-01-01 18:00:00
98,165,0,2026-01-01 18:01:00
148,378,0,2026-01-01 18:02:00
328,138,1,2026-01-01 18:03:00
155,116,0,2026-01-01 18:04:00
189,298,0,2026-01-01 18:05:00
493,275,0,2026-01-01 18:06:00
882,403,0,2026-01-01 18:07:00
262,276,0,2026-01-01 18:08:00
79,337,1,2026-01-01 18:09:00
399,312,1,2026-01-01 18:10:00
763,177,2,2026-01-01 18:11:00
608,329,1,2026-01-01 18:12:00
259,353,0,2026-01-01 18:13:00
771,153,1,2026-01-01 18:14:00
614,413,1,2026-01-01 18:15:00
551,200,0,2026-01-01 18:16:00
784,365,1,2026-01-01 18:17:00
100,114,2,2026-01-01 18:18:00
358,158,0,2026-01-01 18:19:00
379,41,1,2026-01-01 18:20:00
819,246,2,2026-01-01 18:21:00
220,67,1,2026-01-01 18:22:00
819,444,1,2026-01-01 18:23:00
419,444,0,2026-01-01 18:24:00
123,325,0,2026-01-01 18:25:00
421,333,1,2026-01-01 18:26:00
230,195,1,2026-01-01 18:27:00
689,89,2,2026-01-01 18:28:00
62,110,0,2026-01-01 18:29:00
484,367,0,2026-01-01 18:30:00
627,358,0,2026-01-01 18:31:00
702,144,0,2026-01-01 18:32:00
573,274,0,2026-01-01 18:33:00
767,178,0,2026-01-01 18:34:00
482,240,0,2026-01-01 18:35:00
518,325,0,2026-01-01 18:36:00
154,318,0,2026-01-01 18:37:00
91,476,3,2026-01-01 18:38:00
981,330,1,2026-01-01 18:39:00
525,463,0,2026-01-01 18:40:00
454,413,2,2026-01-01 18:41:00
740,152,1,2026-01-01 18:42:00
597,103,2,2026-01-01 18:43:00
644,74,0,2026-01-01 18:44:00
509,127,0,2026-01-01 18:45:00
182,198,2,2026-01-01 18:46:00
385,153,0,2026-01-01 18:47:00
573,55,2,2026-01-01 18:48:00
730,277,2,2026-01-01 18:49:00
404,344,3,2026-01-01 18:50:00
245,18,0,2026-01-01 18:51:00
741,158,0,2026-01-01 18:52:00
590,25,0,2026-01-01 18:53:00
660,425,3,2026-01-01 18:54:00
649,168,0,2026-01-01 18:55:00
470,483,1,2026-01-01 18:56:00
825,22,0,2026-01-01 18:57:00
887,46,0,2026-01-01 18:58:00
422,12,0,2026-01-01 18:59:00
900,216,1,2026-01-01 19:00:00
64,321,2,2026-01-01 19:01:00
12,193,0,2026-01-01 19:02:00
212,143,2,2026-01-01 19:03:00
985,72,1,2026-01-01 19:04:00
241,155,1,2026-01-01 19:05:00
492,76,1,2026-01-01 19:06:00
212,418,0,2026-01-01 19:07:00
692,168,0,2026-01-01 19:08:00
337,460,1,2026-01-01 19:09:00
996,286,0,2026-01-01 19:10:00
172,84,0,2026-01-01 19:11:00
671,415,0,2026-01-01 19:12:00
163,181,1,2026-01-01 19:13:00
464,481,0,2026-01-01 19:14:00
994,455,1,2026-01-01 19:15:00
496,314,0,2026-01-01 19:16:00
699,296,3,2026-01-01 19:17:00
394,111,0,2026-01-01 19:18:00
702,449,1,2026-01-01 19:19:00
916,229,1,2026-01-01 19:20:00
307,95,1,2026-01-01 19:21:00
767,437,0,2026-01-01 19:22:00
182,167,1,2026-01-01 19:23:00
628,377,0,2026-01-01 19:24:00
793,155,0,2026-01-01 19:25:00
509,420,1,2026-01-01 19:26:00
707,104,1,2026-01-01 19:27:00
545,192,1,2026-01-01 19:28:00
563,488,2,2026-01-01 19:29:00
623,329,0,2026-01-01 19:30:00
763,438,2,2026-01-01 19:31:00
593,131,0,2026-01-01 19:32:00
743,354,1,2026-01-01 19:33:00
226,381,1,2026-01-01 19:34:00
744,137,0,2026-01-01 19:35:00
732,430,0,2026-01-01 19:36:00
435,330,1,2026-01-01 19:37:00
924,269,0,2026-01-01 19:38:00
421,37,0,2026-01-01 19:39:00
553,395,0,2026-01-01 19:40:00
20,44,1,2026-01-01 19:41:00
553,400,0,2026-01-01 19:42:00
396,463,0,2026-01-01 19:43:00
624,162,0,2026-01-01 19:44:00
104,449,0,2026-01-01 19:45:00
191,330,2,2026-01-01 19:46:00
16,252,2,2026-01-01 19:47:00
119,168,0,2026-01-01 19:48:00
392,450,1,2026-01-01 19:49:00
424,284,1,2026-01-01 19:50:00
128,273,1,2026-01-01 19:51:00
129,19,1,2026-01-01 19:52:00
571,238,0,2026-01-01 19:53:00
559,269,0,2026-01-01 19:54:00
28,417,0,2026-01-01 19:55:00
96,432,0,2026-01-01 19:56:00
9,309,1,2026-01-01 19:57:00
241,30,0,2026-01-01 19:58:00
825,313,0,2026-01-01 19:59:00
955,103,0,2026-01-01 20:00:00
231,169,1,2026-01-01 20:01:00
788,185,2,2026-01-01 20:02:00
283,127,1,2026-01-01 20:03:00
714,209,0,2026-01-01 20:04:00
758,413,1,2026-01-01 20:05:00
801,280,0,2026-01-01 20:06:00
775,446,0,2026-01-01 20:07:00
954,252,0,2026-01-01 20:08:00
725,18,1,2026-01-01 20:09:00
199,199,1,2026-01-01 20:10:00
944,219,2,2026-01-01 20:11:00
78,135,1,2026-01-01 20:12:00
912,222,0,2026-01-01 20:13:00
955,2,0,2026-01-01 20:14:00
854,450,0,2026-01-01 20:15:00
855,235,1,2026-01-01 20:16:00
172,341,1,2026-01-01 20:17:00
466,464,3,2026-01-01 20:18:00
580,227,1,2026-01-01 20:19:00
415,400,2,2026-01-01 20:20:00
939,141,1,2026-01-01 20:21:00
448,498,2,2026-01-01 20:22:00
86,8,1,2026-01-01 20:23:00
100,189,1,2026-01-01 20:24:00
7,349,1,2026-01-01 20:25:00
844,404,1,2026-01-01 20:26:00
199,459,0,2026-01-01 20:27:00
504,164,0,2026-01-01 20:28:00
86,479,0,2026-01-01 20:29:00
42,138,0,2026-01-01 20:30:00
384,275,1,2026-01-01 20:31:00
620,290,0,2026-01-01 20:32:00
434,52,0,2026-01-01 20:33:00
407,174,0,2026-01-01 20:34:00
482,109,1,2026-01-01 20:35:00
663,202,0,2026-01-01 20:36:00
16,435,0,2026-01-01 20:37:00
644,135,0,2026-01-01 20:38:00
147,3,0,2026-01-01 20:39:00
276,154,2,2026-01-01 20:40:00
231,171,0,2026-01-01 20:41:00
825,423,1,2026-01-01 20:42:00
926,357,1,2026-01-01 20:43:00
365,46,3,2026-01-01 20:44:00
227,93,0,2026-01-01 20:45:00
650,427,0,2026-01-01 20:46:00
435,47,0,2026-01-01 20:47:00
398,239,0,2026-01-01 20:48:00
210,346,1,2026-01-01 20:49:00
390,212,0,2026-01-01 20:50:00
498,435,0,2026-01-01 20:51:00
539,339,2,2026-01-01 20:52:00
562,323,1,2026-01-01 20:53:00
490,138,0,2026-01-01 20:54:00
441,204,0,2026-01-01 20:55:00
260,380,0,2026-01-01 20:56:00
772,72,2,2026-01-01 20:57:00
349,3,2,2026-01-01 20:58:00
351,75,2,2026-01-01 20:59:00
519,328,2,2026-01-01 21:00:00
319,76,1,2026-01-01 21:01:00
137,303,0,2026-01-01 21:02:00
549,255,0,2026-01-01 21:03:00
622,409,1,2026-01-01 21:04:00
991,101,2,2026-01-01 21:05:00
367,105,0,2026-01-01 21:06:00
219,332,1,2026-01-01 21:07:00
336,38,2,2026-01-01 21:08:00
222,475,0,2026-01-01 21:09:00
647,313,2,2026-01-01 21:10:00
767,274,0,2026-01-01 21:11:00
359,87,0,2026-01-01 21:12:00
920,210,0,2026-01-01 21:13:00
328,368,1,2026-01-01 21:14:00
961,76,1,2026-01-01 21:15:00
462,76,0,2026-01-01 21:16:00
945,441,2,2026-01-01 21:17:00
962,27,1,2026-01-01 21:18:00
560,244,1,2026-01-01 21:19:00
803,65,0,2026-01-01 21:20:00
381,265,2,2026-01-01 21:21:00
835,381,0,2026-01-01 21:22:00
589,469,0,2026-01-01 21:23:00
616,204,0,2026-01-01 21:24:00
168,57,0,2026-01-01 21:25:00
216,200,2,2026-01-01 21:26:00
377,224,0,2026-01-01 21:27:00
118,141,0,2026-01-01 21:28:00
189,380,2,2026-01-01 21:29:00
766,367,1,2026-01-01 21:30:00
369,83,1,2026-01-01 21:31:00
777,142,0,2026-01-01 21:32:00
148,351,1,2026-01-01 21:33:00
675,32,0,2026-01-01 21:34:00
651,400,3,2026-01-01 21:35:00
858,151,1,2026-01-01 21:36:00
487,157,1,2026-01-01 21:37:00
769,445,0,2026-01-01 21:38:00
373,140,0,2026-01-01 21:39:00
780,445,0,2026-01-01 21:40:00
692,250,0,2026-01-01 21:41:00
159,302,0,2026-01-01 21:42:00
350,111,1,2026-01-01 21:43:00
911,143,0,2026-01-01 21:44:00
287,449,1,2026-01-01 21:45:00
287,208,0,2026-01-01 21:46:00
891,223,0,2026-01-01 21:47:00
225,42,1,2026-01-01 21:48:00
522,263,1,2026-01-01 21:49:00
521,243,0,2026-01-01 21:50:00
782,2,0,2026-01-01 21:51:00
272,124,1,2026-01-01 21:52:00
935,267,0,2026-01-01 21:53:00
401,83,0,2026-01-01 21:54:00
182,15,1,2026-01-01 21:55:00
968,333,0,2026-01-01 21:56:00
664,463,0,2026-01-01 21:57:00
487,58,2,2026-01-01 21:58:00
826,176,1,2026-01-01 21:59:00
845,62,0,2026-01-01 22:00:00
123,445,1,2026-01-01 22:01:00
984,490,0,2026-01-01 22:02:00
625,48,2,2026-01-01 22:03:00
789,306,1,2026-01-01 22:04:00
413,245,0,2026-01-01 22:05:00
979,288,0,2026-01-01 22:06:00
724,285,0,2026-01-01 22:07:00
171,442,1,2026-01-01 22:08:00
287,331,1,2026-01-01 22:09:00
434,14,0,2026-01-01 22:10:00
685,337,0,2026-01-01 22:11:00
112,254,0,2026-01-01 22:12:00
887,91,0,2026-01-01 22:13:00
916,278,0,2026-01-01 22:14:00
994,205,1,2026-01-01 22:15:00
121,93,1,2026-01-01 22:16:00
543,224,3,2026-01-01 22:17:00
221,300,2,2026-01-01 22:18:00
630,317,1,2026-01-01 22:19:00
38,462,1,2026-01-01 22:20:00
496,198,3,2026-01-01 22:21:00
779,270,0,2026-01-01 22:22:00
232,499,0,2026-01-01 22:23:00
942,233,0,2026-01-01 22:24:00
529,45,1,2026-01-01 22:25:00
148,63,1,2026-01-01 22:26:00
396,229,0,2026-01-01 22:27:00
660,429,1,2026-01-01 22:28:00
637,439,1,2026-01-01 22:29:00
903,248,0,2026-01-01 22:30:00
301,245,0,2026-01-01 22:31:00
359,427,0,2026-01-01 22:32:00
237,74,0,2026-01-01 22:33:00
646,156,2,2026-01-01 22:34:00
662,222,2,2026-01-01 22:35:00
235,189,2,2026-01-01 22:36:00
735,472,1,2026-01-01 22:37:00
202,51,1,2026-01-01 22:38:00
255,437,1,2026-01-01 22:39:00
597,87,1,2026-01-01 22:40:00
661,312,1,2026-01-01 22:41:00
234,338,1,2026-01-01 22:42:00
344,65,0,2026-01-01 22:43:00
533,149,1,2026-01-01 22:44:00
859,19,0,2026-01-01 22:45:00
796,32,1,2026-01-01 22:46:00
780,327,0,2026-01-01 22:47:00
465,280,0,2026-01-01 22:48:00
769,45,3,2026-01-01 22:49:00
540,72,0,2026-01-01 22:50:00
212,353,0,2026-01-01 22:51:00
462,312,0,2026-01-01 22:52:00
435,342,2,2026-01-01 22:53:00
282,132,1,2026-01-01 22:54:00
561,54,1,2026-01-01 22:55:00
606,60,2,2026-01-01 22:56:00
462,344,0,2026-01-01 22:57:00
406,7,0,2026-01-01 22:58:00
87,271,0,2026-01-01 22:59:00
43,245,1,2026-01-01 23:00:00
460,175,1,2026-01-01 23:01:00
277,492,0,2026-01-01 23:02:00
682,115,0,2026-01-01 23:03:00
420,316,0,2026-01-01 23:04:00
700,270,1,2026-01-01 23:05:00
352,192,0,2026-01-01 23:06:00
695,149,0,2026-01-01 23:07:00
514,130,0,2026-01-01 23:08:00
702,101,1,2026-01-01 23:09:00
629,309,1,2026-01-01 23:10:00
18,269,0,2026-01-01 23:11:00
22,291,1,2026-01-01 23:12:00
412,209,1,2026-01-01 23:13:00
29,494,3,2026-01-01 23:14:00
806,360,0,2026-01-01 23:15:00
107,337,1,2026-01-01 23:16:00
366,66,0,2026-01-01 23:17:00
280,9,0,2026-01-01 23:18:00
127,48,1,2026-01-01 23:19:00
228,486,0,2026-01-01 23:20:00
110,110,0,2026-01-01 23:21:00
135,320,0,2026-01-01 23:22:00
361,218,0,2026-01-01 23:23:00
185,56,0,2026-01-01 23:24:00
655,282,0,2026-01-01 23:25:00
583,458,1,2026-01-01 23:26:00
128,112,1,2026-01-01 23:27:00
875,132,0,2026-01-01 23:28:00
260,70,1,2026-01-01 23:29:00
514,82,2,2026-01-01 23:30:00
448,56,0,2026-01-01 23:31:00
899,375,0,2026-01-01 23:32:00
103,348,1,2026-01-01 23:33:00
482,270,1,2026-01-01 23:34:00
223,482,0,2026-01-01 23:35:00
831,110,0,2026-01-01 23:36:00
873,356,1,2026-01-01 23:37:00
865,374,3,2026-01-01 23:38:00
490,75,0,2026-01-01 23:39:00
472,157,3,2026-01-01 23:40:00
9,19,0,2026-01-01 23:41:00
404,420,0,2026-01-01 23:42:00
895,130,0,2026-01-01 23:43:00
301,328,1,2026-01-01 23:44:00
230,121,0,2026-01-01 23:45:00
730,40,0,2026-01-01 23:46:00
922,166,2,2026-01-01 23:47:00
65,409,3,2026-01-01 23:48:00
936,129,0,2026-01-01 23:49:00
111,22,0,2026-01-01 23:50:00
12,278,1,2026-01-01 23:51:00
392,250,1,2026-01-01 23:52:00
499,468,0,2026-01-01 23:53:00
931,399,2,2026-01-01 23:54:00
597,8,0,2026-01-01 23:55:00
233,12,1,2026-01-01 23:56:00
601,411,0,2026-01-01 23:57:00
313,410,1,2026-01-01 23:58:00
565,306,0,2026-01-01 23:59:00
11,319,1,2026-01-02 00:00:00
208,51,3,2026-01-02 00:01:00
973,208,0,2026-01-02 00:02:00
13,37,1,2026-01-02 00:03:00
632,99,0,2026-01-02 00:04:00
417,192,2,2026-01-02 00:05:00
436,401,3,2026-01-02 00:06:00
376,190,1,2026-01-02 00:07:00
19,50,1,2026-01-02 00:08:00
586,392,3,2026-01-02 00:09:00
911,140,0,2026-01-02 00:10:00
754,167,0,2026-01-02 00:11:00
734,310,1,2026-01-02 00:12:00
69,108,0,2026-01-02 00:13:00
823,206,2,2026-01-02 00:14:00
210,426,1,2026-01-02 00:15:00
100,299,0,2026-01-02 00:16:00
697,109,0,2026-01-02 00:17:00
131,195,0,2026-01-02 00:18:00
622,416,1,2026-01-02 00:19:00
380,151,0,2026-01-02 00:20:00
131,419,0,2026-01-02 00:21:00
19,242,1,2026-01-02 00:22:00
905,127,2,2026-01-02 00:23:00
535,104,2,2026-01-02 00:24:00
226,9,3,2026-01-02 00:25:00
153,355,1,2026-01-02 00:26:00
804,147,0,2026-01-02 00:27:00
741,488,2,2026-01-02 00:28:00
468,364,0,2026-01-02 00:29:00
821,363,1,2026-01-02 00:30:00
999,458,1,2026-01-02 00:31:00
870,139,2,2026-01-02 00:32:00
404,189,0,2026-01-02 00:33:00
201,401,0,2026-01-02 00:34:00
37,93,1,2026-01-02 00:35:00
941,491,0,2026-01-02 00:36:00
771,495,3,2026-01-02 00:37:00
187,228,1,2026-01-02 00:38:00
56,62,1,2026-01-02 00:39:00
940,339,2,2026-01-02 00:40:00
19,24,1,2026-01-02 00:41:00
272,267,0,2026-01-02 00:42:00
118,404,0,2026-01-02 00:43:00
582,280,1,2026-01-02 00:44:00
515,10,2,2026-01-02 00:45:00
220,319,1,2026-01-02 00:46:00
525,200,3,2026-01-02 00:47:00
514,125,0,2026-01-02 00:48:00
727,305,0,2026-01-02 00:49:00
740,189,0,2026-01-02 00:50:00
335,88,1,2026-01-02 00:51:00
697,354,0,2026-01-02 00:52:00
54,115,0,2026-01-02 00:53:00
499,351,1,2026-01-02 00:54:00
899,176,0,2026-01-02 00:55:00
887,13,1,2026-01-02 00:56:00
765,256,0,2026-01-02 00:57:00
535,208,0,2026-01-02 00:58:00
161,280,0,2026-01-02 00:59:00
669,442,2,2026-01-02 01:00:00
593,327,0,2026-01-02 01:01:00
914,324,0,2026-01-02 01:02:00
158,388,0,2026-01-02 01:03:00
187,104,0,2026-01-02 01:04:00
59,482,2,2026-01-02 01:05:00
914,146,0,2026-01-02 01:06:00
816,278,2,2026-01-02 01:07:00
318,8,0,2026-01-02 01:08:00
877,117,2,2026-01-02 01:09:00
210,93,1,2026-01-02 01:10:00
405,433,1,2026-01-02 01:11:00
663,143,1,2026-01-02 01:12:00
108,288,0,2026-01-02 01:13:00
75,385,1,2026-01-02 01:14:00
541,13,0,2026-01-02 01:15:00
313,493,0,2026-01-02 01:16:00
997,256,1,2026-01-02 01:17:00
116,345,0,2026-01-02 01:18:00
926,185,2,2026-01-02 01:19:00
867,344,0,2026-01-02 01:20:00
703,399,1,2026-01-02 01:21:00
18,206,2,2026-01-02 01:22:00
431,345,1,2026-01-02 01:23:00
684,430,1,2026-01-02 01:24:00
739,171,1,2026-01-02 01:25:00
349,463,2,2026-01-02 01:26:00
182,269,0,2026-01-02 01:27:00
112,220,1,2026-01-02 01:28:00
182,151,0,2026-01-02 01:29:00
480,110,0,2026-01-02 01:30:00
145,182,0,2026-01-02 01:31:00
830,398,0,2026-01-02 01:32:00
627,338,1,2026-01-02 01:33:00
112,71,2,2026-01-02 01:34:00
762,417,1,2026-01-02 01:35:00
475,385,1,2026-01-02 01:36:00
762,282,0,2026-01-02 01:37:00
302,73,0,2026-01-02 01:38:00
970,354,0,2026-01-02 01:39:00
824,214,1,2026-01-02 01:40:00
117,496,0,2026-01-02 01:41:00
812,327,1,2026-01-02 01:42:00
160,475,2,2026-01-02 01:43:00
400,22,1,2026-01-02 01:44:00
197,67,1,2026-01-02 01:45:00
259,397,1,2026-01-02 01:46:00
659,446,0,2026-01-02 01:47:00
751,372,0,2026-01-02 01:48:00
46,361,2,2026-01-02 01:49:00
986,92,1,2026-01-02 01:50:00
398,320,1,2026-01-02 01:51:00
709,323,0,2026-01-02 01:52:00
558,383,1,2026-01-02 01:53:00
77,62,0,2026-01-02 01:54:00
123,223,0,2026-01-02 01:55:00
74,224,0,2026-01-02 01:56:00
870,368,0,2026-01-02 01:57:00
136,345,0,2026-01-02 01:58:00
601,336,0,2026-01-02 01:59:00
399,102,1,2026-01-02 02:00:00
836,214,1,2026-01-02 02:01:00
504,191,1,2026-01-02 02:02:00
499,159,0,2026-01-02 02:03:00
572,371,3,2026-01-02 02:04:00
137,206,0,2026-01-02 02:05:00
49,268,0,2026-01-02 02:06:00
770,193,1,2026-01-02 02:07:00
972,379,0,2026-01-02 02:08:00
618,402,1,2026-01-02 02:09:00
624,151,1,2026-01-02 02:10:00
861,236,3,2026-01-02 02:11:00
253,87,2,2026-01-02 02:12:00
629,10,2,2026-01-02 02:13:00
709,186,0,2026-01-02 02:14:00
848,213,2,2026-01-02 02:15:00
876,14,0,2026-01-02 02:16:00
562,265,1,2026-01-02 02:17:00
756,296,1,2026-01-02 02:18:00
914,410,0,2026-01-02 02:19:00
425,443,1,2026-01-02 02:20:00
546,72,0,2026-01-02 02:21:00
301,51,0,2026-01-02 02:22:00
921,127,2,2026-01-02 02:23:00
580,27,0,2026-01-02 02:24:00
348,64,0,2026-01-02 02:25:00
831,16,0,2026-01-02 02:26:00
932,350,2,2026-01-02 02:27:00
979,427,0,2026-01-02 02:28:00
48,137,0,2026-01-02 02:29:00
916,318,2,2026-01-02 02:30:00
73,228,0,2026-01-02 02:31:00
703,253,0,2026-01-02 02:32:00
260,476,1,2026-01-02 02:33:00
355,209,1,2026-01-02 02:34:00
581,430,2,2026-01-02 02:35:00
601,293,0,2026-01-02 02:36:00
259,230,2,2026-01-02 02:37:00
637,240,2,2026-01-02 02:38:00
742,69,0,2026-01-02 02:39:00
294,103,0,2026-01-02 02:40:00
930,203,3,2026-01-02 02:41:00
640,52,0,2026-01-02 02:42:00
791,461,1,2026-01-02 02:43:00
312,427,1,2026-01-02 02:44:00
611,374,1,2026-01-02 02:45:00
837,329,2,2026-01-02 02:46:00
808,53,0,2026-01-02 02:47:00
181,275,0,2026-01-02 02:48:00
685,334,2,2026-01-02 02:49:00
827,30,2,2026-01-02 02:50:00
363,134,1,2026-01-02 02:51:00
187,57,3,2026-01-02 02:52:00
568,104,1,2026-01-02 02:53:00
542,265,0,2026-01-02 02:54:00
595,9,2,2026-01-02 02:55:00
663,495,0,2026-01-02 02:56:00
984,252,0,2026-01-02 02:57:00
547,294,0,2026-01-02 02:58:00
724,155,1,2026-01-02 02:59:00
925,157,3,2026-01-02 03:00:00
407,36,0,2026-01-02 03:01:00
875,118,0,2026-01-02 03:02:00
617,66,1,2026-01-02 03:03:00
413,241,2,2026-01-02 03:04:00
341,298,1,2026-01-02 03:05:00
219,462,1,2026-01-02 03:06:00
902,212,1,2026-01-02 03:07:00
162,307,0,2026-01-02 03:08:00
950,100,0,2026-01-02 03:09:00
219,55,0,2026-01-02 03:10:00
269,331,2,2026-01-02 03:11:00
631,323,0,2026-01-02 03:12:00
905,238,1,2026-01-02 03:13:00
847,392,0,2026-01-02 03:14:00
399,230,0,2026-01-02 03:15:00
181,361,0,2026-01-02 03:16:00
990,380,0,2026-01-02 03:17:00
617,91,0,2026-01-02 03:18:00
728,278,1,2026-01-02 03:19:00
204,446,0,2026-01-02 03:20:00
581,108,1,2026-01-02 03:21:00
555,316,0,2026-01-02 03:22:00
840,167,1,2026-01-02 03:23:00
812,299,1,2026-01-02 03:24:00
227,469,3,2026-01-02 03:25:00
695,407,0,2026-01-02 03:26:00
618,434,0,2026-01-02 03:27:00
595,441,2,2026-01-02 03:28:00
849,217,0,2026-01-02 03:29:00
249,221,2,2026-01-02 03:30:00
874,160,0,2026-01-02 03:31:00
440,15,1,2026-01-02 03:32:00
532,277,0,2026-01-02 03:33:00
195,496,2,2026-01-02 03:34:00
689,56,1,2026-01-02 03:35:00
928,61,0,2026-01-02 03:36:00
986,497,0,2026-01-02 03:37:00
518,362,0,2026-01-02 03:38:00
69,465,1,2026-01-02 03:39:00
638,326,0,2026-01-02 03:40:00
398,241,0,2026-01-02 03:41:00
977,89,1,2026-01-02 03:42:00
671,71,0,2026-01-02 03:43:00
759,325,0,2026-01-02 03:44:00
202,29,0,2026-01-02 03:45:00
147,358,1,2026-01-02 03:46:00
471,406,3,2026-01-02 03:47:00
654,287,0,2026-01-02 03:48:00
943,85,1,2026-01-02 03:49:00
198,233,0,2026-01-02 03:50:00
916,234,0,2026-01-02 03:51:00
425,312,1,2026-01-02 03:52:00
665,364,0,2026-01-02 03:53:00
491,264,1,2026-01-02 03:54:00
887,286,2,2026-01-02 03:55:00
895,326,2,2026-01-02 03:56:00
141,392,0,2026-01-02 03:57:00
312,268,0,2026-01-02 03:58:00
164,185,3,2026-01-02 03:59:00
313,130,0,2026-01-02 04:00:00
20,290,1,2026-01-02 04:01:00
81,480,0,2026-01-02 04:02:00
580,276,0,2026-01-02 04:03:00
130,319,0,2026-01-02 04:04:00
598,350,2,2026-01-02 04:05:00
729,179,2,2026-01-02 04:06:00
932,289,0,2026-01-02 04:07:00
983,479,2,2026-01-02 04:08:00
304,376,0,2026-01-02 04:09:00
914,162,0,2026-01-02 04:10:00
370,270,1,2026-01-02 04:11:00
856,375,1,2026-01-02 04:12:00
852,95,0,2026-01-02 04:13:00
383,261,0,2026-01-02 04:14:00
907,364,3,2026-01-02 04:15:00
444,468,2,2026-01-02 04:16:00
424,352,2,2026-01-02 04:17:00
160,287,0,2026-01-02 04:18:00
177,435,1,2026-01-02 04:19:00
628,82,0,2026-01-02 04:20:00
707,224,3,2026-01-02 04:21:00
894,411,0,2026-01-02 04:22:00
489,222,0,2026-01-02 04:23:00
326,468,0,2026-01-02 04:24:00
597,117,2,2026-01-02 04:25:00
288,481,1,2026-01-02 04:26:00
592,191,0,2026-01-02 04:27:00
663,78,1,2026-01-02 04:28:00
572,77,2,2026-01-02 04:29:00
572,146,0,2026-01-02 04:30:00
353,106,2,2026-01-02 04:31:00
27,381,2,2026-01-02 04:32:00
953,270,0,2026-01-02 04:33:00
42,389,0,2026-01-02 04:34:00
680,243,0,2026-01-02 04:35:00
422,72,0,2026-01-02 04:36:00
597,356,0,2026-01-02 04:37:00
176,467,1,2026-01-02 04:38:00
528,353,1,2026-01-02 04:39:00
609,421,0,2026-01-02 04:40:00
965,25,1,2026-01-02 04:41:00
493,209,1,2026-01-02 04:42:00
197,91,2,2026-01-02 04:43:00
609,124,0,2026-01-02 04:44:00
576,434,1,2026-01-02 04:45:00
841,72,2,2026-01-02 04:46:00
852,479,1,2026-01-02 04:47:00
516,122,0,2026-01-02 04:48:00
513,308,0,2026-01-02 04:49:00
21,183,2,2026-01-02 04:50:00
111,186,0,2026-01-02 04:51:00
56,197,2,2026-01-02 04:52:00
65,77,2,2026-01-02 04:53:00
841,347,0,2026-01-02 04:54:00
97,185,1,2026-01-02 04:55:00
143,343,0,2026-01-02 04:56:00
879,252,0,2026-01-02 04:57:00
434,12,1,2026-01-02 04:58:00
636,298,1,2026-01-02 04:59:00
678,75,0,2026-01-02 05:00:00
85,50,2,2026-01-02 05:01:00
587,274,0,2026-01-02 05:02:00
343,148,0,2026-01-02 05:03:00
935,218,0,2026-01-02 05:04:00
293,121,0,2026-01-02 05:05:00
955,210,3,2026-01-02 05:06:00
570,279,1,2026-01-02 05:07:00
649,25,1,2026-01-02 05:08:00
610,172,1,2026-01-02 05:09:00
703,155,0,2026-01-02 05:10:00
242,237,0,2026-01-02 05:11:00
830,375,1,2026-01-02 05:12:00
560,81,2,2026-01-02 05:13:00
959,491,2,2026-01-02 05:14:00
31,355,0,2026-01-02 05:15:00
390,489,0,2026-01-02 05:16:00
276,412,0,2026-01-02 05:17:00
531,272,0,2026-01-02 05:18:00
153,67,0,2026-01-02 05:19:00
382,43,1,2026-01-02 05:20:00
67,492,0,2026-01-02 05:21:00
877,60,1,2026-01-02 05:22:00
883,122,1,2026-01-02 05:23:00
213,348,0,2026-01-02 05:24:00
654,195,1,2026-01-02 05:25:00
375,329,0,2026-01-02 05:26:00
743,408,1,2026-01-02 05:27:00
212,478,2,2026-01-02 05:28:00
78,322,1,2026-01-02 05:29:00
725,110,2,2026-01-02 05:30:00
627,257,0,2026-01-02 05:31:00
603,88,1,2026-01-02 05:32:00
781,432,1,2026-01-02 05:33:00
922,197,1,2026-01-02 05:34:00
380,281,2,2026-01-02 05:35:00
679,199,1,2026-01-02 05:36:00
57,98,1,2026-01-02 05:37:00
795,26,0,2026-01-02 05:38:00
25,88,0,2026-01-02 05:39:00
880,145,1,2026-01-02 05:40:00
446,181,1,2026-01-02 05:41:00
65,256,3,2026-01-02 05:42:00
920,188,0,2026-01-02 05:43:00
759,239,0,2026-01-02 05:44:00
253,358,1,2026-01-02 05:45:00
898,386,2,2026-01-02 05:46:00
967,195,2,2026-01-02 05:47:00
43,296,0,2026-01-02 05:48:00
96,164,0,2026-01-02 05:49:00
553,306,0,2026-01-02 05:50:00
226,270,0,2026-01-02 05:51:00
773,7,3,2026-01-02 05:52:00
678,37,0,2026-01-02 05:53:00
435,113,0,2026-01-02 05:54:00
790,338,0,2026-01-02 05:55:00
600,55,0,2026-01-02 05:56:00
378,430,2,2026-01-02 05:57:00
177,473,0,2026-01-02 05:58:00
426,358,0,2026-01-02 05:59:00
914,137,3,2026-01-02 06:00:00
708,101,0,2026-01-02 06:01:00
306,333,1,2026-01-02 06:02:00
778,176,0,2026-01-02 06:03:00
503,168,1,2026-01-02 06:04:00
267,338,0,2026-01-02 06:05:00
585,285,0,2026-01-02 06:06:00
7,260,1,2026-01-02 06:07:00
919,374,0,2026-01-02 06:08:00
507,222,1,2026-01-02 06:09:00
475,198,0,2026-01-02 06:10:00
296,210,1,2026-01-02 06:11:00
163,286,2,2026-01-02 06:12:00
484,179,0,2026-01-02 06:13:00
596,249,0,2026-01-02 06:14:00
71,230,2,2026-01-02 06:15:00
566,471,1,2026-01-02 06:16:00
904,481,0,2026-01-02 06:17:00
558,22,0,2026-01-02 06:18:00
910,47,0,2026-01-02 06:19:00
943,108,0,2026-01-02 06:20:00
237,295,2,2026-01-02 06:21:00
103,5,1,2026-01-02 06:22:00
209,37,1,2026-01-02 06:23:00
553,168,0,2026-01-02 06:24:00
827,355,0,2026-01-02 06:25:00
467,282,2,2026-01-02 06:26:00
453,202,0,2026-01-02 06:27:00
267,324,0,2026-01-02 06:28:00
385,312,0,2026-01-02 06:29:00
774,272,1,2026-01-02 06:30:00
847,243,0,2026-01-02 06:31:00
386,326,0,2026-01-02 06:32:00
876,474,2,2026-01-02 06:33:00
258,46,1,2026-01-02 06:34:00
282,248,0,2026-01-02 06:35:00
625,78,1,2026-01-02 06:36:00
874,109,0,2026-01-02 06:37:00
39,12,0,2026-01-02 06:38:00
485,394,1,2026-01-02 06:39:00
928,379,0,2026-01-02 06:40:00
219,364,0,2026-01-02 06:41:00
128,89,1,2026-01-02 06:42:00
519,341,2,2026-01-02 06:43:00
612,347,1,2026-01-02 06:44:00
927,279,0,2026-01-02 06:45:00
891,220,0,2026-01-02 06:46:00
687,72,0,2026-01-02 06:47:00
618,233,0,2026-01-02 06:48:00
612,259,0,2026-01-02 06:49:00
259,112,1,2026-01-02 06:50:00
989,45,0,2026-01-02 06:51:00
965,273,0,2026-01-02 06:52:00
365,42,1,2026-01-02 06:53:00
757,207,0,2026-01-02 06:54:00
786,416,3,2026-01-02 06:55:00
543,348,0,2026-01-02 06:56:00
648,102,2,2026-01-02 06:57:00
523,123,2,2026-01-02 06:58:00
906,9,2,2026-01-02 06:59:00
813,328,0,2026-01-02 07:00:00
886,186,2,2026-01-02 07:01:00
15,30,0,2026-01-02 07:02:00
128,155,0,2026-01-02 07:03:00
574,59,0,2026-01-02 07:04:00
108,248,0,2026-01-02 07:05:00
886,386,0,2026-01-02 07:06:00
532,373,0,2026-01-02 07:07:00
669,438,0,2026-01-02 07:08:00
268,269,1,2026-01-02 07:09:00
161,441,0,2026-01-02 07:10:00
259,216,1,2026-01-02 07:11:00
923,398,3,2026-01-02 07:12:00
101,1,0,2026-01-02 07:13:00
505,23,1,2026-01-02 07:14:00
734,205,3,2026-01-02 07:15:00
570,319,0,2026-01-02 07:16:00
246,495,0,2026-01-02 07:17:00
639,198,2,2026-01-02 07:18:00
794,355,2,2026-01-02 07:19:00
836,113,1,2026-01-02 07:20:00
536,279,0,2026-01-02 07:21:00
130,154,2,2026-01-02 07:22:00
352,164,0,2026-01-02 07:23:00
195,485,0,2026-01-02 07:24:00
792,221,0,2026-01-02 07:25:00
915,90,0,2026-01-02 07:26:00
929,166,1,2026-01-02 07:27:00
665,446,2,2026-01-02 07:28:00
381,206,1,2026-01-02 07:29:00
644,281,0,2026-01-02 07:30:00
226,64,1,2026-01-02 07:31:00
700,375,1,2026-01-02 07:32:00
475,3,0,2026-01-02 07:33:00
476,156,2,2026-01-02 07:34:00
264,248,2,2026-01-02 07:35:00
371,256,1,2026-01-02 07:36:00
485,234,0,2026-01-02 07:37:00
433,305,1,2026-01-02 07:38:00
645,365,2,2026-01-02 07:39:00
210,469,0,2026-01-02 07:40:00
571,394,2,2026-01-02 07:41:00
939,73,0,2026-01-02 07:42:00
376,186,1,2026-01-02 07:43:00
394,61,1,2026-01-02 07:44:00
449,336,1,2026-01-02 07:45:00
942,163,2,2026-01-02 07:46:00
363,55,0,2026-01-02 07:47:00
875,110,0,2026-01-02 07:48:00
456,217,1,2026-01-02 07:49:00
724,239,0,2026-01-02 07:50:00
727,20,0,2026-01-02 07:51:00
225,140,0,2026-01-02 07:52:00
981,264,0,2026-01-02 07:53:00
130,138,1,2026-01-02 07:54:00
587,458,1,2026-01-02 07:55:00
475,69,0,2026-01-02 07:56:00
797,384,0,2026-01-02 07:57:00
985,117,0,2026-01-02 07:58:00
276,197,0,2026-01-02 07:59:00
155,204,0,2026-01-02 08:00:00
759,213,0,2026-01-02 08:01:00
217,55,1,2026-01-02 08:02:00
189,286,1,2026-01-02 08:03:00
416,469,0,2026-01-02 08:04:00
980,292,1,2026-01-02 08:05:00
674,174,2,2026-01-02 08:06:00
691,346,0,2026-01-02 08:07:00
545,369,0,2026-01-02 08:08:00
40,499,1,2026-01-02 08:09:00
306,461,0,2026-01-02 08:10:00
942,127,1,2026-01-02 08:11:00
337,430,2,2026-01-02 08:12:00
313,377,0,2026-01-02 08:13:00
74,324,1,2026-01-02 08:14:00
952,441,1,2026-01-02 08:15:00
278,291,0,2026-01-02 08:16:00
175,287,0,2026-01-02 08:17:00
895,225,2,2026-01-02 08:18:00
661,63,2,2026-01-02 08:19:00
272,454,1,2026-01-02 08:20:00
836,425,2,2026-01-02 08:21:00
619,47,0,2026-01-02 08:22:00
650,201,0,2026-01-02 08:23:00
861,497,0,2026-01-02 08:24:00
782,336,0,2026-01-02 08:25:00
858,413,2,2026-01-02 08:26:00
930,404,3,2026-01-02 08:27:00
288,59,2,2026-01-02 08:28:00
723,396,1,2026-01-02 08:29:00
892,256,0,2026-01-02 08:30:00
271,64,0,2026-01-02 08:31:00
929,238,0,2026-01-02 08:32:00
65,288,1,2026-01-02 08:33:00
482,37,0,2026-01-02 08:34:00
935,24,2,2026-01-02 08:35:00
247,409,2,2026-01-02 08:36:00
155,460,0,2026-01-02 08:37:00
46,58,0,2026-01-02 08:38:00
934,475,1,2026-01-02 08:39:00
453,416,0,2026-01-02 08:40:00
200,356,1,2026-01-02 08:41:00
659,382,1,2026-01-02 08:42:00
123,296,0,2026-01-02 08:43:00
0,157,0,2026-01-02 08:44:00
967,56,0,2026-01-02 08:45:00
758,432,2,2026-01-02 08:46:00
854,47,0,2026-01-02 08:47:00
639,327,2,2026-01-02 08:48:00
190,432,1,2026-01-02 08:49:00
578,430,1,2026-01-02 08:50:00
515,55,0,2026-01-02 08:51:00
441,64,1,2026-01-02 08:52:00
920,267,1,2026-01-02 08:53:00
814,68,1,2026-01-02 08:54:00
805,215,1,2026-01-02 08:55:00
142,389,1,2026-01-02 08:56:00
190,88,2,2026-01-02 08:57:00
532,448,0,2026-01-02 08:58:00
226,280,2,2026-01-02 08:59:00
312,256,0,2026-01-02 09:00:00
628,159,2,2026-01-02 09:01:00
948,489,2,2026-01-02 09:02:00
301,233,0,2026-01-02 09:03:00
653,130,1,2026-01-02 09:04:00
995,48,1,2026-01-02 09:05:00
459,146,0,2026-01-02 09:06:00
400,315,0,2026-01-02 09:07:00
550,490,0,2026-01-02 09:08:00
392,412,2,2026-01-02 09:09:00
866,433,2,2026-01-02 09:10:00
763,1,1,2026-01-02 09:11:00
844,328,1,2026-01-02 09:12:00
206,439,1,2026-01-02 09:13:00
209,144,0,2026-01-02 09:14:00
114,443,0,2026-01-02 09:15:00
736,365,1,2026-01-02 09:16:00
645,419,2,2026-01-02 09:17:00
250,60,1,2026-01-02 09:18:00
218,272,1,2026-01-02 09:19:00
406,48,1,2026-01-02 09:20:00
442,331,0,2026-01-02 09:21:00
602,443,1,2026-01-02 09:22:00
353,403,0,2026-01-02 09:23:00
887,433,0,2026-01-02 09:24:00
557,130,1,2026-01-02 09:25:00
549,42,1,2026-01-02 09:26:00
141,56,0,2026-01-02 09:27:00
611,49,1,2026-01-02 09:28:00
500,451,1,2026-01-02 09:29:00
839,464,1,2026-01-02 09:30:00
701,177,2,2026-01-02 09:31:00
546,292,0,2026-01-02 09:32:00
658,45,3,2026-01-02 09:33:00
541,169,1,2026-01-02 09:34:00
845,270,1,2026-01-02 09:35:00
506,416,1,2026-01-02 09:36:00
595,335,0,2026-01-02 09:37:00
880,138,0,2026-01-02 09:38:00
280,246,1,2026-01-02 09:39:00
423,147,1,2026-01-02 09:40:00
855,229,1,2026-01-02 09:41:00
269,279,0,2026-01-02 09:42:00
153,124,0,2026-01-02 09:43:00
613,191,0,2026-01-02 09:44:00
726,373,1,2026-01-02 09:45:00
661,79,0,2026-01-02 09:46:00
943,93,1,2026-01-02 09:47:00
82,225,0,2026-01-02 09:48:00
621,64,1,2026-01-02 09:49:00
946,87,0,2026-01-02 09:50:00
898,87,0,2026-01-02 09:51:00
425,200,1,2026-01-02 09:52:00
274,213,1,2026-01-02 09:53:00
712,203,0,2026-01-02 09:54:00
283,400,2,2026-01-02 09:55:00
979,381,0,2026-01-02 09:56:00
172,88,0,2026-01-02 09:57:00
326,475,0,2026-01-02 09:58:00
717,60,0,2026-01-02 09:59:00
62,270,0,2026-01-02 10:00:00
72,93,0,2026-01-02 10:01:00
762,306,1,2026-01-02 10:02:00
635,26,0,2026-01-02 10:03:00
374,213,1,2026-01-02 10:04:00
632,73,0,2026-01-02 10:05:00
507,60,0,2026-01-02 10:06:00
786,185,0,2026-01-02 10:07:00
942,30,1,2026-01-02 10:08:00
397,218,1,2026-01-02 10:09:00
119,11,2,2026-01-02 10:10:00
933,301,0,2026-01-02 10:11:00
436,414,1,2026-01-02 10:12:00
828,31,1,2026-01-02 10:13:00
675,159,0,2026-01-02 10:14:00
935,488,0,2026-01-02 10:15:00
464,236,0,2026-01-02 10:16:00
285,226,1,2026-01-02 10:17:00
264,180,0,2026-01-02 10:18:00
319,316,1,2026-01-02 10:19:00
672,45,1,2026-01-02 10:20:00
375,340,1,2026-01-02 10:21:00
819,457,0,2026-01-02 10:22:00
88,79,1,2026-01-02 10:23:00
653,134,0,2026-01-02 10:24:00
202,259,0,2026-01-02 10:25:00
820,474,1,2026-01-02 10:26:00
738,307,0,2026-01-02 10:27:00
954,246,0,2026-01-02 10:28:00
333,472,0,2026-01-02 10:29:00
221,158,0,2026-01-02 10:30:00
40,202,0,2026-01-02 10:31:00
707,111,0,2026-01-02 10:32:00
67,467,1,2026-01-02 10:33:00
987,291,0,2026-01-02 10:34:00
775,437,3,2026-01-02 10:35:00
513,309,0,2026-01-02 10:36:00
872,118,0,2026-01-02 10:37:00
636,382,1,2026-01-02 10:38:00
621,16,0,2026-01-02 10:39:00
597,492,2,2026-01-02 10:40:00
936,330,1,2026-01-02 10:41:00
631,413,0,2026-01-02 10:42:00
126,226,1,2026-01-02 10:43:00
254,360,0,2026-01-02 10:44:00
694,485,3,2026-01-02 10:45:00
15,405,2,2026-01-02 10:46:00
476,116,1,2026-01-02 10:47:00
61,42,0,2026-01-02 10:48:00
880,367,0,2026-01-02 10:49:00
431,114,0,2026-01-02 10:50:00
669,282,0,2026-01-02 10:51:00
267,36,0,2026-01-02 10:52:00
34,301,2,2026-01-02 10:53:00
778,112,0,2026-01-02 10:54:00
575,34,1,2026-01-02 10:55:00
493,131,1,2026-01-02 10:56:00
561,335,2,2026-01-02 10:57:00
468,335,0,2026-01-02 10:58:00
766,468,0,2026-01-02 10:59:00
660,409,1,2026-01-02 11:00:00
324,376,2,2026-01-02 11:01:00
303,227,2,2026-01-02 11:02:00
275,146,1,2026-01-02 11:03:00
868,121,0,2026-01-02 11:04:00
962,80,1,2026-01-02 11:05:00
683,172,0,2026-01-02 11:06:00
928,153,1,2026-01-02 11:07:00
200,149,1,2026-01-02 11:08:00
444,374,1,2026-01-02 11:09:00
904,57,2,2026-01-02 11:10:00
323,62,1,2026-01-02 11:11:00
34,155,0,2026-01-02 11:12:00
976,448,0,2026-01-02 11:13:00
481,427,2,2026-01-02 11:14:00
727,355,0,2026-01-02 11:15:00
479,426,0,2026-01-02 11:16:00
64,420,0,2026-01-02 11:17:00
7,321,1,2026-01-02 11:18:00
300,400,0,2026-01-02 11:19:00
342,167,2,2026-01-02 11:20:00
430,165,3,2026-01-02 11:21:00
423,84,3,2026-01-02 11:22:00
331,444,0,2026-01-02 11:23:00
437,136,2,2026-01-02 11:24:00
587,460,3,2026-01-02 11:25:00
173,458,2,2026-01-02 11:26:00
558,188,1,2026-01-02 11:27:00
526,463,1,2026-01-02 11:28:00
872,399,0,2026-01-02 11:29:00
658,378,2,2026-01-02 11:30:00
25,1,0,2026-01-02 11:31:00
819,105,0,2026-01-02 11:32:00
604,363,3,2026-01-02 11:33:00
405,71,0,2026-01-02 11:34:00
231,426,0,2026-01-02 11:35:00
532,125,3,2026-01-02 11:36:00
818,169,3,2026-01-02 11:37:00
549,204,0,2026-01-02 11:38:00
787,312,2,2026-01-02 11:39:00
504,336,0,2026-01-02 11:40:00
668,486,0,2026-01-02 11:41:00
178,471,0,2026-01-02 11:42:00
131,194,0,2026-01-02 11:43:00
822,157,0,2026-01-02 11:44:00
454,499,0,2026-01-02 11:45:00
347,140,2,2026-01-02 11:46:00
539,274,1,2026-01-02 11:47:00
771,6,2,2026-01-02 11:48:00
405,392,1,2026-01-02 11:49:00
75,466,0,2026-01-02 11:50:00
940,492,2,2026-01-02 11:51:00
578,53,2,2026-01-02 11:52:00
853,103,0,2026-01-02 11:53:00
491,341,0,2026-01-02 11:54:00
193,337,1,2026-01-02 11:55:00
983,60,1,2026-01-02 11:56:00
161,86,2,2026-01-02 11:57:00
346,257,0,2026-01-02 11:58:00
950,177,0,2026-01-02 11:59:00
360,241,1,2026-01-02 12:00:00
768,202,1,2026-01-02 12:01:00
583,30,0,2026-01-02 12:02:00
86,288,0,2026-01-02 12:03:00
933,461,1,2026-01-02 12:04:00
261,79,1,2026-01-02 12:05:00
213,10,0,2026-01-02 12:06:00
664,416,0,2026-01-02 12:07:00
721,253,2,2026-01-02 12:08:00
912,383,3,2026-01-02 12:09:00
572,390,0,2026-01-02 12:10:00
779,383,0,2026-01-02 12:11:00
261,286,2,2026-01-02 12:12:00
729,175,0,2026-01-02 12:13:00
282,125,1,2026-01-02 12:14:00
647,493,1,2026-01-02 12:15:00
466,46,0,2026-01-02 12:16:00
379,205,1,2026-01-02 12:17:00
361,475,1,2026-01-02 12:18:00
448,436,1,2026-01-02 12:19:00
440,106,0,2026-01-02 12:20:00
92,463,3,2026-01-02 12:21:00
620,274,0,2026-01-02 12:22:00
752,336,1,2026-01-02 12:23:00
866,122,2,2026-01-02 12:24:00
423,473,0,2026-01-02 12:25:00
141,133,1,2026-01-02 12:26:00
290,106,3,2026-01-02 12:27:00
431,304,0,2026-01-02 12:28:00
748,328,0,2026-01-02 12:29:00
851,49,2,2026-01-02 12:30:00
823,336,0,2026-01-02 12:31:00
688,94,0,2026-01-02 12:32:00
652,267,2,2026-01-02 12:33:00
700,22,2,2026-01-02 12:34:00
997,53,3,2026-01-02 12:35:00
48,373,0,2026-01-02 12:36:00
301,253,0,2026-01-02 12:37:00
880,452,0,2026-01-02 12:38:00
189,234,1,2026-01-02 12:39:00
135,483,1,2026-01-02 12:40:00
554,58,0,2026-01-02 12:41:00
403,163,0,2026-01-02 12:42:00
891,258,1,2026-01-02 12:43:00
864,313,1,2026-01-02 12:44:00
601,215,0,2026-01-02 12:45:00
806,182,2,2026-01-02 12:46:00
340,56,0,2026-01-02 12:47:00
756,144,1,2026-01-02 12:48:00
944,422,2,2026-01-02 12:49:00
703,89,1,2026-01-02 12:50:00
317,451,0,2026-01-02 12:51:00
617,310,0,2026-01-02 12:52:00
362,44,2,2026-01-02 12:53:00
821,459,0,2026-01-02 12:54:00
381,256,1,2026-01-02 12:55:00
232,20,3,2026-01-02 12:56:00
776,466,3,2026-01-02 12:57:00
343,20,1,2026-01-02 12:58:00
548,51,2,2026-01-02 12:59:00
816,337,3,2026-01-02 13:00:00
552,170,0,2026-01-02 13:01:00
528,435,0,2026-01-02 13:02:00
855,66,0,2026-01-02 13:03:00
788,112,0,2026-01-02 13:04:00
818,299,2,2026-01-02 13:05:00
570,159,1,2026-01-02 13:06:00
934,265,2,2026-01-02 13:07:00
182,319,1,2026-01-02 13:08:00
40,231,1,2026-01-02 13:09:00
550,462,1,2026-01-02 13:10:00
396,324,0,2026-01-02 13:11:00
703,67,2,2026-01-02 13:12:00
778,27,0,2026-01-02 13:13:00
493,436,1,2026-01-02 13:14:00
658,115,0,2026-01-02 13:15:00
906,50,2,2026-01-02 13:16:00
332,180,2,2026-01-02 13:17:00
126,259,1,2026-01-02 13:18:00
557,78,1,2026-01-02 13:19:00
556,272,1,2026-01-02 13:20:00
0,107,0,2026-01-02 13:21:00
167,450,0,2026-01-02 13:22:00
619,73,1,2026-01-02 13:23:00
18,174,0,2026-01-02 13:24:00
331,489,0,2026-01-02 13:25:00
583,183,0,2026-01-02 13:26:00
455,22,0,2026-01-02 13:27:00
956,273,0,2026-01-02 13:28:00
108,128,0,2026-01-02 13:29:00
267,290,0,2026-01-02 13:30:00
444,319,0,2026-01-02 13:31:00
239,185,1,2026-01-02 13:32:00
928,478,3,2026-01-02 13:33:00
300,58,0,2026-01-02 13:34:00
601,491,2,2026-01-02 13:35:00
102,0,0,2026-01-02 13:36:00
987,130,1,2026-01-02 13:37:00
249,66,1,2026-01-02 13:38:00
452,292,1,2026-01-02 13:39:00
519,466,1,2026-01-02 13:40:00
152,284,0,2026-01-02 13:41:00
858,88,0,2026-01-02 13:42:00
173,416,2,2026-01-02 13:43:00
342,99,0,2026-01-02 13:44:00
669,188,0,2026-01-02 13:45:00
430,476,0,2026-01-02 13:46:00
726,377,0,2026-01-02 13:47:00
688,345,1,2026-01-02 13:48:00
686,387,1,2026-01-02 13:49:00
851,240,0,2026-01-02 13:50:00
849,269,0,2026-01-02 13:51:00
657,497,1,2026-01-02 13:52:00
961,218,1,2026-01-02 13:53:00
323,416,3,2026-01-02 13:54:00
989,405,2,2026-01-02 13:55:00
672,175,2,2026-01-02 13:56:00
638,386,1,2026-01-02 13:57:00
419,470,1,2026-01-02 13:58:00
593,340,0,2026-01-02 13:59:00
484,232,1,2026-01-02 14:00:00
658,150,0,2026-01-02 14:01:00
750,451,2,2026-01-02 14:02:00
411,276,0,2026-01-02 14:03:00
935,228,1,2026-01-02 14:04:00
83,170,0,2026-01-02 14:05:00
112,222,1,2026-01-02 14:06:00
736,212,0,2026-01-02 14:07:00
331,281,0,2026-01-02 14:08:00
377,40,0,2026-01-02 14:09:00
754,121,0,2026-01-02 14:10:00
654,226,0,2026-01-02 14:11:00
40,293,0,2026-01-02 14:12:00
934,87,2,2026-01-02 14:13:00
769,266,0,2026-01-02 14:14:00
958,488,0,2026-01-02 14:15:00
796,28,3,2026-01-02 14:16:00
104,494,1,2026-01-02 14:17:00
201,246,0,2026-01-02 14:18:00
449,315,0,2026-01-02 14:19:00
818,450,2,2026-01-02 14:20:00
842,448,0,2026-01-02 14:21:00
972,243,0,2026-01-02 14:22:00
265,60,1,2026-01-02 14:23:00
909,146,0,2026-01-02 14:24:00
209,173,2,2026-01-02 14:25:00
562,432,0,2026-01-02 14:26:00
117,277,1,2026-01-02 14:27:00
712,333,1,2026-01-02 14:28:00
376,368,0,2026-01-02 14:29:00
550,440,2,2026-01-02 14:30:00
539,378,3,2026-01-02 14:31:00
770,141,0,2026-01-02 14:32:00
83,43,2,2026-01-02 14:33:00
453,143,0,2026-01-02 14:34:00
666,352,2,2026-01-02 14:35:00
628,332,0,2026-01-02 14:36:00
513,485,0,2026-01-02 14:37:00
604,496,0,2026-01-02 14:38:00
677,395,0,2026-01-02 14:39:00
386,54,0,2026-01-02 14:40:00
911,306,2,2026-01-02 14:41:00
349,357,2,2026-01-02 14:42:00
295,422,0,2026-01-02 14:43:00
257,416,0,2026-01-02 14:44:00
80,160,2,2026-01-02 14:45:00
936,284,0,2026-01-02 14:46:00
267,324,0,2026-01-02 14:47:00
418,197,1,2026-01-02 14:48:00
234,158,0,2026-01-02 14:49:00
832,79,0,2026-01-02 14:50:00
310,30,1,2026-01-02 14:51:00
812,472,1,2026-01-02 14:52:00
974,111,0,2026-01-02 14:53:00
985,45,2,2026-01-02 14:54:00
356,352,1,2026-01-02 14:55:00
212,204,0,2026-01-02 14:56:00
573,51,0,2026-01-02 14:57:00
48,137,0,2026-01-02 14:58:00
126,471,0,2026-01-02 14:59:00
222,73,0,2026-01-02 15:00:00
920,40,0,2026-01-02 15:01:00
278,478,0,2026-01-02 15:02:00
407,76,1,2026-01-02 15:03:00
504,386,1,2026-01-02 15:04:00
293,186,1,2026-01-02 15:05:00
795,369,1,2026-01-02 15:06:00
276,51,2,2026-01-02 15:07:00
437,417,1,2026-01-02 15:08:00
106,432,0,2026-01-02 15:09:00
657,411,0,2026-01-02 15:10:00
419,466,2,2026-01-02 15:11:00
610,86,0,2026-01-02 15:12:00
428,108,0,2026-01-02 15:13:00
374,479,1,2026-01-02 15:14:00
72,396,1,2026-01-02 15:15:00
948,224,1,2026-01-02 15:16:00
997,481,0,2026-01-02 15:17:00
633,480,0,2026-01-02 15:18:00
29,247,3,2026-01-02 15:19:00
187,68,0,2026-01-02 15:20:00
363,119,0,2026-01-02 15:21:00
865,66,0,2026-01-02 15:22:00
799,60,2,2026-01-02 15:23:00
450,443,1,2026-01-02 15:24:00
194,326,2,2026-01-02 15:25:00
155,407,0,2026-01-02 15:26:00
171,190,0,2026-01-02 15:27:00
846,469,0,2026-01-02 15:28:00
40,492,2,2026-01-02 15:29:00
62,188,0,2026-01-02 15:30:00
22,150,0,2026-01-02 15:31:00
359,285,1,2026-01-02 15:32:00
74,443,0,2026-01-02 15:33:00
559,401,1,2026-01-02 15:34:00
671,95,2,2026-01-02 15:35:00
824,311,0,2026-01-02 15:36:00
117,308,0,2026-01-02 15:37:00
611,262,0,2026-01-02 15:38:00
379,96,0,2026-01-02 15:39:00
928,452,0,2026-01-02 15:40:00
919,112,1,2026-01-02 15:41:00
678,475,0,2026-01-02 15:42:00
289,124,2,2026-01-02 15:43:00
439,455,0,2026-01-02 15:44:00
667,462,0,2026-01-02 15:45:00
932,435,0,2026-01-02 15:46:00
6,131,1,2026-01-02 15:47:00
195,417,0,2026-01-02 15:48:00
420,452,2,2026-01-02 15:49:00
567,416,1,2026-01-02 15:50:00
832,120,2,2026-01-02 15:51:00
192,196,1,2026-01-02 15:52:00
558,293,0,2026-01-02 15:53:00
147,481,2,2026-01-02 15:54:00
786,121,2,2026-01-02 15:55:00
668,281,3,2026-01-02 15:56:00
201,384,0,2026-01-02 15:57:00
443,259,1,2026-01-02 15:58:00
913,38,0,2026-01-02 15:59:00
987,53,0,2026-01-02 16:00:00
418,473,1,2026-01-02 16:01:00
426,160,3,2026-01-02 16:02:00
478,288,1,2026-01-02 16:03:00
474,199,2,2026-01-02 16:04:00
125,275,0,2026-01-02 16:05:00
394,15,0,2026-01-02 16:06:00
816,404,1,2026-01-02 16:07:00
880,172,0,2026-01-02 16:08:00
805,247,2,2026-01-02 16:09:00
575,382,0,2026-01-02 16:10:00
324,217,0,2026-01-02 16:11:00
391,86,1,2026-01-02 16:12:00
929,81,0,2026-01-02 16:13:00
687,61,2,2026-01-02 16:14:00
627,286,0,2026-01-02 16:15:00
439,499,0,2026-01-02 16:16:00
203,41,2,2026-01-02 16:17:00
485,11,0,2026-01-02 16:18:00
832,320,2,2026-01-02 16:19:00
30,233,0,2026-01-02 16:20:00
387,328,0,2026-01-02 16:21:00
624,130,3,2026-01-02 16:22:00
876,114,2,2026-01-02 16:23:00
433,217,0,2026-01-02 16:24:00
836,136,1,2026-01-02 16:25:00
925,105,2,2026-01-02 16:26:00
375,178,0,2026-01-02 16:27:00
343,15,0,2026-01-02 16:28:00
442,471,1,2026-01-02 16:29:00
578,241,0,2026-01-02 16:30:00
74,333,0,2026-01-02 16:31:00
556,380,2,2026-01-02 16:32:00
771,386,0,2026-01-02 16:33:00
665,225,2,2026-01-02 16:34:00
154,480,1,2026-01-02 16:35:00
429,241,1,2026-01-02 16:36:00
362,407,1,2026-01-02 16:37:00
447,456,0,2026-01-02 16:38:00
986,140,0,2026-01-02 16:39:00
233,385,0,2026-01-02 16:40:00
562,198,1,2026-01-02 16:41:00
817,111,0,2026-01-02 16:42:00
261,126,0,2026-01-02 16:43:00
826,20,3,2026-01-02 16:44:00
124,146,3,2026-01-02 16:45:00
910,88,0,2026-01-02 16:46:00
244,302,0,2026-01-02 16:47:00
541,405,1,2026-01-02 16:48:00
937,202,2,2026-01-02 16:49:00
484,416,0,2026-01-02 16:50:00
121,415,0,2026-01-02 16:51:00
124,447,2,2026-01-02 16:52:00
548,84,2,2026-01-02 16:53:00
169,166,1,2026-01-02 16:54:00
123,383,0,2026-01-02 16:55:00
868,467,0,2026-01-02 16:56:00
34,71,1,2026-01-02 16:57:00
86,297,0,2026-01-02 16:58:00
645,484,0,2026-01-02 16:59:00
707,8,0,2026-01-02 17:00:00
785,280,1,2026-01-02 17:01:00
200,472,1,2026-01-02 17:02:00
368,480,2,2026-01-02 17:03:00
796,257,1,2026-01-02 17:04:00
76,274,2,2026-01-02 17:05:00
58,237,2,2026-01-02 17:06:00
430,19,0,2026-01-02 17:07:00
637,489,0,2026-01-02 17:08:00
499,232,1,2026-01-02 17:09:00
912,489,0,2026-01-02 17:10:00
108,220,2,2026-01-02 17:11:00
735,325,0,2026-01-02 17:12:00
277,16,0,2026-01-02 17:13:00
67,379,1,2026-01-02 17:14:00
68,88,1,2026-01-02 17:15:00
164,485,1,2026-01-02 17:16:00
488,195,1,2026-01-02 17:17:00
304,349,0,2026-01-02 17:18:00
908,83,0,2026-01-02 17:19:00
673,386,2,2026-01-02 17:20:00
364,86,0,2026-01-02 17:21:00
853,306,0,2026-01-02 17:22:00
820,337,0,2026-01-02 17:23:00
378,153,0,2026-01-02 17:24:00
342,439,1,2026-01-02 17:25:00
946,227,1,2026-01-02 17:26:00
898,447,1,2026-01-02 17:27:00
553,263,1,2026-01-02 17:28:00
353,464,0,2026-01-02 17:29:00
415,222,0,2026-01-02 17:30:00
108,420,0,2026-01-02 17:31:00
562,492,0,2026-01-02 17:32:00
761,120,0,2026-01-02 17:33:00
496,480,0,2026-01-02 17:34:00
340,410,1,2026-01-02 17:35:00
941,172,1,2026-01-02 17:36:00
382,3,2,2026-01-02 17:37:00
532,341,1,2026-01-02 17:38:00
299,127,0,2026-01-02 17:39:00
138,473,0,2026-01-02 17:40:00
358,479,0,2026-01-02 17:41:00
835,471,0,2026-01-02 17:42:00
498,109,0,2026-01-02 17:43:00
384,354,0,2026-01-02 17:44:00
603,36,1,2026-01-02 17:45:00
958,479,1,2026-01-02 17:46:00
279,70,1,2026-01-02 17:47:00
636,288,0,2026-01-02 17:48:00
482,30,1,2026-01-02 17:49:00
908,438,1,2026-01-02 17:50:00
110,380,1,2026-01-02 17:51:00
865,267,0,2026-01-02 17:52:00
138,10,1,2026-01-02 17:53:00
995,343,1,2026-01-02 17:54:00
434,327,0,2026-01-02 17:55:00
508,31,0,2026-01-02 17:56:00
272,56,0,2026-01-02 17:57:00
98,165,1,2026-01-02 17:58:00
763,187,1,2026-01-02 17:59:00
849,341,0,2026-01-02 18:00:00
103,481,0,2026-01-02 18:01:00
213,18,2,2026-01-02 18:02:00
760,115,0,2026-01-02 18:03:00
663,467,0,2026-01-02 18:04:00
761,183,0,2026-01-02 18:05:00
786,269,1,2026-01-02 18:06:00
164,32,1,2026-01-02 18:07:00
998,9,0,2026-01-02 18:08:00
852,79,3,2026-01-02 18:09:00
519,191,1,2026-01-02 18:10:00
283,319,0,2026-01-02 18:11:00
516,189,1,2026-01-02 18:12:00
656,67,0,2026-01-02 18:13:00
612,474,1,2026-01-02 18:14:00
163,347,0,2026-01-02 18:15:00
885,124,1,2026-01-02 18:16:00
658,426,0,2026-01-02 18:17:00
63,335,2,2026-01-02 18:18:00
90,58,0,2026-01-02 18:19:00
116,435,1,2026-01-02 18:20:00
865,96,0,2026-01-02 18:21:00
266,495,2,2026-01-02 18:22:00
821,274,1,2026-01-02 18:23:00
684,148,0,2026-01-02 18:24:00
558,277,2,2026-01-02 18:25:00
139,264,0,2026-01-02 18:26:00
245,8,1,2026-01-02 18:27:00
660,456,1,2026-01-02 18:28:00
757,282,0,2026-01-02 18:29:00
394,272,3,2026-01-02 18:30:00
486,427,0,2026-01-02 18:31:00
475,300,0,2026-01-02 18:32:00
516,7,2,2026-01-02 18:33:00
976,207,1,2026-01-02 18:34:00
183,401,0,2026-01-02 18:35:00
19,124,0,2026-01-02 18:36:00
936,122,1,2026-01-02 18:37:00
557,32,0,2026-01-02 18:38:00
523,0,2,2026-01-02 18:39:00
581,203,1,2026-01-02 18:40:00
528,5,0,2026-01-02 18:41:00
882,296,0,2026-01-02 18:42:00
146,438,1,2026-01-02 18:43:00
665,4,0,2026-01-02 18:44:00
303,442,1,2026-01-02 18:45:00
619,79,3,2026-01-02 18:46:00
747,273,1,2026-01-02 18:47:00
819,176,0,2026-01-02 18:48:00
863,337,0,2026-01-02 18:49:00
581,320,1,2026-01-02 18:50:00
694,338,1,2026-01-02 18:51:00
761,437,1,2026-01-02 18:52:00
227,444,0,2026-01-02 18:53:00
101,135,2,2026-01-02 18:54:00
586,386,0,2026-01-02 18:55:00
416,24,1,2026-01-02 18:56:00
957,324,1,2026-01-02 18:57:00
215,182,1,2026-01-02 18:58:00
406,167,0,2026-01-02 18:59:00
398,466,1,2026-01-02 19:00:00
922,337,0,2026-01-02 19:01:00
714,177,1,2026-01-02 19:02:00
703,372,0,2026-01-02 19:03:00
760,94,0,2026-01-02 19:04:00
498,32,0,2026-01-02 19:05:00
753,110,2,2026-01-02 19:06:00
464,145,1,2026-01-02 19:07:00
690,380,1,2026-01-02 19:08:00
948,440,1,2026-01-02 19:09:00
973,230,2,2026-01-02 19:10:00
730,271,0,2026-01-02 19:11:00
81,335,1,2026-01-02 19:12:00
603,494,1,2026-01-02 19:13:00
946,37,0,2026-01-02 19:14:00
686,424,0,2026-01-02 19:15:00
750,134,0,2026-01-02 19:16:00
771,333,0,2026-01-02 19:17:00
902,234,0,2026-01-02 19:18:00
364,436,0,2026-01-02 19:19:00
162,318,1,2026-01-02 19:20:00
47,367,0,2026-01-02 19:21:00
510,344,0,2026-01-02 19:22:00
328,159,2,2026-01-02 19:23:00
839,37,1,2026-01-02 19:24:00
115,149,0,2026-01-02 19:25:00
940,399,1,2026-01-02 19:26:00
848,307,0,2026-01-02 19:27:00
336,28,0,2026-01-02 19:28:00
880,143,0,2026-01-02 19:29:00
736,75,3,2026-01-02 19:30:00
863,144,1,2026-01-02 19:31:00
839,228,1,2026-01-02 19:32:00
146,63,3,2026-01-02 19:33:00
574,346,2,2026-01-02 19:34:00
805,344,1,2026-01-02 19:35:00
322,268,1,2026-01-02 19:36:00
442,327,0,2026-01-02 19:37:00
836,183,0,2026-01-02 19:38:00
12,260,1,2026-01-02 19:39:00
942,267,1,2026-01-02 19:40:00
493,168,3,2026-01-02 19:41:00
700,258,0,2026-01-02 19:42:00
286,226,1,2026-01-02 19:43:00
719,32,1,2026-01-02 19:44:00
113,376,0,2026-01-02 19:45:00
479,213,1,2026-01-02 19:46:00
21,49,1,2026-01-02 19:47:00
348,439,0,2026-01-02 19:48:00
725,491,1,2026-01-02 19:49:00
682,392,0,2026-01-02 19:50:00
834,488,0,2026-01-02 19:51:00
565,209,1,2026-01-02 19:52:00
905,433,0,2026-01-02 19:53:00
809,28,0,2026-01-02 19:54:00
319,38,0,2026-01-02 19:55:00
125,346,0,2026-01-02 19:56:00
276,99,0,2026-01-02 19:57:00
975,172,0,2026-01-02 19:58:00
203,16,1,2026-01-02 19:59:00
193,55,2,2026-01-02 20:00:00
680,225,0,2026-01-02 20:01:00
663,45,0,2026-01-02 20:02:00
546,66,0,2026-01-02 20:03:00
695,196,0,2026-01-02 20:04:00
285,141,1,2026-01-02 20:05:00
56,322,2,2026-01-02 20:06:00
733,22,2,2026-01-02 20:07:00
302,486,0,2026-01-02 20:08:00
162,93,2,2026-01-02 20:09:00
18,241,0,2026-01-02 20:10:00
369,236,1,2026-01-02 20:11:00
263,444,1,2026-01-02 20:12:00
793,406,1,2026-01-02 20:13:00
112,410,0,2026-01-02 20:14:00
487,53,0,2026-01-02 20:15:00
326,137,1,2026-01-02 20:16:00
541,472,0,2026-01-02 20:17:00
646,332,0,2026-01-02 20:18:00
578,271,1,2026-01-02 20:19:00
64,40,0,2026-01-02 20:20:00
291,97,1,2026-01-02 20:21:00
24,182,0,2026-01-02 20:22:00
548,127,2,2026-01-02 20:23:00
0,228,0,2026-01-02 20:24:00
910,316,2,2026-01-02 20:25:00
548,85,0,2026-01-02 20:26:00
140,255,1,2026-01-02 20:27:00
743,208,2,2026-01-02 20:28:00
647,214,0,2026-01-02 20:29:00
900,373,0,2026-01-02 20:30:00
187,99,0,2026-01-02 20:31:00
127,48,0,2026-01-02 20:32:00
200,200,1,2026-01-02 20:33:00
126,435,0,2026-01-02 20:34:00
256,257,2,2026-01-02 20:35:00
675,479,1,2026-01-02 20:36:00
546,375,0,2026-01-02 20:37:00
193,177,2,2026-01-02 20:38:00
702,244,0,2026-01-02 20:39:00
103,122,0,2026-01-02 20:40:00
534,341,0,2026-01-02 20:41:00
264,170,1,2026-01-02 20:42:00
801,332,0,2026-01-02 20:43:00
941,135,1,2026-01-02 20:44:00
973,58,0,2026-01-02 20:45:00
383,192,3,2026-01-02 20:46:00
259,464,1,2026-01-02 20:47:00
413,267,0,2026-01-02 20:48:00
990,259,1,2026-01-02 20:49:00
357,372,1,2026-01-02 20:50:00
74,460,0,2026-01-02 20:51:00
354,94,0,2026-01-02 20:52:00
583,124,0,2026-01-02 20:53:00
770,40,2,2026-01-02 20:54:00
909,378,1,2026-01-02 20:55:00
187,253,0,2026-01-02 20:56:00
972,6,0,2026-01-02 20:57:00
684,470,0,2026-01-02 20:58:00
991,215,1,2026-01-02 20:59:00
289,68,1,2026-01-02 21:00:00
44,68,3,2026-01-02 21:01:00
572,80,0,2026-01-02 21:02:00
82,29,0,2026-01-02 21:03:00
122,72,0,2026-01-02 21:04:00
357,261,2,2026-01-02 21:05:00
527,88,0,2026-01-02 21:06:00
65,402,0,2026-01-02 21:07:00
935,207,1,2026-01-02 21:08:00
656,212,0,2026-01-02 21:09:00
374,321,0,2026-01-02 21:10:00
161,265,1,2026-01-02 21:11:00
745,399,0,2026-01-02 21:12:00
379,292,0,2026-01-02 21:13:00
655,206,0,2026-01-02 21:14:00
357,332,0,2026-01-02 21:15:00
187,76,0,2026-01-02 21:16:00
321,287,2,2026-01-02 21:17:00
449,492,0,2026-01-02 21:18:00
473,46,1,2026-01-02 21:19:00
12,109,0,2026-01-02 21:20:00
183,199,0,2026-01-02 21:21:00
110,426,0,2026-01-02 21:22:00
926,209,0,2026-01-02 21:23:00
507,375,0,2026-01-02 21:24:00
289,419,0,2026-01-02 21:25:00
294,153,1,2026-01-02 21:26:00
450,9,0,2026-01-02 21:27:00
903,414,3,2026-01-02 21:28:00
214,352,0,2026-01-02 21:29:00
973,156,0,2026-01-02 21:30:00
631,260,0,2026-01-02 21:31:00
893,76,0,2026-01-02 21:32:00
566,256,1,2026-01-02 21:33:00
26,470,1,2026-01-02 21:34:00
629,487,0,2026-01-02 21:35:00
732,130,0,2026-01-02 21:36:00
230,66,1,2026-01-02 21:37:00
564,454,0,2026-01-02 21:38:00
806,227,0,2026-01-02 21:39:00
320,162,0,2026-01-02 21:40:00
912,14,0,2026-01-02 21:41:00
232,231,0,2026-01-02 21:42:00
669,194,2,2026-01-02 21:43:00
436,348,1,2026-01-02 21:44:00
780,29,1,2026-01-02 21:45:00
532,358,0,2026-01-02 21:46:00
402,337,1,2026-01-02 21:47:00
52,330,1,2026-01-02 21:48:00
786,426,1,2026-01-02 21:49:00
312,496,0,2026-01-02 21:50:00
280,315,3,2026-01-02 21:51:00
725,485,0,2026-01-02 21:52:00
30,295,2,2026-01-02 21:53:00
336,448,0,2026-01-02 21:54:00
182,412,0,2026-01-02 21:55:00
22,329,0,2026-01-02 21:56:00
543,219,1,2026-01-02 21:57:00
445,376,0,2026-01-02 21:58:00
73,478,2,2026-01-02 21:59:00
9,146,2,2026-01-02 22:00:00
483,258,1,2026-01-02 22:01:00
455,291,1,2026-01-02 22:02:00
565,298,1,2026-01-02 22:03:00
563,142,1,2026-01-02 22:04:00
659,480,0,2026-01-02 22:05:00
159,424,1,2026-01-02 22:06:00
881,234,2,2026-01-02 22:07:00
13,114,0,2026-01-02 22:08:00
177,364,2,2026-01-02 22:09:00
411,89,0,2026-01-02 22:10:00
877,207,0,2026-01-02 22:11:00
52,163,0,2026-01-02 22:12:00
407,480,0,2026-01-02 22:13:00
846,83,2,2026-01-02 22:14:00
21,76,2,2026-01-02 22:15:00
29,160,1,2026-01-02 22:16:00
702,4,3,2026-01-02 22:17:00
259,484,0,2026-01-02 22:18:00
204,77,0,2026-01-02 22:19:00
58,90,1,2026-01-02 22:20:00
470,86,2,2026-01-02 22:21:00
775,269,0,2026-01-02 22:22:00
465,103,3,2026-01-02 22:23:00
11,451,1,2026-01-02 22:24:00
630,486,3,2026-01-02 22:25:00
926,499,0,2026-01-02 22:26:00
973,338,0,2026-01-02 22:27:00
289,174,1,2026-01-02 22:28:00
849,53,1,2026-01-02 22:29:00
759,387,0,2026-01-02 22:30:00
353,477,2,2026-01-02 22:31:00
638,210,2,2026-01-02 22:32:00
74,94,0,2026-01-02 22:33:00
872,222,0,2026-01-02 22:34:00
715,8,0,2026-01-02 22:35:00
560,52,0,2026-01-02 22:36:00
590,76,1,2026-01-02 22:37:00
440,205,0,2026-01-02 22:38:00
990,315,1,2026-01-02 22:39:00
240,301,1,2026-01-02 22:40:00
860,309,0,2026-01-02 22:41:00
153,329,1,2026-01-02 22:42:00
785,111,0,2026-01-02 22:43:00
95,350,0,2026-01-02 22:44:00
725,164,1,2026-01-02 22:45:00
293,278,3,2026-01-02 22:46:00
208,26,0,2026-01-02 22:47:00
342,69,0,2026-01-02 22:48:00
87,217,0,2026-01-02 22:49:00
817,449,0,2026-01-02 22:50:00
775,364,0,2026-01-02 22:51:00
936,188,1,2026-01-02 22:52:00
389,332,0,2026-01-02 22:53:00
324,434,3,2026-01-02 22:54:00
939,305,0,2026-01-02 22:55:00
888,123,2,2026-01-02 22:56:00
831,18,2,2026-01-02 22:57:00
156,256,1,2026-01-02 22:58:00
667,295,0,2026-01-02 22:59:00
650,415,1,2026-01-02 23:00:00
632,21,1,2026-01-02 23:01:00
576,367,2,2026-01-02 23:02:00
618,476,1,2026-01-02 23:03:00
658,449,0,2026-01-02 23:04:00
136,39,2,2026-01-02 23:05:00
922,37,3,2026-01-02 23:06:00
673,47,1,2026-01-02 23:07:00
427,182,2,2026-01-02 23:08:00
451,74,1,2026-01-02 23:09:00
611,208,1,2026-01-02 23:10:00
849,182,1,2026-01-02 23:11:00
910,434,1,2026-01-02 23:12:00
818,106,0,2026-01-02 23:13:00
140,187,1,2026-01-02 23:14:00
82,263,1,2026-01-02 23:15:00
176,85,0,2026-01-02 23:16:00
197,323,0,2026-01-02 23:17:00
623,330,1,2026-01-02 23:18:00
567,455,1,2026-01-02 23:19:00
971,136,0,2026-01-02 23:20:00
690,345,2,2026-01-02 23:21:00
420,385,2,2026-01-02 23:22:00
400,335,0,2026-01-02 23:23:00
697,94,0,2026-01-02 23:24:00
470,325,2,2026-01-02 23:25:00
217,244,2,2026-01-02 23:26:00
924,468,0,2026-01-02 23:27:00
928,89,0,2026-01-02 23:28:00
827,58,0,2026-01-02 23:29:00
986,402,1,2026-01-02 23:30:00
728,27,0,2026-01-02 23:31:00
631,71,1,2026-01-02 23:32:00
950,269,0,2026-01-02 23:33:00
905,23,2,2026-01-02 23:34:00
174,111,0,2026-01-02 23:35:00
22,299,1,2026-01-02 23:36:00
724,484,3,2026-01-02 23:37:00
916,55,0,2026-01-02 23:38:00
234,473,0,2026-01-02 23:39:00
12,222,1,2026-01-02 23:40:00
100,119,0,2026-01-02 23:41:00
928,178,2,2026-01-02 23:42:00
535,287,0,2026-01-02 23:43:00
875,433,0,2026-01-02 23:44:00
522,424,2,2026-01-02 23:45:00
784,449,1,2026-01-02 23:46:00
451,280,1,2026-01-02 23:47:00
430,371,0,2026-01-02 23:48:00
792,491,0,2026-01-02 23:49:00
605,188,2,2026-01-02 23:50:00
712,65,0,2026-01-02 23:51:00
532,297,0,2026-01-02 23:52:00
851,448,0,2026-01-02 23:53:00
978,419,0,2026-01-02 23:54:00
722,248,1,2026-01-02 23:55:00
651,75,2,2026-01-02 23:56:00
292,136,1,2026-01-02 23:57:00
809,163,1,2026-01-02 23:58:00
912,232,1,2026-01-02 23:59:00
100,254,1,2026-01-03 00:00:00
501,475,1,2026-01-03 00:01:00
303,293,0,2026-01-03 00:02:00
870,416,0,2026-01-03 00:03:00
539,169,2,2026-01-03 00:04:00
552,316,0,2026-01-03 00:05:00
354,173,0,2026-01-03 00:06:00
302,469,1,2026-01-03 00:07:00
495,344,1,2026-01-03 00:08:00
657,444,1,2026-01-03 00:09:00
767,17,0,2026-01-03 00:10:00
973,69,3,2026-01-03 00:11:00
226,337,1,2026-01-03 00:12:00
235,115,2,2026-01-03 00:13:00
872,79,0,2026-01-03 00:14:00
891,14,0,2026-01-03 00:15:00
454,175,0,2026-01-03 00:16:00
12,455,0,2026-01-03 00:17:00
209,268,0,2026-01-03 00:18:00
740,118,0,2026-01-03 00:19:00
396,298,1,2026-01-03 00:20:00
99,187,1,2026-01-03 00:21:00
30,56,1,2026-01-03 00:22:00
897,198,0,2026-01-03 00:23:00
527,16,0,2026-01-03 00:24:00
648,433,0,2026-01-03 00:25:00
328,287,0,2026-01-03 00:26:00
165,405,0,2026-01-03 00:27:00
458,54,0,2026-01-03 00:28:00
821,498,2,2026-01-03 00:29:00
951,440,2,2026-01-03 00:30:00
981,268,1,2026-01-03 00:31:00
992,302,2,2026-01-03 00:32:00
99,86,1,2026-01-03 00:33:00
620,317,2,2026-01-03 00:34:00
854,437,1,2026-01-03 00:35:00
172,28,1,2026-01-03 00:36:00
748,21,1,2026-01-03 00:37:00
161,320,0,2026-01-03 00:38:00
904,284,1,2026-01-03 00:39:00
727,47,2,2026-01-03 00:40:00
775,4,1,2026-01-03 00:41:00
262,249,0,2026-01-03 00:42:00
803,162,0,2026-01-03 00:43:00
273,201,2,2026-01-03 00:44:00
2,466,3,2026-01-03 00:45:00
27,100,0,2026-01-03 00:46:00
325,70,2,2026-01-03 00:47:00
939,429,2,2026-01-03 00:48:00
148,162,0,2026-01-03 00:49:00
539,172,2,2026-01-03 00:50:00
487,140,0,2026-01-03 00:51:00
821,137,1,2026-01-03 00:52:00
437,65,1,2026-01-03 00:53:00
64,197,1,2026-01-03 00:54:00
355,327,1,2026-01-03 00:55:00
532,227,0,2026-01-03 00:56:00
251,280,2,2026-01-03 00:57:00
234,171,2,2026-01-03 00:58:00
226,315,1,2026-01-03 00:59:00
524,430,0,2026-01-03 01:00:00
312,39,0,2026-01-03 01:01:00
48,6,0,2026-01-03 01:02:00
117,173,2,2026-01-03 01:03:00
53,150,0,2026-01-03 01:04:00
649,210,3,2026-01-03 01:05:00
564,301,2,2026-01-03 01:06:00
43,85,1,2026-01-03 01:07:00
814,396,1,2026-01-03 01:08:00
52,252,1,2026-01-03 01:09:00
585,20,1,2026-01-03 01:10:00
557,256,0,2026-01-03 01:11:00
524,378,2,2026-01-03 01:12:00
676,402,1,2026-01-03 01:13:00
101,380,1,2026-01-03 01:14:00
791,443,1,2026-01-03 01:15:00
769,32,0,2026-01-03 01:16:00
981,259,0,2026-01-03 01:17:00
848,233,2,2026-01-03 01:18:00
867,2,0,2026-01-03 01:19:00
397,346,1,2026-01-03 01:20:00
137,307,0,2026-01-03 01:21:00
674,488,0,2026-01-03 01:22:00
920,226,0,2026-01-03 01:23:00
386,283,2,2026-01-03 01:24:00
110,69,1,2026-01-03 01:25:00
613,453,1,2026-01-03 01:26:00
16,438,2,2026-01-03 01:27:00
779,312,0,2026-01-03 01:28:00
181,363,0,2026-01-03 01:29:00
883,470,1,2026-01-03 01:30:00
535,253,1,2026-01-03 01:31:00
540,480,0,2026-01-03 01:32:00
170,143,3,2026-01-03 01:33:00
408,23,2,2026-01-03 01:34:00
739,452,0,2026-01-03 01:35:00
377,424,0,2026-01-03 01:36:00
187,233,2,2026-01-03 01:37:00
857,332,0,2026-01-03 01:38:00
229,174,0,2026-01-03 01:39:00
832,331,1,2026-01-03 01:40:00
851,324,0,2026-01-03 01:41:00
118,356,0,2026-01-03 01:42:00
155,158,0,2026-01-03 01:43:00
783,347,1,2026-01-03 01:44:00
686,347,1,2026-01-03 01:45:00
464,285,0,2026-01-03 01:46:00
103,17,0,2026-01-03 01:47:00
603,43,1,2026-01-03 01:48:00
697,154,2,2026-01-03 01:49:00
971,354,2,2026-01-03 01:50:00
794,409,0,2026-01-03 01:51:00
501,376,1,2026-01-03 01:52:00
692,230,1,2026-01-03 01:53:00
681,496,2,2026-01-03 01:54:00
698,370,1,2026-01-03 01:55:00
174,315,0,2026-01-03 01:56:00
733,401,1,2026-01-03 01:57:00
744,224,0,2026-01-03 01:58:00
673,216,0,2026-01-03 01:59:00
420,55,1,2026-01-03 02:00:00
133,30,3,2026-01-03 02:01:00
390,356,0,2026-01-03 02:02:00
991,58,1,2026-01-03 02:03:00
735,379,0,2026-01-03 02:04:00
500,385,2,2026-01-03 02:05:00
664,352,1,2026-01-03 02:06:00
32,422,0,2026-01-03 02:07:00
54,444,0,2026-01-03 02:08:00
953,234,0,2026-01-03 02:09:00
518,106,0,2026-01-03 02:10:00
755,190,0,2026-01-03 02:11:00
824,479,1,2026-01-03 02:12:00
637,17,0,2026-01-03 02:13:00
11,400,1,2026-01-03 02:14:00
527,225,0,2026-01-03 02:15:00
719,166,1,2026-01-03 02:16:00
554,70,0,2026-01-03 02:17:00
372,361,0,2026-01-03 02:18:00
483,53,1,2026-01-03 02:19:00
972,244,0,2026-01-03 02:20:00
646,482,2,2026-01-03 02:21:00
227,349,1,2026-01-03 02:22:00
622,75,1,2026-01-03 02:23:00
306,34,0,2026-01-03 02:24:00
456,266,0,2026-01-03 02:25:00
159,316,0,2026-01-03 02:26:00
330,299,1,2026-01-03 02:27:00
775,120,0,2026-01-03 02:28:00
224,323,0,2026-01-03 02:29:00
982,24,0,2026-01-03 02:30:00
728,431,0,2026-01-03 02:31:00
503,159,0,2026-01-03 02:32:00
455,83,0,2026-01-03 02:33:00
44,113,0,2026-01-03 02:34:00
213,222,0,2026-01-03 02:35:00
58,387,0,2026-01-03 02:36:00
643,165,1,2026-01-03 02:37:00
615,190,0,2026-01-03 02:38:00
194,174,0,2026-01-03 02:39:00
924,0,0,2026-01-03 02:40:00
488,386,0,2026-01-03 02:41:00
156,228,0,2026-01-03 02:42:00
609,85,2,2026-01-03 02:43:00
225,61,2,2026-01-03 02:44:00
411,319,0,2026-01-03 02:45:00
204,400,2,2026-01-03 02:46:00
78,381,0,2026-01-03 02:47:00
123,205,0,2026-01-03 02:48:00
470,104,3,2026-01-03 02:49:00
939,317,2,2026-01-03 02:50:00
217,290,3,2026-01-03 02:51:00
515,249,0,2026-01-03 02:52:00
601,12,0,2026-01-03 02:53:00
103,162,1,2026-01-03 02:54:00
392,42,1,2026-01-03 02:55:00
630,385,0,2026-01-03 02:56:00
644,439,2,2026-01-03 02:57:00
823,110,1,2026-01-03 02:58:00
607,204,0,2026-01-03 02:59:00
979,383,1,2026-01-03 03:00:00
433,255,1,2026-01-03 03:01:00
330,306,0,2026-01-03 03:02:00
142,437,3,2026-01-03 03:03:00
799,143,0,2026-01-03 03:04:00
539,145,0,2026-01-03 03:05:00
277,390,2,2026-01-03 03:06:00
232,300,3,2026-01-03 03:07:00
528,163,2,2026-01-03 03:08:00
570,168,2,2026-01-03 03:09:00
89,477,1,2026-01-03 03:10:00
491,297,2,2026-01-03 03:11:00
198,232,0,2026-01-03 03:12:00
361,390,1,2026-01-03 03:13:00
440,270,1,2026-01-03 03:14:00
25,59,0,2026-01-03 03:15:00
24,295,1,2026-01-03 03:16:00
393,466,1,2026-01-03 03:17:00
506,234,1,2026-01-03 03:18:00
300,164,0,2026-01-03 03:19:00
338,193,2,2026-01-03 03:20:00
266,233,0,2026-01-03 03:21:00
460,367,0,2026-01-03 03:22:00
692,182,2,2026-01-03 03:23:00
455,332,1,2026-01-03 03:24:00
359,231,0,2026-01-03 03:25:00
67,360,0,2026-01-03 03:26:00
862,490,1,2026-01-03 03:27:00
411,106,3,2026-01-03 03:28:00
970,377,2,2026-01-03 03:29:00
490,222,1,2026-01-03 03:30:00
832,79,0,2026-01-03 03:31:00
48,233,0,2026-01-03 03:32:00
686,380,0,2026-01-03 03:33:00
563,183,0,2026-01-03 03:34:00
101,427,0,2026-01-03 03:35:00
215,184,0,2026-01-03 03:36:00
437,133,1,2026-01-03 03:37:00
699,219,0,2026-01-03 03:38:00
568,287,1,2026-01-03 03:39:00
558,363,2,2026-01-03 03:40:00
158,201,1,2026-01-03 03:41:00
488,369,1,2026-01-03 03:42:00
685,145,1,2026-01-03 03:43:00
241,323,0,2026-01-03 03:44:00
793,126,0,2026-01-03 03:45:00
752,456,0,2026-01-03 03:46:00
881,134,0,2026-01-03 03:47:00
4,113,1,2026-01-03 03:48:00
595,263,2,2026-01-03 03:49:00
819,63,3,2026-01-03 03:50:00
360,490,0,2026-01-03 03:51:00
458,134,3,2026-01-03 03:52:00
247,40,0,2026-01-03 03:53:00
565,295,2,2026-01-03 03:54:00
672,2,0,2026-01-03 03:55:00
945,400,0,2026-01-03 03:56:00
421,193,0,2026-01-03 03:57:00
922,462,2,2026-01-03 03:58:00
737,109,0,2026-01-03 03:59:00
14,220,0,2026-01-03 04:00:00
735,369,2,2026-01-03 04:01:00
572,367,2,2026-01-03 04:02:00
121,435,0,2026-01-03 04:03:00
276,405,1,2026-01-03 04:04:00
557,3,0,2026-01-03 04:05:00
452,243,0,2026-01-03 04:06:00
389,389,0,2026-01-03 04:07:00
293,165,0,2026-01-03 04:08:00
573,25,1,2026-01-03 04:09:00
597,394,1,2026-01-03 04:10:00
445,473,0,2026-01-03 04:11:00
209,16,1,2026-01-03 04:12:00
589,215,1,2026-01-03 04:13:00
713,91,0,2026-01-03 04:14:00
301,482,0,2026-01-03 04:15:00
908,30,1,2026-01-03 04:16:00
222,204,1,2026-01-03 04:17:00
733,418,1,2026-01-03 04:18:00
2,399,1,2026-01-03 04:19:00
989,206,0,2026-01-03 04:20:00
517,106,1,2026-01-03 04:21:00
92,145,0,2026-01-03 04:22:00
519,366,2,2026-01-03 04:23:00
427,100,1,2026-01-03 04:24:00
492,367,0,2026-01-03 04:25:00
234,317,0,2026-01-03 04:26:00
619,367,2,2026-01-03 04:27:00
160,240,0,2026-01-03 04:28:00
720,488,1,2026-01-03 04:29:00
751,410,1,2026-01-03 04:30:00
330,246,1,2026-01-03 04:31:00
332,162,0,2026-01-03 04:32:00
49,371,1,2026-01-03 04:33:00
522,172,2,2026-01-03 04:34:00
862,34,3,2026-01-03 04:35:00
667,283,1,2026-01-03 04:36:00
491,358,3,2026-01-03 04:37:00
581,380,1,2026-01-03 04:38:00
680,357,0,2026-01-03 04:39:00
271,392,1,2026-01-03 04:40:00
579,459,0,2026-01-03 04:41:00
866,398,0,2026-01-03 04:42:00
251,20,0,2026-01-03 04:43:00
559,307,2,2026-01-03 04:44:00
695,162,1,2026-01-03 04:45:00
831,489,1,2026-01-03 04:46:00
698,96,0,2026-01-03 04:47:00
89,306,0,2026-01-03 04:48:00
445,338,0,2026-01-03 04:49:00
331,54,1,2026-01-03 04:50:00
138,470,0,2026-01-03 04:51:00
356,332,0,2026-01-03 04:52:00
600,126,0,2026-01-03 04:53:00
273,427,1,2026-01-03 04:54:00
18,192,2,2026-01-03 04:55:00
982,242,1,2026-01-03 04:56:00
310,348,0,2026-01-03 04:57:00
869,87,0,2026-01-03 04:58:00
885,335,0,2026-01-03 04:59:00
977,408,0,2026-01-03 05:00:00
153,214,0,2026-01-03 05:01:00
389,91,0,2026-01-03 05:02:00
259,302,0,2026-01-03 05:03:00
619,463,0,2026-01-03 05:04:00
882,234,0,2026-01-03 05:05:00
796,183,1,2026-01-03 05:06:00
570,37,3,2026-01-03 05:07:00
124,138,2,2026-01-03 05:08:00
353,194,0,2026-01-03 05:09:00
272,14,0,2026-01-03 05:10:00
618,256,2,2026-01-03 05:11:00
810,134,0,2026-01-03 05:12:00
244,0,2,2026-01-03 05:13:00
847,48,1,2026-01-03 05:14:00
449,95,2,2026-01-03 05:15:00
929,200,2,2026-01-03 05:16:00
246,412,1,2026-01-03 05:17:00
519,25,1,2026-01-03 05:18:00
140,342,0,2026-01-03 05:19:00
361,428,0,2026-01-03 05:20:00
7,234,0,2026-01-03 05:21:00
477,348,0,2026-01-03 05:22:00
351,243,0,2026-01-03 05:23:00
995,357,0,2026-01-03 05:24:00
494,480,2,2026-01-03 05:25:00
605,326,0,2026-01-03 05:26:00
832,395,0,2026-01-03 05:27:00
426,350,0,2026-01-03 05:28:00
38,415,1,2026-01-03 05:29:00
592,373,0,2026-01-03 05:30:00
186,403,3,2026-01-03 05:31:00
595,374,1,2026-01-03 05:32:00
599,50,1,2026-01-03 05:33:00
753,80,0,2026-01-03 05:34:00
853,35,0,2026-01-03 05:35:00
92,66,2,2026-01-03 05:36:00
85,128,0,2026-01-03 05:37:00
43,369,0,2026-01-03 05:38:00
136,154,0,2026-01-03 05:39:00
420,244,3,2026-01-03 05:40:00
73,110,0,2026-01-03 05:41:00
547,167,2,2026-01-03 05:42:00
612,480,0,2026-01-03 05:43:00
987,467,1,2026-01-03 05:44:00
511,141,1,2026-01-03 05:45:00
155,355,0,2026-01-03 05:46:00
937,196,0,2026-01-03 05:47:00
254,470,0,2026-01-03 05:48:00
170,108,0,2026-01-03 05:49:00
980,375,2,2026-01-03 05:50:00
727,78,0,2026-01-03 05:51:00
169,389,1,2026-01-03 05:52:00
763,160,0,2026-01-03 05:53:00
871,438,0,2026-01-03 05:54:00
321,18,1,2026-01-03 05:55:00
566,126,1,2026-01-03 05:56:00
455,204,0,2026-01-03 05:57:00
943,28,1,2026-01-03 05:58:00
602,444,0,2026-01-03 05:59:00
789,453,2,2026-01-03 06:00:00
612,206,0,2026-01-03 06:01:00
154,463,0,2026-01-03 06:02:00
888,279,1,2026-01-03 06:03:00
348,150,0,2026-01-03 06:04:00
450,239,0,2026-01-03 06:05:00
875,265,0,2026-01-03 06:06:00
652,181,2,2026-01-03 06:07:00
172,104,3,2026-01-03 06:08:00
9,424,1,2026-01-03 06:09:00
739,432,0,2026-01-03 06:10:00
264,400,1,2026-01-03 06:11:00
437,496,0,2026-01-03 06:12:00
759,439,0,2026-01-03 06:13:00
246,235,3,2026-01-03 06:14:00
666,172,0,2026-01-03 06:15:00
545,157,0,2026-01-03 06:16:00
498,171,2,2026-01-03 06:17:00
128,493,1,2026-01-03 06:18:00
671,457,0,2026-01-03 06:19:00
600,310,0,2026-01-03 06:20:00
604,402,1,2026-01-03 06:21:00
326,156,0,2026-01-03 06:22:00
752,257,0,2026-01-03 06:23:00
834,163,0,2026-01-03 06:24:00
979,146,3,2026-01-03 06:25:00
403,390,0,2026-01-03 06:26:00
628,153,0,2026-01-03 06:27:00
605,462,0,2026-01-03 06:28:00
674,366,0,2026-01-03 06:29:00
610,37,0,2026-01-03 06:30:00
624,130,2,2026-01-03 06:31:00
358,357,2,2026-01-03 06:32:00
602,254,0,2026-01-03 06:33:00
857,207,2,2026-01-03 06:34:00
717,449,0,2026-01-03 06:35:00
16,94,1,2026-01-03 06:36:00
273,347,0,2026-01-03 06:37:00
684,326,2,2026-01-03 06:38:00
115,477,0,2026-01-03 06:39:00
860,170,1,2026-01-03 06:40:00
979,249,1,2026-01-03 06:41:00
692,189,0,2026-01-03 06:42:00
90,198,0,2026-01-03 06:43:00
81,483,0,2026-01-03 06:44:00
323,220,1,2026-01-03 06:45:00
960,23,0,2026-01-03 06:46:00
113,243,1,2026-01-03 06:47:00
768,422,2,2026-01-03 06:48:00
57,323,0,2026-01-03 06:49:00
153,127,0,2026-01-03 06:50:00
876,92,1,2026-01-03 06:51:00
403,299,1,2026-01-03 06:52:00
627,132,3,2026-01-03 06:53:00
854,54,0,2026-01-03 06:54:00
265,476,0,2026-01-03 06:55:00
314,157,2,2026-01-03 06:56:00
714,28,2,2026-01-03 06:57:00
40,409,1,2026-01-03 06:58:00
104,210,0,2026-01-03 06:59:00
900,153,0,2026-01-03 07:00:00
889,292,0,2026-01-03 07:01:00
192,474,2,2026-01-03 07:02:00
400,221,0,2026-01-03 07:03:00
277,114,1,2026-01-03 07:04:00
353,436,1,2026-01-03 07:05:00
748,157,0,2026-01-03 07:06:00
936,258,0,2026-01-03 07:07:00
732,250,1,2026-01-03 07:08:00
579,121,0,2026-01-03 07:09:00
708,298,0,2026-01-03 07:10:00
255,262,0,2026-01-03 07:11:00
650,380,2,2026-01-03 07:12:00
823,48,3,2026-01-03 07:13:00
946,376,1,2026-01-03 07:14:00
660,328,1,2026-01-03 07:15:00
98,296,1,2026-01-03 07:16:00
587,361,1,2026-01-03 07:17:00
281,76,3,2026-01-03 07:18:00
882,462,0,2026-01-03 07:19:00
402,437,0,2026-01-03 07:20:00
108,126,3,2026-01-03 07:21:00
699,196,1,2026-01-03 07:22:00
198,220,0,2026-01-03 07:23:00
302,482,3,2026-01-03 07:24:00
326,90,0,2026-01-03 07:25:00
153,410,0,2026-01-03 07:26:00
551,7,1,2026-01-03 07:27:00
644,31,0,2026-01-03 07:28:00
404,467,1,2026-01-03 07:29:00
461,319,0,2026-01-03 07:30:00
131,393,0,2026-01-03 07:31:00
790,268,1,2026-01-03 07:32:00
873,190,1,2026-01-03 07:33:00
83,348,0,2026-01-03 07:34:00
398,162,3,2026-01-03 07:35:00
753,60,1,2026-01-03 07:36:00
627,437,0,2026-01-03 07:37:00
108,263,0,2026-01-03 07:38:00
220,284,2,2026-01-03 07:39:00
903,94,1,2026-01-03 07:40:00
552,40,0,2026-01-03 07:41:00
367,413,0,2026-01-03 07:42:00
146,469,0,2026-01-03 07:43:00
111,148,0,2026-01-03 07:44:00
614,203,1,2026-01-03 07:45:00
557,266,2,2026-01-03 07:46:00
923,1,0,2026-01-03 07:47:00
493,177,2,2026-01-03 07:48:00
504,424,2,2026-01-03 07:49:00
474,193,2,2026-01-03 07:50:00
835,481,3,2026-01-03 07:51:00
889,386,2,2026-01-03 07:52:00
270,335,1,2026-01-03 07:53:00
994,434,0,2026-01-03 07:54:00
420,195,0,2026-01-03 07:55:00
896,342,2,2026-01-03 07:56:00
706,248,0,2026-01-03 07:57:00
366,497,0,2026-01-03 07:58:00
279,211,0,2026-01-03 07:59:00
282,152,2,2026-01-03 08:00:00
39,157,1,2026-01-03 08:01:00
958,465,0,2026-01-03 08:02:00
188,361,0,2026-01-03 08:03:00
163,138,1,2026-01-03 08:04:00
993,220,0,2026-01-03 08:05:00
988,272,1,2026-01-03 08:06:00
535,153,0,2026-01-03 08:07:00
535,248,3,2026-01-03 08:08:00
3,278,1,2026-01-03 08:09:00
834,439,1,2026-01-03 08:10:00
289,435,1,2026-01-03 08:11:00
952,303,0,2026-01-03 08:12:00
432,275,0,2026-01-03 08:13:00
470,492,1,2026-01-03 08:14:00
180,1,2,2026-01-03 08:15:00
247,87,0,2026-01-03 08:16:00
627,286,1,2026-01-03 08:17:00
278,410,3,2026-01-03 08:18:00
876,129,2,2026-01-03 08:19:00
580,77,1,2026-01-03 08:20:00
862,259,1,2026-01-03 08:21:00
253,240,2,2026-01-03 08:22:00
180,140,3,2026-01-03 08:23:00
829,227,3,2026-01-03 08:24:00
680,162,1,2026-01-03 08:25:00
824,235,0,2026-01-03 08:26:00
508,127,0,2026-01-03 08:27:00
760,199,0,2026-01-03 08:28:00
699,449,2,2026-01-03 08:29:00
565,389,2,2026-01-03 08:30:00
325,30,1,2026-01-03 08:31:00
356,137,1,2026-01-03 08:32:00
824,491,0,2026-01-03 08:33:00
649,20,0,2026-01-03 08:34:00
679,233,1,2026-01-03 08:35:00
390,201,0,2026-01-03 08:36:00
614,278,0,2026-01-03 08:37:00
933,130,1,2026-01-03 08:38:00
84,415,0,2026-01-03 08:39:00
316,147,3,2026-01-03 08:40:00
211,457,0,2026-01-03 08:41:00
514,28,2,2026-01-03 08:42:00
383,360,0,2026-01-03 08:43:00
690,307,0,2026-01-03 08:44:00
341,370,1,2026-01-03 08:45:00
814,429,1,2026-01-03 08:46:00
963,161,1,2026-01-03 08:47:00
987,356,0,2026-01-03 08:48:00
843,339,0,2026-01-03 08:49:00
37,60,1,2026-01-03 08:50:00
510,124,0,2026-01-03 08:51:00
419,455,0,2026-01-03 08:52:00
750,70,1,2026-01-03 08:53:00
168,325,0,2026-01-03 08:54:00
964,394,0,2026-01-03 08:55:00
908,363,0,2026-01-03 08:56:00
342,465,3,2026-01-03 08:57:00
825,242,0,2026-01-03 08:58:00
305,489,2,2026-01-03 08:59:00
541,248,0,2026-01-03 09:00:00
701,220,1,2026-01-03 09:01:00
868,472,0,2026-01-03 09:02:00
536,446,0,2026-01-03 09:03:00
111,20,2,2026-01-03 09:04:00
410,493,2,2026-01-03 09:05:00
946,386,1,2026-01-03 09:06:00
205,81,2,2026-01-03 09:07:00
184,343,0,2026-01-03 09:08:00
381,366,0,2026-01-03 09:09:00
495,485,0,2026-01-03 09:10:00
378,9,2,2026-01-03 09:11:00
46,410,0,2026-01-03 09:12:00
885,11,2,2026-01-03 09:13:00
739,262,0,2026-01-03 09:14:00
550,144,1,2026-01-03 09:15:00
527,448,0,2026-01-03 09:16:00
503,191,0,2026-01-03 09:17:00
21,249,1,2026-01-03 09:18:00
212,113,1,2026-01-03 09:19:00
309,25,2,2026-01-03 09:20:00
660,270,1,2026-01-03 09:21:00
967,498,1,2026-01-03 09:22:00
752,32,2,2026-01-03 09:23:00
271,61,1,2026-01-03 09:24:00
570,228,1,2026-01-03 09:25:00
798,302,0,2026-01-03 09:26:00
937,94,0,2026-01-03 09:27:00
201,34,1,2026-01-03 09:28:00
31,192,2,2026-01-03 09:29:00
442,455,0,2026-01-03 09:30:00
161,75,0,2026-01-03 09:31:00
766,378,1,2026-01-03 09:32:00
253,248,0,2026-01-03 09:33:00
520,82,1,2026-01-03 09:34:00
976,24,1,2026-01-03 09:35:00
650,56,0,2026-01-03 09:36:00
479,31,2,2026-01-03 09:37:00
9,318,1,2026-01-03 09:38:00
725,11,1,2026-01-03 09:39:00
504,318,0,2026-01-03 09:40:00
784,332,0,2026-01-03 09:41:00
835,91,2,2026-01-03 09:42:00
559,0,0,2026-01-03 09:43:00
435,434,0,2026-01-03 09:44:00
110,325,0,2026-01-03 09:45:00
152,135,0,2026-01-03 09:46:00
634,195,0,2026-01-03 09:47:00
916,132,0,2026-01-03 09:48:00
868,472,2,2026-01-03 09:49:00
101,85,1,2026-01-03 09:50:00
752,475,0,2026-01-03 09:51:00
832,294,1,2026-01-03 09:52:00
190,278,0,2026-01-03 09:53:00
728,323,1,2026-01-03 09:54:00
562,179,0,2026-01-03 09:55:00
803,3,0,2026-01-03 09:56:00
80,125,2,2026-01-03 09:57:00
488,174,0,2026-01-03 09:58:00
894,250,2,2026-01-03 09:59:00
87,20,0,2026-01-03 10:00:00
193,484,0,2026-01-03 10:01:00
103,439,1,2026-01-03 10:02:00
782,104,1,2026-01-03 10:03:00
95,65,0,2026-01-03 10:04:00
422,442,0,2026-01-03 10:05:00
890,262,0,2026-01-03 10:06:00
197,48,2,2026-01-03 10:07:00
0,15,0,2026-01-03 10:08:00
406,144,0,2026-01-03 10:09:00
377,339,2,2026-01-03 10:10:00
166,249,0,2026-01-03 10:11:00
508,342,0,2026-01-03 10:12:00
637,353,0,2026-01-03 10:13:00
312,74,1,2026-01-03 10:14:00
592,289,0,2026-01-03 10:15:00
417,416,0,2026-01-03 10:16:00
762,281,2,2026-01-03 10:17:00
680,65,0,2026-01-03 10:18:00
476,124,0,2026-01-03 10:19:00
72,318,0,2026-01-03 10:20:00
140,86,1,2026-01-03 10:21:00
581,40,2,2026-01-03 10:22:00
261,469,0,2026-01-03 10:23:00
339,185,0,2026-01-03 10:24:00
307,353,0,2026-01-03 10:25:00
244,379,0,2026-01-03 10:26:00
514,334,1,2026-01-03 10:27:00
336,265,0,2026-01-03 10:28:00
574,270,0,2026-01-03 10:29:00
560,41,1,2026-01-03 10:30:00
75,92,0,2026-01-03 10:31:00
879,184,1,2026-01-03 10:32:00
174,214,0,2026-01-03 10:33:00
108,16,2,2026-01-03 10:34:00
182,443,0,2026-01-03 10:35:00
191,264,2,2026-01-03 10:36:00
64,113,0,2026-01-03 10:37:00
848,291,1,2026-01-03 10:38:00
962,456,0,2026-01-03 10:39:00
473,463,1,2026-01-03 10:40:00
782,291,0,2026-01-03 10:41:00
99,47,1,2026-01-03 10:42:00
543,306,1,2026-01-03 10:43:00
863,96,1,2026-01-03 10:44:00
127,374,1,2026-01-03 10:45:00
451,94,0,2026-01-03 10:46:00
913,325,0,2026-01-03 10:47:00
368,73,1,2026-01-03 10:48:00
850,335,0,2026-01-03 10:49:00
42,67,0,2026-01-03 10:50:00
883,245,0,2026-01-03 10:51:00
418,405,0,2026-01-03 10:52:00
487,76,1,2026-01-03 10:53:00
77,207,1,2026-01-03 10:54:00
825,371,2,2026-01-03 10:55:00
800,253,0,2026-01-03 10:56:00
269,220,2,2026-01-03 10:57:00
673,261,1,2026-01-03 10:58:00
700,409,2,2026-01-03 10:59:00
758,330,2,2026-01-03 11:00:00
899,343,1,2026-01-03 11:01:00
727,476,0,2026-01-03 11:02:00
314,258,0,2026-01-03 11:03:00
924,307,0,2026-01-03 11:04:00
850,73,3,2026-01-03 11:05:00
901,124,3,2026-01-03 11:06:00
888,187,1,2026-01-03 11:07:00
992,253,2,2026-01-03 11:08:00
944,446,2,2026-01-03 11:09:00
167,320,1,2026-01-03 11:10:00
338,307,1,2026-01-03 11:11:00
192,234,0,2026-01-03 11:12:00
452,473,0,2026-01-03 11:13:00
282,249,0,2026-01-03 11:14:00
335,331,0,2026-01-03 11:15:00
389,397,1,2026-01-03 11:16:00
999,344,0,2026-01-03 11:17:00
524,71,2,2026-01-03 11:18:00
239,234,0,2026-01-03 11:19:00
831,323,0,2026-01-03 11:20:00
957,155,2,2026-01-03 11:21:00
482,454,1,2026-01-03 11:22:00
658,393,0,2026-01-03 11:23:00
715,114,1,2026-01-03 11:24:00
591,312,0,2026-01-03 11:25:00
890,227,2,2026-01-03 11:26:00
554,321,1,2026-01-03 11:27:00
457,345,0,2026-01-03 11:28:00
88,244,1,2026-01-03 11:29:00
659,305,2,2026-01-03 11:30:00
94,13,1,2026-01-03 11:31:00
451,15,2,2026-01-03 11:32:00
427,437,0,2026-01-03 11:33:00
150,426,2,2026-01-03 11:34:00
513,41,1,2026-01-03 11:35:00
375,464,1,2026-01-03 11:36:00
21,109,0,2026-01-03 11:37:00
882,277,2,2026-01-03 11:38:00
312,323,1,2026-01-03 11:39:00
996,18,2,2026-01-03 11:40:00
839,65,0,2026-01-03 11:41:00
518,166,0,2026-01-03 11:42:00
205,72,0,2026-01-03 11:43:00
951,402,0,2026-01-03 11:44:00
374,399,1,2026-01-03 11:45:00
450,309,1,2026-01-03 11:46:00
625,408,1,2026-01-03 11:47:00
783,111,2,2026-01-03 11:48:00
594,273,0,2026-01-03 11:49:00
178,406,0,2026-01-03 11:50:00
209,372,2,2026-01-03 11:51:00
499,84,1,2026-01-03 11:52:00
463,138,1,2026-01-03 11:53:00
839,38,0,2026-01-03 11:54:00
123,104,1,2026-01-03 11:55:00
992,323,0,2026-01-03 11:56:00
112,280,1,2026-01-03 11:57:00
11,446,3,2026-01-03 11:58:00
125,479,1,2026-01-03 11:59:00
564,413,0,2026-01-03 12:00:00
330,428,1,2026-01-03 12:01:00
900,122,0,2026-01-03 12:02:00
282,217,0,2026-01-03 12:03:00
139,376,2,2026-01-03 12:04:00
400,60,0,2026-01-03 12:05:00
901,99,2,2026-01-03 12:06:00
96,306,0,2026-01-03 12:07:00
516,353,1,2026-01-03 12:08:00
568,392,1,2026-01-03 12:09:00
923,203,0,2026-01-03 12:10:00
845,257,1,2026-01-03 12:11:00
68,485,3,2026-01-03 12:12:00
117,4,1,2026-01-03 12:13:00
887,445,1,2026-01-03 12:14:00
58,196,3,2026-01-03 12:15:00
32,179,0,2026-01-03 12:16:00
317,341,0,2026-01-03 12:17:00
49,132,0,2026-01-03 12:18:00
879,442,1,2026-01-03 12:19:00
488,323,2,2026-01-03 12:20:00
18,252,1,2026-01-03 12:21:00
725,264,2,2026-01-03 12:22:00
196,92,1,2026-01-03 12:23:00
890,149,0,2026-01-03 12:24:00
449,410,0,2026-01-03 12:25:00
989,137,2,2026-01-03 12:26:00
558,207,0,2026-01-03 12:27:00
678,489,1,2026-01-03 12:28:00
451,124,0,2026-01-03 12:29:00
288,233,0,2026-01-03 12:30:00
140,60,1,2026-01-03 12:31:00
83,306,0,2026-01-03 12:32:00
693,265,2,2026-01-03 12:33:00
390,133,0,2026-01-03 12:34:00
590,317,1,2026-01-03 12:35:00
214,112,1,2026-01-03 12:36:00
525,388,1,2026-01-03 12:37:00
214,377,2,2026-01-03 12:38:00
402,453,0,2026-01-03 12:39:00
127,190,0,2026-01-03 12:40:00
821,378,0,2026-01-03 12:41:00
476,439,2,2026-01-03 12:42:00
759,186,3,2026-01-03 12:43:00
403,318,0,2026-01-03 12:44:00
28,366,1,2026-01-03 12:45:00
791,88,0,2026-01-03 12:46:00
337,186,0,2026-01-03 12:47:00
830,306,1,2026-01-03 12:48:00
713,433,0,2026-01-03 12:49:00
360,131,0,2026-01-03 12:50:00
568,359,1,2026-01-03 12:51:00
391,122,1,2026-01-03 12:52:00
217,47,0,2026-01-03 12:53:00
573,287,1,2026-01-03 12:54:00
668,375,1,2026-01-03 12:55:00
201,178,0,2026-01-03 12:56:00
16,179,1,2026-01-03 12:57:00
321,98,0,2026-01-03 12:58:00
517,329,0,2026-01-03 12:59:00
569,33,0,2026-01-03 13:00:00
324,419,2,2026-01-03 13:01:00
411,69,0,2026-01-03 13:02:00
317,170,0,2026-01-03 13:03:00
680,365,0,2026-01-03 13:04:00
964,271,0,2026-01-03 13:05:00
81,58,1,2026-01-03 13:06:00
473,180,0,2026-01-03 13:07:00
467,18,2,2026-01-03 13:08:00
424,225,1,2026-01-03 13:09:00
944,472,1,2026-01-03 13:10:00
730,94,0,2026-01-03 13:11:00
688,368,0,2026-01-03 13:12:00
203,296,0,2026-01-03 13:13:00
582,80,1,2026-01-03 13:14:00
386,174,0,2026-01-03 13:15:00
777,221,1,2026-01-03 13:16:00
97,102,0,2026-01-03 13:17:00
344,53,0,2026-01-03 13:18:00
802,182,0,2026-01-03 13:19:00
207,350,0,2026-01-03 13:20:00
513,402,2,2026-01-03 13:21:00
635,317,0,2026-01-03 13:22:00
791,354,2,2026-01-03 13:23:00
585,348,1,2026-01-03 13:24:00
165,442,2,2026-01-03 13:25:00
21,320,0,2026-01-03 13:26:00
153,67,2,2026-01-03 13:27:00
938,27,0,2026-01-03 13:28:00
438,273,1,2026-01-03 13:29:00
294,281,0,2026-01-03 13:30:00
218,359,0,2026-01-03 13:31:00
668,402,1,2026-01-03 13:32:00
494,310,1,2026-01-03 13:33:00
229,118,0,2026-01-03 13:34:00
19,379,0,2026-01-03 13:35:00
986,440,1,2026-01-03 13:36:00
552,133,0,2026-01-03 13:37:00
949,128,0,2026-01-03 13:38:00
147,7,2,2026-01-03 13:39:00
107,480,3,2026-01-03 13:40:00
402,50,2,2026-01-03 13:41:00
595,490,2,2026-01-03 13:42:00
482,340,0,2026-01-03 13:43:00
366,471,3,2026-01-03 13:44:00
833,280,0,2026-01-03 13:45:00
413,174,0,2026-01-03 13:46:00
308,182,2,2026-01-03 13:47:00
801,191,0,2026-01-03 13:48:00
917,248,1,2026-01-03 13:49:00
834,234,0,2026-01-03 13:50:00
133,82,0,2026-01-03 13:51:00
718,92,1,2026-01-03 13:52:00
282,372,0,2026-01-03 13:53:00
777,393,0,2026-01-03 13:54:00
72,311,0,2026-01-03 13:55:00
480,267,0,2026-01-03 13:56:00
351,416,0,2026-01-03 13:57:00
559,119,2,2026-01-03 13:58:00
325,70,0,2026-01-03 13:59:00
744,16,2,2026-01-03 14:00:00
442,252,0,2026-01-03 14:01:00
99,444,0,2026-01-03 14:02:00
58,121,0,2026-01-03 14:03:00
507,379,0,2026-01-03 14:04:00
257,9,0,2026-01-03 14:05:00
412,286,0,2026-01-03 14:06:00
451,315,0,2026-01-03 14:07:00
64,325,0,2026-01-03 14:08:00
594,272,1,2026-01-03 14:09:00
153,305,3,2026-01-03 14:10:00
984,292,0,2026-01-03 14:11:00
265,209,1,2026-01-03 14:12:00
820,445,1,2026-01-03 14:13:00
78,217,0,2026-01-03 14:14:00
314,240,2,2026-01-03 14:15:00
661,373,3,2026-01-03 14:16:00
946,463,0,2026-01-03 14:17:00
559,199,1,2026-01-03 14:18:00
916,215,1,2026-01-03 14:19:00
890,204,0,2026-01-03 14:20:00
247,412,0,2026-01-03 14:21:00
789,415,2,2026-01-03 14:22:00
867,215,1,2026-01-03 14:23:00
609,79,0,2026-01-03 14:24:00
413,266,0,2026-01-03 14:25:00
24,479,2,2026-01-03 14:26:00
283,389,0,2026-01-03 14:27:00
448,378,1,2026-01-03 14:28:00
880,34,0,2026-01-03 14:29:00
300,288,0,2026-01-03 14:30:00
67,17,0,2026-01-03 14:31:00
6,164,0,2026-01-03 14:32:00
816,12,0,2026-01-03 14:33:00
136,201,1,2026-01-03 14:34:00
163,228,1,2026-01-03 14:35:00
82,345,0,2026-01-03 14:36:00
896,365,1,2026-01-03 14:37:00
649,464,0,2026-01-03 14:38:00
419,447,0,2026-01-03 14:39:00
72,0,0,2026-01-03 14:40:00
236,318,0,2026-01-03 14:41:00
45,216,3,2026-01-03 14:42:00
617,33,1,2026-01-03 14:43:00
927,358,0,2026-01-03 14:44:00
799,265,1,2026-01-03 14:45:00
261,127,0,2026-01-03 14:46:00
175,211,0,2026-01-03 14:47:00
165,262,0,2026-01-03 14:48:00
656,311,1,2026-01-03 14:49:00
841,79,0,2026-01-03 14:50:00
369,164,2,2026-01-03 14:51:00
794,412,0,2026-01-03 14:52:00
53,251,0,2026-01-03 14:53:00
689,11,3,2026-01-03 14:54:00
418,400,0,2026-01-03 14:55:00
755,303,2,2026-01-03 14:56:00
506,211,2,2026-01-03 14:57:00
340,281,2,2026-01-03 14:58:00
126,111,0,2026-01-03 14:59:00
408,210,0,2026-01-03 15:00:00
923,377,1,2026-01-03 15:01:00
366,238,1,2026-01-03 15:02:00
270,267,1,2026-01-03 15:03:00
643,404,0,2026-01-03 15:04:00
604,297,0,2026-01-03 15:05:00
378,316,1,2026-01-03 15:06:00
72,57,0,2026-01-03 15:07:00
922,437,0,2026-01-03 15:08:00
921,33,0,2026-01-03 15:09:00
914,262,0,2026-01-03 15:10:00
247,364,1,2026-01-03 15:11:00
859,34,1,2026-01-03 15:12:00
784,270,0,2026-01-03 15:13:00
42,448,0,2026-01-03 15:14:00
376,473,1,2026-01-03 15:15:00
40,226,0,2026-01-03 15:16:00
169,24,2,2026-01-03 15:17:00
945,233,1,2026-01-03 15:18:00
211,58,2,2026-01-03 15:19:00
492,250,1,2026-01-03 15:20:00
679,334,0,2026-01-03 15:21:00
38,85,1,2026-01-03 15:22:00
368,250,0,2026-01-03 15:23:00
756,389,0,2026-01-03 15:24:00
150,179,0,2026-01-03 15:25:00
110,206,0,2026-01-03 15:26:00
479,343,0,2026-01-03 15:27:00
435,148,0,2026-01-03 15:28:00
46,70,1,2026-01-03 15:29:00
574,120,3,2026-01-03 15:30:00
736,252,0,2026-01-03 15:31:00
365,92,1,2026-01-03 15:32:00
68,255,0,2026-01-03 15:33:00
298,253,2,2026-01-03 15:34:00
943,351,0,2026-01-03 15:35:00
801,287,2,2026-01-03 15:36:00
295,308,0,2026-01-03 15:37:00
202,58,2,2026-01-03 15:38:00
60,68,0,2026-01-03 15:39:00
945,445,0,2026-01-03 15:40:00
962,387,0,2026-01-03 15:41:00
829,85,0,2026-01-03 15:42:00
313,273,2,2026-01-03 15:43:00
160,226,1,2026-01-03 15:44:00
330,80,0,2026-01-03 15:45:00
527,497,3,2026-01-03 15:46:00
337,113,0,2026-01-03 15:47:00
605,183,3,2026-01-03 15:48:00
303,279,0,2026-01-03 15:49:00
502,321,2,2026-01-03 15:50:00
649,396,0,2026-01-03 15:51:00
337,317,1,2026-01-03 15:52:00
549,53,0,2026-01-03 15:53:00
638,398,1,2026-01-03 15:54:00
274,196,1,2026-01-03 15:55:00
163,386,0,2026-01-03 15:56:00
442,292,3,2026-01-03 15:57:00
318,292,3,2026-01-03 15:58:00
588,484,3,2026-01-03 15:59:00
503,386,3,2026-01-03 16:00:00
685,446,1,2026-01-03 16:01:00
386,290,3,2026-01-03 16:02:00
969,179,2,2026-01-03 16:03:00
869,470,0,2026-01-03 16:04:00
832,379,1,2026-01-03 16:05:00
887,411,2,2026-01-03 16:06:00
602,221,1,2026-01-03 16:07:00
749,273,0,2026-01-03 16:08:00
775,377,0,2026-01-03 16:09:00
690,243,2,2026-01-03 16:10:00
493,419,3,2026-01-03 16:11:00
489,416,0,2026-01-03 16:12:00
720,447,0,2026-01-03 16:13:00
72,153,0,2026-01-03 16:14:00
508,303,1,2026-01-03 16:15:00
389,423,0,2026-01-03 16:16:00
618,272,1,2026-01-03 16:17:00
856,423,3,2026-01-03 16:18:00
294,134,1,2026-01-03 16:19:00
368,312,0,2026-01-03 16:20:00
955,7,2,2026-01-03 16:21:00
795,127,1,2026-01-03 16:22:00
864,372,0,2026-01-03 16:23:00
693,55,0,2026-01-03 16:24:00
548,125,1,2026-01-03 16:25:00
648,158,2,2026-01-03 16:26:00
849,58,2,2026-01-03 16:27:00
567,57,0,2026-01-03 16:28:00
186,139,0,2026-01-03 16:29:00
852,175,0,2026-01-03 16:30:00
769,414,1,2026-01-03 16:31:00
444,107,1,2026-01-03 16:32:00
569,210,0,2026-01-03 16:33:00
362,446,0,2026-01-03 16:34:00
122,73,3,2026-01-03 16:35:00
187,166,2,2026-01-03 16:36:00
741,459,0,2026-01-03 16:37:00
679,403,1,2026-01-03 16:38:00
419,356,1,2026-01-03 16:39:00
625,303,0,2026-01-03 16:40:00
251,232,0,2026-01-03 16:41:00
618,326,0,2026-01-03 16:42:00
548,371,0,2026-01-03 16:43:00
334,181,1,2026-01-03 16:44:00
91,121,0,2026-01-03 16:45:00
529,333,0,2026-01-03 16:46:00
865,202,1,2026-01-03 16:47:00
62,454,0,2026-01-03 16:48:00
661,28,1,2026-01-03 16:49:00
511,201,0,2026-01-03 16:50:00
138,92,0,2026-01-03 16:51:00
697,328,3,2026-01-03 16:52:00
184,355,0,2026-01-03 16:53:00
204,175,1,2026-01-03 16:54:00
771,329,0,2026-01-03 16:55:00
213,210,2,2026-01-03 16:56:00
255,183,2,2026-01-03 16:57:00
134,94,0,2026-01-03 16:58:00
572,272,1,2026-01-03 16:59:00
874,136,0,2026-01-03 17:00:00
821,236,3,2026-01-03 17:01:00
87,352,0,2026-01-03 17:02:00
835,417,2,2026-01-03 17:03:00
987,428,0,2026-01-03 17:04:00
206,471,1,2026-01-03 17:05:00
128,264,3,2026-01-03 17:06:00
822,134,2,2026-01-03 17:07:00
2,143,0,2026-01-03 17:08:00
973,18,1,2026-01-03 17:09:00
933,230,0,2026-01-03 17:10:00
753,133,0,2026-01-03 17:11:00
120,113,0,2026-01-03 17:12:00
384,498,0,2026-01-03 17:13:00
613,138,1,2026-01-03 17:14:00
37,124,0,2026-01-03 17:15:00
340,203,1,2026-01-03 17:16:00
924,60,0,2026-01-03 17:17:00
644,249,0,2026-01-03 17:18:00
713,297,1,2026-01-03 17:19:00
859,12,0,2026-01-03 17:20:00
20,395,0,2026-01-03 17:21:00
241,254,0,2026-01-03 17:22:00
454,84,0,2026-01-03 17:23:00
962,457,1,2026-01-03 17:24:00
620,19,0,2026-01-03 17:25:00
302,49,0,2026-01-03 17:26:00
595,163,2,2026-01-03 17:27:00
594,91,3,2026-01-03 17:28:00
802,87,0,2026-01-03 17:29:00
963,68,1,2026-01-03 17:30:00
68,36,0,2026-01-03 17:31:00
128,252,0,2026-01-03 17:32:00
195,251,0,2026-01-03 17:33:00
139,139,1,2026-01-03 17:34:00
443,354,0,2026-01-03 17:35:00
282,380,2,2026-01-03 17:36:00
311,167,0,2026-01-03 17:37:00
745,53,0,2026-01-03 17:38:00
534,385,1,2026-01-03 17:39:00
664,177,0,2026-01-03 17:40:00
276,296,0,2026-01-03 17:41:00
60,300,0,2026-01-03 17:42:00
318,358,0,2026-01-03 17:43:00
889,105,0,2026-01-03 17:44:00
51,136,0,2026-01-03 17:45:00
855,189,0,2026-01-03 17:46:00
152,127,0,2026-01-03 17:47:00
748,341,3,2026-01-03 17:48:00
310,46,0,2026-01-03 17:49:00
813,4,0,2026-01-03 17:50:00
543,459,3,2026-01-03 17:51:00
566,256,1,2026-01-03 17:52:00
863,299,0,2026-01-03 17:53:00
388,149,0,2026-01-03 17:54:00
547,293,1,2026-01-03 17:55:00
621,242,0,2026-01-03 17:56:00
176,274,1,2026-01-03 17:57:00
361,207,3,2026-01-03 17:58:00
313,414,1,2026-01-03 17:59:00
806,114,0,2026-01-03 18:00:00
847,194,1,2026-01-03 18:01:00
96,342,1,2026-01-03 18:02:00
880,169,1,2026-01-03 18:03:00
212,378,0,2026-01-03 18:04:00
828,81,1,2026-01-03 18:05:00
136,153,1,2026-01-03 18:06:00
5,140,3,2026-01-03 18:07:00
108,313,2,2026-01-03 18:08:00
546,145,0,2026-01-03 18:09:00
38,322,1,2026-01-03 18:10:00
661,121,0,2026-01-03 18:11:00
424,251,1,2026-01-03 18:12:00
629,342,0,2026-01-03 18:13:00
260,386,0,2026-01-03 18:14:00
425,310,1,2026-01-03 18:15:00
86,88,0,2026-01-03 18:16:00
464,474,2,2026-01-03 18:17:00
75,57,1,2026-01-03 18:18:00
470,491,0,2026-01-03 18:19:00
975,62,0,2026-01-03 18:20:00
962,346,2,2026-01-03 18:21:00
413,307,0,2026-01-03 18:22:00
824,486,1,2026-01-03 18:23:00
894,472,1,2026-01-03 18:24:00
725,381,2,2026-01-03 18:25:00
456,279,1,2026-01-03 18:26:00
284,71,1,2026-01-03 18:27:00
238,8,2,2026-01-03 18:28:00
676,365,2,2026-01-03 18:29:00
598,420,1,2026-01-03 18:30:00
652,93,0,2026-01-03 18:31:00
671,372,0,2026-01-03 18:32:00
557,338,1,2026-01-03 18:33:00
371,436,1,2026-01-03 18:34:00
494,335,0,2026-01-03 18:35:00
623,151,0,2026-01-03 18:36:00
918,491,1,2026-01-03 18:37:00
44,404,0,2026-01-03 18:38:00
400,355,0,2026-01-03 18:39:00
246,39,0,2026-01-03 18:40:00
615,358,1,2026-01-03 18:41:00
596,494,0,2026-01-03 18:42:00
449,61,0,2026-01-03 18:43:00
484,253,0,2026-01-03 18:44:00
645,453,0,2026-01-03 18:45:00
619,68,1,2026-01-03 18:46:00
17,397,1,2026-01-03 18:47:00
605,244,0,2026-01-03 18:48:00
661,364,0,2026-01-03 18:49:00
757,169,2,2026-01-03 18:50:00
288,177,0,2026-01-03 18:51:00
413,188,1,2026-01-03 18:52:00
720,259,0,2026-01-03 18:53:00
637,71,0,2026-01-03 18:54:00
234,471,0,2026-01-03 18:55:00
415,458,1,2026-01-03 18:56:00
937,16,0,2026-01-03 18:57:00
498,369,0,2026-01-03 18:58:00
973,340,0,2026-01-03 18:59:00
633,56,0,2026-01-03 19:00:00
649,217,0,2026-01-03 19:01:00
114,106,0,2026-01-03 19:02:00
931,303,0,2026-01-03 19:03:00
673,427,1,2026-01-03 19:04:00
712,172,1,2026-01-03 19:05:00
233,218,0,2026-01-03 19:06:00
539,463,0,2026-01-03 19:07:00
10,246,1,2026-01-03 19:08:00
205,217,0,2026-01-03 19:09:00
678,372,0,2026-01-03 19:10:00
246,416,1,2026-01-03 19:11:00
558,30,2,2026-01-03 19:12:00
757,367,0,2026-01-03 19:13:00
126,46,0,2026-01-03 19:14:00
146,133,2,2026-01-03 19:15:00
117,107,0,2026-01-03 19:16:00
910,71,2,2026-01-03 19:17:00
381,326,0,2026-01-03 19:18:00
411,417,0,2026-01-03 19:19:00
663,107,1,2026-01-03 19:20:00
583,308,3,2026-01-03 19:21:00
362,397,2,2026-01-03 19:22:00
508,271,0,2026-01-03 19:23:00
136,170,1,2026-01-03 19:24:00
174,115,1,2026-01-03 19:25:00
288,328,1,2026-01-03 19:26:00
957,73,2,2026-01-03 19:27:00
480,255,0,2026-01-03 19:28:00
18,80,0,2026-01-03 19:29:00
194,267,3,2026-01-03 19:30:00
329,127,2,2026-01-03 19:31:00
935,325,0,2026-01-03 19:32:00
174,402,0,2026-01-03 19:33:00
448,234,3,2026-01-03 19:34:00
924,40,0,2026-01-03 19:35:00
945,180,1,2026-01-03 19:36:00
353,156,0,2026-01-03 19:37:00
498,453,2,2026-01-03 19:38:00
140,58,0,2026-01-03 19:39:00
757,344,0,2026-01-03 19:40:00
896,248,0,2026-01-03 19:41:00
929,191,2,2026-01-03 19:42:00
92,23,1,2026-01-03 19:43:00
943,472,1,2026-01-03 19:44:00
238,399,0,2026-01-03 19:45:00
204,435,2,2026-01-03 19:46:00
559,79,1,2026-01-03 19:47:00
432,133,1,2026-01-03 19:48:00
244,420,3,2026-01-03 19:49:00
831,212,0,2026-01-03 19:50:00
316,387,1,2026-01-03 19:51:00
924,481,2,2026-01-03 19:52:00
294,347,1,2026-01-03 19:53:00
639,165,1,2026-01-03 19:54:00
855,424,0,2026-01-03 19:55:00
281,347,1,2026-01-03 19:56:00
16,336,1,2026-01-03 19:57:00
70,397,0,2026-01-03 19:58:00
268,70,2,2026-01-03 19:59:00
324,213,0,2026-01-03 20:00:00
793,434,0,2026-01-03 20:01:00
304,64,1,2026-01-03 20:02:00
450,220,0,2026-01-03 20:03:00
6,307,0,2026-01-03 20:04:00
313,478,0,2026-01-03 20:05:00
816,285,0,2026-01-03 20:06:00
102,184,0,2026-01-03 20:07:00
820,206,0,2026-01-03 20:08:00
192,465,0,2026-01-03 20:09:00
752,98,0,2026-01-03 20:10:00
573,241,1,2026-01-03 20:11:00
528,157,2,2026-01-03 20:12:00
170,97,1,2026-01-03 20:13:00
536,41,1,2026-01-03 20:14:00
250,138,0,2026-01-03 20:15:00
764,282,1,2026-01-03 20:16:00
386,407,1,2026-01-03 20:17:00
206,226,0,2026-01-03 20:18:00
540,422,0,2026-01-03 20:19:00
628,71,0,2026-01-03 20:20:00
415,242,1,2026-01-03 20:21:00
793,17,0,2026-01-03 20:22:00
379,76,2,2026-01-03 20:23:00
143,44,0,2026-01-03 20:24:00
24,471,0,2026-01-03 20:25:00
821,370,1,2026-01-03 20:26:00
667,342,2,2026-01-03 20:27:00
72,139,0,2026-01-03 20:28:00
631,176,1,2026-01-03 20:29:00
823,221,0,2026-01-03 20:30:00
832,414,1,2026-01-03 20:31:00
92,91,1,2026-01-03 20:32:00
504,21,2,2026-01-03 20:33:00
597,171,0,2026-01-03 20:34:00
335,91,0,2026-01-03 20:35:00
424,191,1,2026-01-03 20:36:00
498,76,0,2026-01-03 20:37:00
363,280,1,2026-01-03 20:38:00
946,363,1,2026-01-03 20:39:00
629,178,0,2026-01-03 20:40:00
744,237,2,2026-01-03 20:41:00
198,134,0,2026-01-03 20:42:00
717,364,3,2026-01-03 20:43:00
412,389,2,2026-01-03 20:44:00
338,279,1,2026-01-03 20:45:00
658,18,0,2026-01-03 20:46:00
961,82,2,2026-01-03 20:47:00
936,227,1,2026-01-03 20:48:00
428,370,0,2026-01-03 20:49:00
782,264,0,2026-01-03 20:50:00
898,111,0,2026-01-03 20:51:00
138,250,3,2026-01-03 20:52:00
692,163,2,2026-01-03 20:53:00
941,357,2,2026-01-03 20:54:00
541,167,1,2026-01-03 20:55:00
56,220,0,2026-01-03 20:56:00
231,407,0,2026-01-03 20:57:00
657,303,0,2026-01-03 20:58:00
434,190,0,2026-01-03 20:59:00
383,324,1,2026-01-03 21:00:00
559,436,2,2026-01-03 21:01:00
193,437,3,2026-01-03 21:02:00
735,169,0,2026-01-03 21:03:00
647,374,1,2026-01-03 21:04:00
533,44,1,2026-01-03 21:05:00
517,380,0,2026-01-03 21:06:00
715,473,1,2026-01-03 21:07:00
750,13,0,2026-01-03 21:08:00
184,230,2,2026-01-03 21:09:00
871,156,1,2026-01-03 21:10:00
291,499,1,2026-01-03 21:11:00
334,133,0,2026-01-03 21:12:00
731,390,0,2026-01-03 21:13:00
115,36,0,2026-01-03 21:14:00
824,52,1,2026-01-03 21:15:00
48,17,2,2026-01-03 21:16:00
684,470,0,2026-01-03 21:17:00
81,491,1,2026-01-03 21:18:00
833,37,0,2026-01-03 21:19:00
332,186,0,2026-01-03 21:20:00
556,384,1,2026-01-03 21:21:00
334,195,1,2026-01-03 21:22:00
531,242,0,2026-01-03 21:23:00
959,299,0,2026-01-03 21:24:00
220,302,0,2026-01-03 21:25:00
634,34,0,2026-01-03 21:26:00
745,214,2,2026-01-03 21:27:00
732,218,1,2026-01-03 21:28:00
322,315,0,2026-01-03 21:29:00
850,89,0,2026-01-03 21:30:00
2,307,3,2026-01-03 21:31:00
693,251,1,2026-01-03 21:32:00
205,7,1,2026-01-03 21:33:00
831,255,0,2026-01-03 21:34:00
39,362,2,2026-01-03 21:35:00
58,207,0,2026-01-03 21:36:00
950,424,1,2026-01-03 21:37:00
573,130,3,2026-01-03 21:38:00
643,223,0,2026-01-03 21:39:00
506,196,0,2026-01-03 21:40:00
571,467,0,2026-01-03 21:41:00
883,141,0,2026-01-03 21:42:00
842,251,0,2026-01-03 21:43:00
121,95,2,2026-01-03 21:44:00
478,25,0,2026-01-03 21:45:00
618,110,1,2026-01-03 21:46:00
95,453,2,2026-01-03 21:47:00
858,122,3,2026-01-03 21:48:00
413,185,1,2026-01-03 21:49:00
234,483,0,2026-01-03 21:50:00
897,167,0,2026-01-03 21:51:00
61,50,0,2026-01-03 21:52:00
255,378,1,2026-01-03 21:53:00
560,4,0,2026-01-03 21:54:00
904,76,0,2026-01-03 21:55:00
347,159,0,2026-01-03 21:56:00
670,207,1,2026-01-03 21:57:00
123,256,0,2026-01-03 21:58:00
481,204,0,2026-01-03 21:59:00
316,254,0,2026-01-03 22:00:00
503,437,1,2026-01-03 22:01:00
718,10,1,2026-01-03 22:02:00
47,436,0,2026-01-03 22:03:00
408,7,2,2026-01-03 22:04:00
931,408,0,2026-01-03 22:05:00
135,423,0,2026-01-03 22:06:00
200,31,0,2026-01-03 22:07:00
249,471,1,2026-01-03 22:08:00
313,27,1,2026-01-03 22:09:00
868,205,0,2026-01-03 22:10:00
367,492,1,2026-01-03 22:11:00
428,386,0,2026-01-03 22:12:00
829,227,3,2026-01-03 22:13:00
806,127,1,2026-01-03 22:14:00
479,254,1,2026-01-03 22:15:00
313,474,1,2026-01-03 22:16:00
499,211,3,2026-01-03 22:17:00
720,238,3,2026-01-03 22:18:00
354,206,1,2026-01-03 22:19:00
484,317,0,2026-01-03 22:20:00
210,282,0,2026-01-03 22:21:00
703,244,0,2026-01-03 22:22:00
43,44,1,2026-01-03 22:23:00
540,104,0,2026-01-03 22:24:00
570,347,2,2026-01-03 22:25:00
582,280,0,2026-01-03 22:26:00
91,233,2,2026-01-03 22:27:00
264,188,0,2026-01-03 22:28:00
894,43,1,2026-01-03 22:29:00
219,493,0,2026-01-03 22:30:00
901,224,1,2026-01-03 22:31:00
924,429,0,2026-01-03 22:32:00
441,141,0,2026-01-03 22:33:00
400,135,2,2026-01-03 22:34:00
399,175,0,2026-01-03 22:35:00
726,141,0,2026-01-03 22:36:00
990,448,0,2026-01-03 22:37:00
898,79,2,2026-01-03 22:38:00
788,81,0,2026-01-03 22:39:00
575,134,1,2026-01-03 22:40:00
857,206,0,2026-01-03 22:41:00
803,343,0,2026-01-03 22:42:00
489,176,2,2026-01-03 22:43:00
484,382,0,2026-01-03 22:44:00
756,242,1,2026-01-03 22:45:00
469,54,0,2026-01-03 22:46:00
573,140,0,2026-01-03 22:47:00
937,456,1,2026-01-03 22:48:00
843,439,1,2026-01-03 22:49:00
681,55,1,2026-01-03 22:50:00
444,14,1,2026-01-03 22:51:00
268,184,0,2026-01-03 22:52:00
266,313,0,2026-01-03 22:53:00
53,418,0,2026-01-03 22:54:00
527,87,1,2026-01-03 22:55:00
519,96,2,2026-01-03 22:56:00
615,143,0,2026-01-03 22:57:00
58,7,0,2026-01-03 22:58:00
824,476,0,2026-01-03 22:59:00
39,214,3,2026-01-03 23:00:00
236,172,2,2026-01-03 23:01:00
954,222,0,2026-01-03 23:02:00
385,39,0,2026-01-03 23:03:00
605,496,0,2026-01-03 23:04:00
733,181,1,2026-01-03 23:05:00
715,269,1,2026-01-03 23:06:00
649,186,0,2026-01-03 23:07:00
299,244,2,2026-01-03 23:08:00
394,477,1,2026-01-03 23:09:00
206,308,0,2026-01-03 23:10:00
335,230,1,2026-01-03 23:11:00
592,382,0,2026-01-03 23:12:00
729,154,2,2026-01-03 23:13:00
513,174,0,2026-01-03 23:14:00
177,335,0,2026-01-03 23:15:00
395,114,1,2026-01-03 23:16:00
370,389,1,2026-01-03 23:17:00
857,310,0,2026-01-03 23:18:00
790,480,3,2026-01-03 23:19:00
657,299,0,2026-01-03 23:20:00
317,17,0,2026-01-03 23:21:00
735,271,2,2026-01-03 23:22:00
368,11,0,2026-01-03 23:23:00
383,403,0,2026-01-03 23:24:00
61,300,1,2026-01-03 23:25:00
805,191,0,2026-01-03 23:26:00
504,231,3,2026-01-03 23:27:00
238,442,0,2026-01-03 23:28:00
194,92,1,2026-01-03 23:29:00
677,477,0,2026-01-03 23:30:00
962,217,0,2026-01-03 23:31:00
221,277,1,2026-01-03 23:32:00
60,352,1,2026-01-03 23:33:00
128,486,1,2026-01-03 23:34:00
989,302,0,2026-01-03 23:35:00
684,28,1,2026-01-03 23:36:00
991,469,0,2026-01-03 23:37:00
155,300,1,2026-01-03 23:38:00
916,76,1,2026-01-03 23:39:00
377,8,0,2026-01-03 23:40:00
621,23,1,2026-01-03 23:41:00
780,14,0,2026-01-03 23:42:00
922,163,1,2026-01-03 23:43:00
867,12,1,2026-01-03 23:44:00
902,346,0,2026-01-03 23:45:00
789,171,2,2026-01-03 23:46:00
585,356,0,2026-01-03 23:47:00
998,326,2,2026-01-03 23:48:00
436,199,0,2026-01-03 23:49:00
974,484,2,2026-01-03 23:50:00
206,488,0,2026-01-03 23:51:00
387,461,0,2026-01-03 23:52:00
479,377,2,2026-01-03 23:53:00
790,75,0,2026-01-03 23:54:00
886,163,0,2026-01-03 23:55:00
837,371,1,2026-01-03 23:56:00
983,60,1,2026-01-03 23:57:00
339,487,1,2026-01-03 23:58:00
868,464,0,2026-01-03 23:59:00
339,423,1,2026-01-04 00:00:00
203,244,0,2026-01-04 00:01:00
160,476,2,2026-01-04 00:02:00
539,381,1,2026-01-04 00:03:00
391,154,1,2026-01-04 00:04:00
768,256,0,2026-01-04 00:05:00
676,243,2,2026-01-04 00:06:00
574,161,1,2026-01-04 00:07:00
533,67,2,2026-01-04 00:08:00
69,343,0,2026-01-04 00:09:00
892,276,1,2026-01-04 00:10:00
404,160,1,2026-01-04 00:11:00
607,390,0,2026-01-04 00:12:00
674,448,0,2026-01-04 00:13:00
590,488,0,2026-01-04 00:14:00
516,258,0,2026-01-04 00:15:00
827,491,0,2026-01-04 00:16:00
119,306,0,2026-01-04 00:17:00
813,334,1,2026-01-04 00:18:00
689,94,1,2026-01-04 00:19:00
687,437,0,2026-01-04 00:20:00
901,463,1,2026-01-04 00:21:00
216,457,2,2026-01-04 00:22:00
55,245,0,2026-01-04 00:23:00
365,220,0,2026-01-04 00:24:00
698,122,1,2026-01-04 00:25:00
503,186,1,2026-01-04 00:26:00
743,261,1,2026-01-04 00:27:00
766,412,1,2026-01-04 00:28:00
924,272,0,2026-01-04 00:29:00
454,372,2,2026-01-04 00:30:00
103,59,0,2026-01-04 00:31:00
76,405,0,2026-01-04 00:32:00
229,407,0,2026-01-04 00:33:00
913,124,0,2026-01-04 00:34:00
257,336,1,2026-01-04 00:35:00
263,340,1,2026-01-04 00:36:00
330,50,3,2026-01-04 00:37:00
992,177,0,2026-01-04 00:38:00
181,138,3,2026-01-04 00:39:00
892,439,1,2026-01-04 00:40:00
767,326,0,2026-01-04 00:41:00
549,169,2,2026-01-04 00:42:00
687,38,1,2026-01-04 00:43:00
26,68,0,2026-01-04 00:44:00
275,235,2,2026-01-04 00:45:00
651,47,1,2026-01-04 00:46:00
298,380,1,2026-01-04 00:47:00
956,56,2,2026-01-04 00:48:00
798,276,0,2026-01-04 00:49:00
90,337,1,2026-01-04 00:50:00
479,98,1,2026-01-04 00:51:00
572,403,0,2026-01-04 00:52:00
457,14,0,2026-01-04 00:53:00
450,324,1,2026-01-04 00:54:00
364,460,0,2026-01-04 00:55:00
858,178,1,2026-01-04 00:56:00
674,331,2,2026-01-04 00:57:00
350,61,0,2026-01-04 00:58:00
654,118,0,2026-01-04 00:59:00
399,468,0,2026-01-04 01:00:00
252,36,1,2026-01-04 01:01:00
780,133,2,2026-01-04 01:02:00
880,454,1,2026-01-04 01:03:00
802,25,0,2026-01-04 01:04:00
458,489,1,2026-01-04 01:05:00
698,495,1,2026-01-04 01:06:00
916,7,0,2026-01-04 01:07:00
498,456,1,2026-01-04 01:08:00
949,474,0,2026-01-04 01:09:00
970,3,1,2026-01-04 01:10:00
925,20,0,2026-01-04 01:11:00
507,414,0,2026-01-04 01:12:00
303,148,2,2026-01-04 01:13:00
500,487,1,2026-01-04 01:14:00
802,24,0,2026-01-04 01:15:00
597,486,2,2026-01-04 01:16:00
165,142,1,2026-01-04 01:17:00
414,244,0,2026-01-04 01:18:00
461,418,1,2026-01-04 01:19:00
919,432,2,2026-01-04 01:20:00
113,42,1,2026-01-04 01:21:00
432,424,0,2026-01-04 01:22:00
991,292,1,2026-01-04 01:23:00
355,184,1,2026-01-04 01:24:00
927,41,2,2026-01-04 01:25:00
694,430,0,2026-01-04 01:26:00
206,91,1,2026-01-04 01:27:00
767,316,0,2026-01-04 01:28:00
234,397,1,2026-01-04 01:29:00
441,323,3,2026-01-04 01:30:00
354,52,0,2026-01-04 01:31:00
514,83,0,2026-01-04 01:32:00
207,33,1,2026-01-04 01:33:00
708,75,1,2026-01-04 01:34:00
852,352,0,2026-01-04 01:35:00
124,407,1,2026-01-04 01:36:00
137,403,2,2026-01-04 01:37:00
338,196,1,2026-01-04 01:38:00
536,485,1,2026-01-04 01:39:00
67,285,0,2026-01-04 01:40:00
572,87,2,2026-01-04 01:41:00
540,234,0,2026-01-04 01:42:00
382,231,0,2026-01-04 01:43:00
18,6,0,2026-01-04 01:44:00
682,291,1,2026-01-04 01:45:00
449,37,2,2026-01-04 01:46:00
73,463,0,2026-01-04 01:47:00
572,51,2,2026-01-04 01:48:00
938,142,2,2026-01-04 01:49:00
664,429,1,2026-01-04 01:50:00
275,406,1,2026-01-04 01:51:00
47,395,0,2026-01-04 01:52:00
210,220,0,2026-01-04 01:53:00
854,427,2,2026-01-04 01:54:00
919,239,0,2026-01-04 01:55:00
650,142,0,2026-01-04 01:56:00
621,348,1,2026-01-04 01:57:00
993,492,2,2026-01-04 01:58:00
694,362,1,2026-01-04 01:59:00
539,381,0,2026-01-04 02:00:00
708,48,0,2026-01-04 02:01:00
190,276,1,2026-01-04 02:02:00
314,270,0,2026-01-04 02:03:00
900,13,0,2026-01-04 02:04:00
562,297,0,2026-01-04 02:05:00
660,491,1,2026-01-04 02:06:00
779,463,0,2026-01-04 02:07:00
561,14,0,2026-01-04 02:08:00
899,233,0,2026-01-04 02:09:00
757,62,0,2026-01-04 02:10:00
112,195,0,2026-01-04 02:11:00
169,26,1,2026-01-04 02:12:00
467,470,1,2026-01-04 02:13:00
677,92,0,2026-01-04 02:14:00
920,104,0,2026-01-04 02:15:00
13,308,0,2026-01-04 02:16:00
714,51,0,2026-01-04 02:17:00
287,318,0,2026-01-04 02:18:00
906,456,0,2026-01-04 02:19:00
188,180,0,2026-01-04 02:20:00
913,56,3,2026-01-04 02:21:00
154,119,0,2026-01-04 02:22:00
566,307,2,2026-01-04 02:23:00
693,362,0,2026-01-04 02:24:00
721,42,0,2026-01-04 02:25:00
887,134,1,2026-01-04 02:26:00
470,372,0,2026-01-04 02:27:00
74,425,0,2026-01-04 02:28:00
276,259,3,2026-01-04 02:29:00
939,196,1,2026-01-04 02:30:00
644,132,0,2026-01-04 02:31:00
342,458,0,2026-01-04 02:32:00
424,254,2,2026-01-04 02:33:00
570,488,2,2026-01-04 02:34:00
510,219,0,2026-01-04 02:35:00
856,335,0,2026-01-04 02:36:00
181,40,2,2026-01-04 02:37:00
457,477,0,2026-01-04 02:38:00
917,387,0,2026-01-04 02:39:00
850,254,1,2026-01-04 02:40:00
832,1,0,2026-01-04 02:41:00
63,493,1,2026-01-04 02:42:00
838,194,2,2026-01-04 02:43:00
259,241,1,2026-01-04 02:44:00
192,148,0,2026-01-04 02:45:00
654,197,0,2026-01-04 02:46:00
615,298,0,2026-01-04 02:47:00
971,244,0,2026-01-04 02:48:00
405,337,0,2026-01-04 02:49:00
725,107,0,2026-01-04 02:50:00
753,452,0,2026-01-04 02:51:00
942,392,0,2026-01-04 02:52:00
720,211,0,2026-01-04 02:53:00
92,155,1,2026-01-04 02:54:00
429,25,1,2026-01-04 02:55:00
653,81,0,2026-01-04 02:56:00
433,82,1,2026-01-04 02:57:00
403,130,1,2026-01-04 02:58:00
433,328,0,2026-01-04 02:59:00
111,99,0,2026-01-04 03:00:00
928,255,1,2026-01-04 03:01:00
374,478,0,2026-01-04 03:02:00
58,48,0,2026-01-04 03:03:00
42,400,3,2026-01-04 03:04:00
206,62,0,2026-01-04 03:05:00
779,310,1,2026-01-04 03:06:00
295,406,0,2026-01-04 03:07:00
117,289,0,2026-01-04 03:08:00
531,104,0,2026-01-04 03:09:00
221,104,1,2026-01-04 03:10:00
165,324,0,2026-01-04 03:11:00
642,14,0,2026-01-04 03:12:00
155,174,3,2026-01-04 03:13:00
183,258,0,2026-01-04 03:14:00
89,210,0,2026-01-04 03:15:00
93,411,0,2026-01-04 03:16:00
12,258,1,2026-01-04 03:17:00
972,101,0,2026-01-04 03:18:00
833,259,0,2026-01-04 03:19:00
804,343,0,2026-01-04 03:20:00
944,158,0,2026-01-04 03:21:00
741,44,1,2026-01-04 03:22:00
833,442,1,2026-01-04 03:23:00
803,300,0,2026-01-04 03:24:00
437,250,0,2026-01-04 03:25:00
537,330,0,2026-01-04 03:26:00
586,164,1,2026-01-04 03:27:00
967,192,0,2026-01-04 03:28:00
875,8,0,2026-01-04 03:29:00
935,400,3,2026-01-04 03:30:00
810,373,0,2026-01-04 03:31:00
149,64,3,2026-01-04 03:32:00
659,386,0,2026-01-04 03:33:00
7,494,0,2026-01-04 03:34:00
28,281,0,2026-01-04 03:35:00
295,180,0,2026-01-04 03:36:00
985,414,0,2026-01-04 03:37:00
925,281,0,2026-01-04 03:38:00
720,278,3,2026-01-04 03:39:00
639,29,0,2026-01-04 03:40:00
339,265,1,2026-01-04 03:41:00
627,327,1,2026-01-04 03:42:00
438,491,1,2026-01-04 03:43:00
143,216,1,2026-01-04 03:44:00
941,319,0,2026-01-04 03:45:00
829,405,0,2026-01-04 03:46:00
746,398,0,2026-01-04 03:47:00
518,378,0,2026-01-04 03:48:00
975,104,0,2026-01-04 03:49:00
44,183,0,2026-01-04 03:50:00
954,329,2,2026-01-04 03:51:00
238,147,2,2026-01-04 03:52:00
951,104,0,2026-01-04 03:53:00
943,46,0,2026-01-04 03:54:00
154,86,0,2026-01-04 03:55:00
180,308,0,2026-01-04 03:56:00
214,436,0,2026-01-04 03:57:00
87,128,2,2026-01-04 03:58:00
255,257,0,2026-01-04 03:59:00
510,313,0,2026-01-04 04:00:00
72,146,0,2026-01-04 04:01:00
930,445,3,2026-01-04 04:02:00
178,461,2,2026-01-04 04:03:00
211,71,1,2026-01-04 04:04:00
804,485,0,2026-01-04 04:05:00
233,139,0,2026-01-04 04:06:00
464,409,0,2026-01-04 04:07:00
750,26,0,2026-01-04 04:08:00
222,28,1,2026-01-04 04:09:00
630,270,0,2026-01-04 04:10:00
824,173,0,2026-01-04 04:11:00
263,252,1,2026-01-04 04:12:00
206,384,0,2026-01-04 04:13:00
606,59,1,2026-01-04 04:14:00
884,106,0,2026-01-04 04:15:00
733,219,0,2026-01-04 04:16:00
365,440,0,2026-01-04 04:17:00
275,258,2,2026-01-04 04:18:00
379,370,0,2026-01-04 04:19:00
742,145,0,2026-01-04 04:20:00
308,51,0,2026-01-04 04:21:00
630,59,1,2026-01-04 04:22:00
267,33,2,2026-01-04 04:23:00
944,95,0,2026-01-04 04:24:00
784,476,0,2026-01-04 04:25:00
63,88,3,2026-01-04 04:26:00
809,315,1,2026-01-04 04:27:00
349,409,1,2026-01-04 04:28:00
924,230,0,2026-01-04 04:29:00
914,455,0,2026-01-04 04:30:00
493,274,1,2026-01-04 04:31:00
522,245,1,2026-01-04 04:32:00
97,110,1,2026-01-04 04:33:00
945,233,0,2026-01-04 04:34:00
70,277,1,2026-01-04 04:35:00
363,476,2,2026-01-04 04:36:00
569,416,2,2026-01-04 04:37:00
801,165,0,2026-01-04 04:38:00
762,127,1,2026-01-04 04:39:00
275,236,1,2026-01-04 04:40:00
49,493,2,2026-01-04 04:41:00
357,290,1,2026-01-04 04:42:00
727,106,3,2026-01-04 04:43:00
905,127,3,2026-01-04 04:44:00
927,194,0,2026-01-04 04:45:00
563,338,1,2026-01-04 04:46:00
782,393,1,2026-01-04 04:47:00
484,474,0,2026-01-04 04:48:00
83,142,0,2026-01-04 04:49:00
898,394,0,2026-01-04 04:50:00
804,110,1,2026-01-04 04:51:00
637,89,0,2026-01-04 04:52:00
807,250,2,2026-01-04 04:53:00
583,279,1,2026-01-04 04:54:00
295,332,1,2026-01-04 04:55:00
235,223,0,2026-01-04 04:56:00
55,100,0,2026-01-04 04:57:00
918,131,0,2026-01-04 04:58:00
359,12,0,2026-01-04 04:59:00
906,456,2,2026-01-04 05:00:00
109,440,1,2026-01-04 05:01:00
191,496,0,2026-01-04 05:02:00
903,97,2,2026-01-04 05:03:00
92,119,0,2026-01-04 05:04:00
861,292,0,2026-01-04 05:05:00
567,303,1,2026-01-04 05:06:00
59,198,0,2026-01-04 05:07:00
649,0,1,2026-01-04 05:08:00
38,59,1,2026-01-04 05:09:00
539,249,1,2026-01-04 05:10:00
48,139,0,2026-01-04 05:11:00
419,148,0,2026-01-04 05:12:00
636,394,0,2026-01-04 05:13:00
12,43,3,2026-01-04 05:14:00
991,370,0,2026-01-04 05:15:00
35,185,0,2026-01-04 05:16:00
100,107,2,2026-01-04 05:17:00
793,43,1,2026-01-04 05:18:00
85,77,2,2026-01-04 05:19:00
515,225,3,2026-01-04 05:20:00
222,161,0,2026-01-04 05:21:00
337,280,0,2026-01-04 05:22:00
959,252,0,2026-01-04 05:23:00
165,131,0,2026-01-04 05:24:00
382,447,1,2026-01-04 05:25:00
855,371,0,2026-01-04 05:26:00
894,374,1,2026-01-04 05:27:00
375,473,0,2026-01-04 05:28:00
470,143,0,2026-01-04 05:29:00
789,265,1,2026-01-04 05:30:00
641,108,0,2026-01-04 05:31:00
30,193,1,2026-01-04 05:32:00
374,34,3,2026-01-04 05:33:00
10,466,1,2026-01-04 05:34:00
987,389,0,2026-01-04 05:35:00
301,274,2,2026-01-04 05:36:00
95,186,0,2026-01-04 05:37:00
189,436,1,2026-01-04 05:38:00
452,499,0,2026-01-04 05:39:00
191,242,0,2026-01-04 05:40:00
485,263,3,2026-01-04 05:41:00
265,461,0,2026-01-04 05:42:00
423,9,2,2026-01-04 05:43:00
127,450,0,2026-01-04 05:44:00
237,165,2,2026-01-04 05:45:00
919,28,3,2026-01-04 05:46:00
354,270,0,2026-01-04 05:47:00
939,86,1,2026-01-04 05:48:00
111,22,1,2026-01-04 05:49:00
827,209,2,2026-01-04 05:50:00
445,45,0,2026-01-04 05:51:00
342,466,1,2026-01-04 05:52:00
144,27,0,2026-01-04 05:53:00
64,25,0,2026-01-04 05:54:00
246,265,0,2026-01-04 05:55:00
734,174,1,2026-01-04 05:56:00
990,3,2,2026-01-04 05:57:00
489,310,0,2026-01-04 05:58:00
824,321,1,2026-01-04 05:59:00
438,66,1,2026-01-04 06:00:00
105,134,0,2026-01-04 06:01:00
180,54,2,2026-01-04 06:02:00
183,463,0,2026-01-04 06:03:00
225,30,0,2026-01-04 06:04:00
776,73,0,2026-01-04 06:05:00
789,18,2,2026-01-04 06:06:00
908,155,3,2026-01-04 06:07:00
88,336,0,2026-01-04 06:08:00
687,155,0,2026-01-04 06:09:00
529,146,0,2026-01-04 06:10:00
370,484,1,2026-01-04 06:11:00
971,86,1,2026-01-04 06:12:00
935,19,3,2026-01-04 06:13:00
912,268,2,2026-01-04 06:14:00
398,332,2,2026-01-04 06:15:00
105,42,1,2026-01-04 06:16:00
270,394,0,2026-01-04 06:17:00
974,431,1,2026-01-04 06:18:00
830,398,0,2026-01-04 06:19:00
502,400,0,2026-01-04 06:20:00
678,437,0,2026-01-04 06:21:00
524,305,1,2026-01-04 06:22:00
848,27,1,2026-01-04 06:23:00
31,466,1,2026-01-04 06:24:00
392,259,0,2026-01-04 06:25:00
39,21,1,2026-01-04 06:26:00
659,469,0,2026-01-04 06:27:00
217,374,1,2026-01-04 06:28:00
730,100,0,2026-01-04 06:29:00
980,38,2,2026-01-04 06:30:00
81,289,1,2026-01-04 06:31:00
844,352,1,2026-01-04 06:32:00
719,299,1,2026-01-04 06:33:00
200,169,1,2026-01-04 06:34:00
446,295,0,2026-01-04 06:35:00
843,352,1,2026-01-04 06:36:00
427,395,0,2026-01-04 06:37:00
37,129,0,2026-01-04 06:38:00
210,155,0,2026-01-04 06:39:00
443,73,2,2026-01-04 06:40:00
326,341,0,2026-01-04 06:41:00
760,464,0,2026-01-04 06:42:00
226,89,3,2026-01-04 06:43:00
47,66,2,2026-01-04 06:44:00
17,454,0,2026-01-04 06:45:00
911,235,2,2026-01-04 06:46:00
438,199,0,2026-01-04 06:47:00
806,467,1,2026-01-04 06:48:00
707,331,1,2026-01-04 06:49:00
186,226,1,2026-01-04 06:50:00
344,464,1,2026-01-04 06:51:00
223,347,0,2026-01-04 06:52:00
829,232,0,2026-01-04 06:53:00
487,265,1,2026-01-04 06:54:00
908,85,0,2026-01-04 06:55:00
876,101,3,2026-01-04 06:56:00
848,440,0,2026-01-04 06:57:00
228,480,0,2026-01-04 06:58:00
389,213,1,2026-01-04 06:59:00
978,107,0,2026-01-04 07:00:00
588,164,0,2026-01-04 07:01:00
187,460,0,2026-01-04 07:02:00
857,90,3,2026-01-04 07:03:00
269,191,0,2026-01-04 07:04:00
606,334,0,2026-01-04 07:05:00
309,85,0,2026-01-04 07:06:00
131,221,0,2026-01-04 07:07:00
550,362,0,2026-01-04 07:08:00
71,423,2,2026-01-04 07:09:00
792,100,3,2026-01-04 07:10:00
844,225,0,2026-01-04 07:11:00
671,363,1,2026-01-04 07:12:00
186,59,3,2026-01-04 07:13:00
485,481,0,2026-01-04 07:14:00
190,249,0,2026-01-04 07:15:00
421,47,2,2026-01-04 07:16:00
119,116,1,2026-01-04 07:17:00
219,226,0,2026-01-04 07:18:00
52,361,0,2026-01-04 07:19:00
733,402,0,2026-01-04 07:20:00
450,455,0,2026-01-04 07:21:00
411,486,1,2026-01-04 07:22:00
642,32,1,2026-01-04 07:23:00
236,43,1,2026-01-04 07:24:00
757,475,0,2026-01-04 07:25:00
737,164,0,2026-01-04 07:26:00
719,367,0,2026-01-04 07:27:00
405,344,2,2026-01-04 07:28:00
607,291,1,2026-01-04 07:29:00
421,336,0,2026-01-04 07:30:00
711,343,0,2026-01-04 07:31:00
246,404,2,2026-01-04 07:32:00
71,385,1,2026-01-04 07:33:00
829,286,0,2026-01-04 07:34:00
184,363,0,2026-01-04 07:35:00
5,224,0,2026-01-04 07:36:00
205,285,2,2026-01-04 07:37:00
543,203,1,2026-01-04 07:38:00
610,171,1,2026-01-04 07:39:00
905,11,2,2026-01-04 07:40:00
386,306,3,2026-01-04 07:41:00
767,120,0,2026-01-04 07:42:00
698,432,0,2026-01-04 07:43:00
75,243,0,2026-01-04 07:44:00
176,151,0,2026-01-04 07:45:00
826,151,1,2026-01-04 07:46:00
798,187,2,2026-01-04 07:47:00
348,394,1,2026-01-04 07:48:00
254,12,0,2026-01-04 07:49:00
836,90,0,2026-01-04 07:50:00
701,199,0,2026-01-04 07:51:00
307,73,2,2026-01-04 07:52:00
344,255,0,2026-01-04 07:53:00
126,455,0,2026-01-04 07:54:00
936,447,0,2026-01-04 07:55:00
286,275,3,2026-01-04 07:56:00
765,327,1,2026-01-04 07:57:00
724,328,2,2026-01-04 07:58:00
761,70,1,2026-01-04 07:59:00
595,77,1,2026-01-04 08:00:00
486,283,0,2026-01-04 08:01:00
382,129,0,2026-01-04 08:02:00
405,376,1,2026-01-04 08:03:00
387,42,2,2026-01-04 08:04:00
524,7,0,2026-01-04 08:05:00
556,12,0,2026-01-04 08:06:00
638,212,1,2026-01-04 08:07:00
937,110,0,2026-01-04 08:08:00
625,475,1,2026-01-04 08:09:00
944,290,0,2026-01-04 08:10:00
275,22,0,2026-01-04 08:11:00
499,301,0,2026-01-04 08:12:00
716,253,1,2026-01-04 08:13:00
336,14,1,2026-01-04 08:14:00
949,129,0,2026-01-04 08:15:00
931,60,2,2026-01-04 08:16:00
480,114,0,2026-01-04 08:17:00
896,459,0,2026-01-04 08:18:00
910,319,1,2026-01-04 08:19:00
972,307,0,2026-01-04 08:20:00
272,419,1,2026-01-04 08:21:00
919,450,3,2026-01-04 08:22:00
57,324,1,2026-01-04 08:23:00
327,66,1,2026-01-04 08:24:00
730,248,1,2026-01-04 08:25:00
108,174,0,2026-01-04 08:26:00
278,338,0,2026-01-04 08:27:00
685,1,0,2026-01-04 08:28:00
327,171,3,2026-01-04 08:29:00
775,484,0,2026-01-04 08:30:00
314,447,0,2026-01-04 08:31:00
473,464,2,2026-01-04 08:32:00
110,333,1,2026-01-04 08:33:00
698,283,3,2026-01-04 08:34:00
780,474,1,2026-01-04 08:35:00
934,53,0,2026-01-04 08:36:00
228,457,2,2026-01-04 08:37:00
496,66,0,2026-01-04 08:38:00
155,419,0,2026-01-04 08:39:00
472,101,1,2026-01-04 08:40:00
700,119,1,2026-01-04 08:41:00
271,190,2,2026-01-04 08:42:00
886,408,3,2026-01-04 08:43:00
1,469,2,2026-01-04 08:44:00
757,303,0,2026-01-04 08:45:00
721,422,1,2026-01-04 08:46:00
510,46,1,2026-01-04 08:47:00
912,221,3,2026-01-04 08:48:00
285,20,0,2026-01-04 08:49:00
870,157,0,2026-01-04 08:50:00
12,347,2,2026-01-04 08:51:00
607,158,0,2026-01-04 08:52:00
497,376,1,2026-01-04 08:53:00
732,371,0,2026-01-04 08:54:00
237,409,0,2026-01-04 08:55:00
93,234,1,2026-01-04 08:56:00
337,149,0,2026-01-04 08:57:00
780,404,1,2026-01-04 08:58:00
170,256,0,2026-01-04 08:59:00
980,164,0,2026-01-04 09:00:00
605,76,0,2026-01-04 09:01:00
660,84,1,2026-01-04 09:02:00
623,45,0,2026-01-04 09:03:00
566,392,1,2026-01-04 09:04:00
848,400,1,2026-01-04 09:05:00
935,46,1,2026-01-04 09:06:00
466,212,1,2026-01-04 09:07:00
627,478,0,2026-01-04 09:08:00
142,486,0,2026-01-04 09:09:00
200,58,1,2026-01-04 09:10:00
179,53,0,2026-01-04 09:11:00
713,341,2,2026-01-04 09:12:00
363,11,2,2026-01-04 09:13:00
478,191,0,2026-01-04 09:14:00
564,5,1,2026-01-04 09:15:00
470,308,2,2026-01-04 09:16:00
383,143,0,2026-01-04 09:17:00
691,345,1,2026-01-04 09:18:00
925,260,0,2026-01-04 09:19:00
416,72,1,2026-01-04 09:20:00
824,173,2,2026-01-04 09:21:00
307,231,1,2026-01-04 09:22:00
648,269,1,2026-01-04 09:23:00
693,427,2,2026-01-04 09:24:00
366,446,1,2026-01-04 09:25:00
0,361,1,2026-01-04 09:26:00
43,221,1,2026-01-04 09:27:00
738,51,1,2026-01-04 09:28:00
842,115,2,2026-01-04 09:29:00
97,25,3,2026-01-04 09:30:00
719,52,1,2026-01-04 09:31:00
264,364,1,2026-01-04 09:32:00
799,28,0,2026-01-04 09:33:00
782,18,2,2026-01-04 09:34:00
139,302,1,2026-01-04 09:35:00
480,391,1,2026-01-04 09:36:00
236,278,0,2026-01-04 09:37:00
973,116,2,2026-01-04 09:38:00
952,105,0,2026-01-04 09:39:00
903,418,0,2026-01-04 09:40:00
71,478,1,2026-01-04 09:41:00
666,308,1,2026-01-04 09:42:00
189,226,0,2026-01-04 09:43:00
267,351,1,2026-01-04 09:44:00
320,185,0,2026-01-04 09:45:00
106,260,0,2026-01-04 09:46:00
231,15,0,2026-01-04 09:47:00
41,272,2,2026-01-04 09:48:00
701,159,0,2026-01-04 09:49:00
882,357,0,2026-01-04 09:50:00
138,249,1,2026-01-04 09:51:00
614,223,0,2026-01-04 09:52:00
682,255,1,2026-01-04 09:53:00
862,179,2,2026-01-04 09:54:00
272,19,2,2026-01-04 09:55:00
480,111,0,2026-01-04 09:56:00
415,119,1,2026-01-04 09:57:00
505,193,1,2026-01-04 09:58:00
732,467,0,2026-01-04 09:59:00
724,110,0,2026-01-04 10:00:00
852,209,0,2026-01-04 10:01:00
423,0,0,2026-01-04 10:02:00
406,57,3,2026-01-04 10:03:00
567,92,1,2026-01-04 10:04:00
389,220,0,2026-01-04 10:05:00
341,210,0,2026-01-04 10:06:00
945,427,3,2026-01-04 10:07:00
613,231,0,2026-01-04 10:08:00
932,261,1,2026-01-04 10:09:00
492,363,0,2026-01-04 10:10:00
191,102,2,2026-01-04 10:11:00
498,49,1,2026-01-04 10:12:00
821,373,0,2026-01-04 10:13:00
711,109,0,2026-01-04 10:14:00
232,455,1,2026-01-04 10:15:00
944,87,2,2026-01-04 10:16:00
226,19,0,2026-01-04 10:17:00
370,13,1,2026-01-04 10:18:00
138,132,0,2026-01-04 10:19:00
855,424,2,2026-01-04 10:20:00
816,295,1,2026-01-04 10:21:00
148,33,0,2026-01-04 10:22:00
114,379,0,2026-01-04 10:23:00
449,207,0,2026-01-04 10:24:00
62,300,1,2026-01-04 10:25:00
103,198,0,2026-01-04 10:26:00
850,79,0,2026-01-04 10:27:00
870,70,3,2026-01-04 10:28:00
667,154,0,2026-01-04 10:29:00
272,77,1,2026-01-04 10:30:00
5,77,0,2026-01-04 10:31:00
146,171,0,2026-01-04 10:32:00
183,288,0,2026-01-04 10:33:00
997,32,1,2026-01-04 10:34:00
27,299,1,2026-01-04 10:35:00
961,275,2,2026-01-04 10:36:00
549,366,0,2026-01-04 10:37:00
118,419,0,2026-01-04 10:38:00
292,6,2,2026-01-04 10:39:00
370,159,0,2026-01-04 10:40:00
243,239,0,2026-01-04 10:41:00
579,450,0,2026-01-04 10:42:00
725,422,1,2026-01-04 10:43:00
217,476,2,2026-01-04 10:44:00
176,23,0,2026-01-04 10:45:00
298,213,0,2026-01-04 10:46:00
675,69,1,2026-01-04 10:47:00
57,367,2,2026-01-04 10:48:00
268,215,0,2026-01-04 10:49:00
307,103,2,2026-01-04 10:50:00
569,214,0,2026-01-04 10:51:00
287,53,0,2026-01-04 10:52:00
976,293,0,2026-01-04 10:53:00
104,329,0,2026-01-04 10:54:00
227,335,0,2026-01-04 10:55:00
246,202,2,2026-01-04 10:56:00
699,287,0,2026-01-04 10:57:00
493,44,0,2026-01-04 10:58:00
82,316,0,2026-01-04 10:59:00
185,197,1,2026-01-04 11:00:00
251,215,2,2026-01-04 11:01:00
354,480,0,2026-01-04 11:02:00
749,308,0,2026-01-04 11:03:00
871,383,0,2026-01-04 11:04:00
695,434,0,2026-01-04 11:05:00
795,331,0,2026-01-04 11:06:00
896,183,1,2026-01-04 11:07:00
937,26,1,2026-01-04 11:08:00
209,165,1,2026-01-04 11:09:00
815,317,0,2026-01-04 11:10:00
807,273,0,2026-01-04 11:11:00
608,382,1,2026-01-04 11:12:00
446,364,1,2026-01-04 11:13:00
459,102,0,2026-01-04 11:14:00
967,447,2,2026-01-04 11:15:00
471,332,0,2026-01-04 11:16:00
719,372,0,2026-01-04 11:17:00
369,103,0,2026-01-04 11:18:00
899,413,3,2026-01-04 11:19:00
933,244,0,2026-01-04 11:20:00
491,304,2,2026-01-04 11:21:00
922,168,0,2026-01-04 11:22:00
136,115,0,2026-01-04 11:23:00
366,140,1,2026-01-04 11:24:00
911,417,0,2026-01-04 11:25:00
183,355,0,2026-01-04 11:26:00
587,477,0,2026-01-04 11:27:00
286,124,2,2026-01-04 11:28:00
471,24,1,2026-01-04 11:29:00
374,193,0,2026-01-04 11:30:00
653,383,0,2026-01-04 11:31:00
748,99,1,2026-01-04 11:32:00
536,401,0,2026-01-04 11:33:00
510,4,0,2026-01-04 11:34:00
801,18,0,2026-01-04 11:35:00
578,169,1,2026-01-04 11:36:00
249,273,0,2026-01-04 11:37:00
919,253,1,2026-01-04 11:38:00
509,120,1,2026-01-04 11:39:00
629,31,3,2026-01-04 11:40:00
72,148,1,2026-01-04 11:41:00
281,265,0,2026-01-04 11:42:00
915,36,1,2026-01-04 11:43:00
959,176,2,2026-01-04 11:44:00
359,341,0,2026-01-04 11:45:00
9,12,0,2026-01-04 11:46:00
210,182,0,2026-01-04 11:47:00
834,144,2,2026-01-04 11:48:00
151,264,0,2026-01-04 11:49:00
4,87,0,2026-01-04 11:50:00
194,427,1,2026-01-04 11:51:00
953,461,2,2026-01-04 11:52:00
282,45,0,2026-01-04 11:53:00
463,391,1,2026-01-04 11:54:00
112,118,2,2026-01-04 11:55:00
270,420,0,2026-01-04 11:56:00
162,18,1,2026-01-04 11:57:00
459,446,1,2026-01-04 11:58:00
104,219,2,2026-01-04 11:59:00
692,429,1,2026-01-04 12:00:00
555,232,2,2026-01-04 12:01:00
281,93,0,2026-01-04 12:02:00
686,454,0,2026-01-04 12:03:00
161,250,0,2026-01-04 12:04:00
982,249,0,2026-01-04 12:05:00
350,281,2,2026-01-04 12:06:00
433,231,0,2026-01-04 12:07:00
851,45,0,2026-01-04 12:08:00
139,373,0,2026-01-04 12:09:00
470,45,0,2026-01-04 12:10:00
131,458,0,2026-01-04 12:11:00
86,13,0,2026-01-04 12:12:00
687,84,2,2026-01-04 12:13:00
182,318,0,2026-01-04 12:14:00
367,327,1,2026-01-04 12:15:00
128,2,1,2026-01-04 12:16:00
245,27,1,2026-01-04 12:17:00
600,380,0,2026-01-04 12:18:00
577,156,2,2026-01-04 12:19:00
669,342,1,2026-01-04 12:20:00
898,401,0,2026-01-04 12:21:00
377,418,0,2026-01-04 12:22:00
148,332,0,2026-01-04 12:23:00
984,331,1,2026-01-04 12:24:00
851,174,1,2026-01-04 12:25:00
432,113,0,2026-01-04 12:26:00
627,388,0,2026-01-04 12:27:00
725,486,2,2026-01-04 12:28:00
468,330,2,2026-01-04 12:29:00
445,249,1,2026-01-04 12:30:00
480,58,1,2026-01-04 12:31:00
883,202,2,2026-01-04 12:32:00
293,314,1,2026-01-04 12:33:00
764,238,0,2026-01-04 12:34:00
142,233,0,2026-01-04 12:35:00
249,302,1,2026-01-04 12:36:00
877,94,0,2026-01-04 12:37:00
947,478,0,2026-01-04 12:38:00
974,140,2,2026-01-04 12:39:00
301,333,1,2026-01-04 12:40:00
24,112,2,2026-01-04 12:41:00
788,108,0,2026-01-04 12:42:00
983,361,2,2026-01-04 12:43:00
888,344,0,2026-01-04 12:44:00
889,288,1,2026-01-04 12:45:00
900,96,0,2026-01-04 12:46:00
69,445,0,2026-01-04 12:47:00
624,334,0,2026-01-04 12:48:00
874,15,1,2026-01-04 12:49:00
111,43,0,2026-01-04 12:50:00
363,441,1,2026-01-04 12:51:00
302,375,0,2026-01-04 12:52:00
470,229,0,2026-01-04 12:53:00
963,389,1,2026-01-04 12:54:00
90,107,3,2026-01-04 12:55:00
529,216,0,2026-01-04 12:56:00
660,398,1,2026-01-04 12:57:00
987,259,3,2026-01-04 12:58:00
738,311,1,2026-01-04 12:59:00
725,319,1,2026-01-04 13:00:00
871,195,0,2026-01-04 13:01:00
662,477,0,2026-01-04 13:02:00
191,417,0,2026-01-04 13:03:00
962,474,0,2026-01-04 13:04:00
551,94,2,2026-01-04 13:05:00
241,55,0,2026-01-04 13:06:00
137,31,0,2026-01-04 13:07:00
344,491,2,2026-01-04 13:08:00
179,230,1,2026-01-04 13:09:00
711,371,2,2026-01-04 13:10:00
502,8,1,2026-01-04 13:11:00
202,190,0,2026-01-04 13:12:00
572,360,1,2026-01-04 13:13:00
191,199,1,2026-01-04 13:14:00
4,333,0,2026-01-04 13:15:00
889,160,0,2026-01-04 13:16:00
236,86,0,2026-01-04 13:17:00
692,20,1,2026-01-04 13:18:00
310,310,0,2026-01-04 13:19:00
548,75,1,2026-01-04 13:20:00
55,440,0,2026-01-04 13:21:00
442,385,0,2026-01-04 13:22:00
236,140,0,2026-01-04 13:23:00
869,125,0,2026-01-04 13:24:00
860,250,0,2026-01-04 13:25:00
196,387,0,2026-01-04 13:26:00
584,83,0,2026-01-04 13:27:00
570,433,3,2026-01-04 13:28:00
751,370,1,2026-01-04 13:29:00
513,47,1,2026-01-04 13:30:00
448,378,2,2026-01-04 13:31:00
359,77,2,2026-01-04 13:32:00
699,29,2,2026-01-04 13:33:00
818,284,0,2026-01-04 13:34:00
29,135,1,2026-01-04 13:35:00
778,139,2,2026-01-04 13:36:00
987,40,2,2026-01-04 13:37:00
107,485,1,2026-01-04 13:38:00
843,281,0,2026-01-04 13:39:00
934,49,3,2026-01-04 13:40:00
601,257,0,2026-01-04 13:41:00
716,310,0,2026-01-04 13:42:00
890,359,0,2026-01-04 13:43:00
967,439,0,2026-01-04 13:44:00
958,269,0,2026-01-04 13:45:00
959,133,0,2026-01-04 13:46:00
444,233,3,2026-01-04 13:47:00
892,127,0,2026-01-04 13:48:00
437,103,1,2026-01-04 13:49:00
731,253,2,2026-01-04 13:50:00
889,94,1,2026-01-04 13:51:00
605,336,0,2026-01-04 13:52:00
456,216,1,2026-01-04 13:53:00
614,60,0,2026-01-04 13:54:00
734,479,0,2026-01-04 13:55:00
697,267,1,2026-01-04 13:56:00
980,240,2,2026-01-04 13:57:00
695,12,1,2026-01-04 13:58:00
494,146,0,2026-01-04 13:59:00
673,427,0,2026-01-04 14:00:00
246,239,0,2026-01-04 14:01:00
542,88,1,2026-01-04 14:02:00
563,94,0,2026-01-04 14:03:00
856,314,2,2026-01-04 14:04:00
587,292,0,2026-01-04 14:05:00
896,24,0,2026-01-04 14:06:00
438,271,0,2026-01-04 14:07:00
277,165,0,2026-01-04 14:08:00
551,426,1,2026-01-04 14:09:00
612,496,2,2026-01-04 14:10:00
110,249,0,2026-01-04 14:11:00
384,86,0,2026-01-04 14:12:00
832,141,3,2026-01-04 14:13:00
760,133,1,2026-01-04 14:14:00
190,472,3,2026-01-04 14:15:00
489,278,0,2026-01-04 14:16:00
693,125,0,2026-01-04 14:17:00
425,315,0,2026-01-04 14:18:00
404,490,0,2026-01-04 14:19:00
334,395,1,2026-01-04 14:20:00
208,140,0,2026-01-04 14:21:00
21,355,1,2026-01-04 14:22:00
677,102,0,2026-01-04 14:23:00
610,225,2,2026-01-04 14:24:00
207,389,0,2026-01-04 14:25:00
7,62,0,2026-01-04 14:26:00
701,293,1,2026-01-04 14:27:00
686,383,0,2026-01-04 14:28:00
784,305,0,2026-01-04 14:29:00
528,253,0,2026-01-04 14:30:00
601,179,2,2026-01-04 14:31:00
652,39,1,2026-01-04 14:32:00
656,263,1,2026-01-04 14:33:00
165,188,3,2026-01-04 14:34:00
848,7,3,2026-01-04 14:35:00
495,103,1,2026-01-04 14:36:00
589,224,1,2026-01-04 14:37:00
428,33,1,2026-01-04 14:38:00
773,235,0,2026-01-04 14:39:00
162,462,3,2026-01-04 14:40:00
365,227,1,2026-01-04 14:41:00
525,187,0,2026-01-04 14:42:00
238,312,0,2026-01-04 14:43:00
71,482,0,2026-01-04 14:44:00
444,429,0,2026-01-04 14:45:00
654,21,0,2026-01-04 14:46:00
821,342,0,2026-01-04 14:47:00
508,39,0,2026-01-04 14:48:00
794,172,1,2026-01-04 14:49:00
268,438,0,2026-01-04 14:50:00
752,178,0,2026-01-04 14:51:00
414,85,0,2026-01-04 14:52:00
244,132,2,2026-01-04 14:53:00
674,350,0,2026-01-04 14:54:00
59,12,0,2026-01-04 14:55:00
5,27,1,2026-01-04 14:56:00
708,83,0,2026-01-04 14:57:00
981,480,0,2026-01-04 14:58:00
569,463,0,2026-01-04 14:59:00
816,317,1,2026-01-04 15:00:00
406,348,1,2026-01-04 15:01:00
216,342,1,2026-01-04 15:02:00
929,279,0,2026-01-04 15:03:00
25,353,1,2026-01-04 15:04:00
814,262,0,2026-01-04 15:05:00
4,165,0,2026-01-04 15:06:00
985,292,0,2026-01-04 15:07:00
531,67,1,2026-01-04 15:08:00
389,225,0,2026-01-04 15:09:00
709,169,1,2026-01-04 15:10:00
570,85,2,2026-01-04 15:11:00
447,132,0,2026-01-04 15:12:00
753,447,0,2026-01-04 15:13:00
145,177,0,2026-01-04 15:14:00
387,489,0,2026-01-04 15:15:00
784,342,0,2026-01-04 15:16:00
248,251,3,2026-01-04 15:17:00
525,14,0,2026-01-04 15:18:00
461,222,1,2026-01-04 15:19:00
12,378,0,2026-01-04 15:20:00
902,200,2,2026-01-04 15:21:00
383,106,2,2026-01-04 15:22:00
555,249,1,2026-01-04 15:23:00
886,436,2,2026-01-04 15:24:00
398,408,0,2026-01-04 15:25:00
18,88,0,2026-01-04 15:26:00
574,124,1,2026-01-04 15:27:00
490,112,1,2026-01-04 15:28:00
750,468,2,2026-01-04 15:29:00
418,136,0,2026-01-04 15:30:00
336,246,0,2026-01-04 15:31:00
418,495,0,2026-01-04 15:32:00
914,165,2,2026-01-04 15:33:00
915,149,2,2026-01-04 15:34:00
611,362,1,2026-01-04 15:35:00
674,342,1,2026-01-04 15:36:00
927,432,1,2026-01-04 15:37:00
121,67,1,2026-01-04 15:38:00
431,220,0,2026-01-04 15:39:00
43,270,1,2026-01-04 15:40:00
871,320,0,2026-01-04 15:41:00
919,309,1,2026-01-04 15:42:00
316,413,0,2026-01-04 15:43:00
380,348,1,2026-01-04 15:44:00
144,19,2,2026-01-04 15:45:00
326,288,1,2026-01-04 15:46:00
362,488,1,2026-01-04 15:47:00
49,491,1,2026-01-04 15:48:00
64,99,1,2026-01-04 15:49:00
354,251,0,2026-01-04 15:50:00
799,469,1,2026-01-04 15:51:00
163,76,0,2026-01-04 15:52:00
140,134,1,2026-01-04 15:53:00
965,391,1,2026-01-04 15:54:00
825,411,1,2026-01-04 15:55:00
127,172,1,2026-01-04 15:56:00
397,362,1,2026-01-04 15:57:00
932,200,2,2026-01-04 15:58:00
879,216,0,2026-01-04 15:59:00
462,375,3,2026-01-04 16:00:00
750,207,1,2026-01-04 16:01:00
835,73,0,2026-01-04 16:02:00
807,10,2,2026-01-04 16:03:00
186,286,1,2026-01-04 16:04:00
719,255,3,2026-01-04 16:05:00
731,11,1,2026-01-04 16:06:00
911,379,0,2026-01-04 16:07:00
189,478,0,2026-01-04 16:08:00
387,77,1,2026-01-04 16:09:00
428,434,2,2026-01-04 16:10:00
857,171,1,2026-01-04 16:11:00
283,95,0,2026-01-04 16:12:00
863,305,1,2026-01-04 16:13:00
236,372,1,2026-01-04 16:14:00
193,272,0,2026-01-04 16:15:00
286,418,0,2026-01-04 16:16:00
770,384,0,2026-01-04 16:17:00
757,412,0,2026-01-04 16:18:00
135,178,0,2026-01-04 16:19:00
791,63,0,2026-01-04 16:20:00
782,131,2,2026-01-04 16:21:00
170,342,0,2026-01-04 16:22:00
158,411,0,2026-01-04 16:23:00
200,271,0,2026-01-04 16:24:00
486,318,0,2026-01-04 16:25:00
556,331,1,2026-01-04 16:26:00
961,436,0,2026-01-04 16:27:00
775,340,1,2026-01-04 16:28:00
582,108,1,2026-01-04 16:29:00
503,272,0,2026-01-04 16:30:00
875,167,1,2026-01-04 16:31:00
370,396,1,2026-01-04 16:32:00
102,179,0,2026-01-04 16:33:00
124,57,1,2026-01-04 16:34:00
312,479,2,2026-01-04 16:35:00
975,420,1,2026-01-04 16:36:00
994,497,0,2026-01-04 16:37:00
797,78,2,2026-01-04 16:38:00
457,459,0,2026-01-04 16:39:00
229,60,0,2026-01-04 16:40:00
657,368,0,2026-01-04 16:41:00
881,120,1,2026-01-04 16:42:00
196,206,2,2026-01-04 16:43:00
884,33,0,2026-01-04 16:44:00
732,69,0,2026-01-04 16:45:00
422,16,1,2026-01-04 16:46:00
571,495,2,2026-01-04 16:47:00
609,496,0,2026-01-04 16:48:00
170,19,2,2026-01-04 16:49:00
381,456,0,2026-01-04 16:50:00
172,314,1,2026-01-04 16:51:00
662,68,1,2026-01-04 16:52:00
452,214,0,2026-01-04 16:53:00
349,160,1,2026-01-04 16:54:00
901,101,2,2026-01-04 16:55:00
951,375,0,2026-01-04 16:56:00
633,205,0,2026-01-04 16:57:00
493,144,0,2026-01-04 16:58:00
619,56,0,2026-01-04 16:59:00
3,82,1,2026-01-04 17:00:00
92,480,0,2026-01-04 17:01:00
918,384,1,2026-01-04 17:02:00
5,268,0,2026-01-04 17:03:00
287,493,3,2026-01-04 17:04:00
617,410,0,2026-01-04 17:05:00
145,453,0,2026-01-04 17:06:00
782,186,0,2026-01-04 17:07:00
423,5,2,2026-01-04 17:08:00
889,352,0,2026-01-04 17:09:00
607,349,0,2026-01-04 17:10:00
456,109,2,2026-01-04 17:11:00
740,482,2,2026-01-04 17:12:00
201,406,2,2026-01-04 17:13:00
211,137,0,2026-01-04 17:14:00
5,50,0,2026-01-04 17:15:00
623,402,1,2026-01-04 17:16:00
375,50,0,2026-01-04 17:17:00
890,475,0,2026-01-04 17:18:00
446,86,0,2026-01-04 17:19:00
834,67,3,2026-01-04 17:20:00
105,83,0,2026-01-04 17:21:00
650,466,1,2026-01-04 17:22:00
810,41,0,2026-01-04 17:23:00
400,218,1,2026-01-04 17:24:00
95,56,1,2026-01-04 17:25:00
387,225,0,2026-01-04 17:26:00
958,195,0,2026-01-04 17:27:00
451,247,1,2026-01-04 17:28:00
848,165,0,2026-01-04 17:29:00
808,61,1,2026-01-04 17:30:00
978,262,1,2026-01-04 17:31:00
900,111,1,2026-01-04 17:32:00
415,252,0,2026-01-04 17:33:00
725,198,0,2026-01-04 17:34:00
503,177,1,2026-01-04 17:35:00
453,435,0,2026-01-04 17:36:00
290,25,3,2026-01-04 17:37:00
533,409,3,2026-01-04 17:38:00
192,245,0,2026-01-04 17:39:00
979,18,0,2026-01-04 17:40:00
149,264,0,2026-01-04 17:41:00
879,316,3,2026-01-04 17:42:00
758,19,0,2026-01-04 17:43:00
778,105,0,2026-01-04 17:44:00
972,236,1,2026-01-04 17:45:00
762,305,0,2026-01-04 17:46:00
514,463,0,2026-01-04 17:47:00
392,245,0,2026-01-04 17:48:00
315,80,1,2026-01-04 17:49:00
75,149,0,2026-01-04 17:50:00
598,396,1,2026-01-04 17:51:00
269,395,2,2026-01-04 17:52:00
224,9,1,2026-01-04 17:53:00
529,320,1,2026-01-04 17:54:00
112,223,0,2026-01-04 17:55:00
250,413,0,2026-01-04 17:56:00
232,263,0,2026-01-04 17:57:00
840,148,1,2026-01-04 17:58:00
790,277,0,2026-01-04 17:59:00
713,273,0,2026-01-04 18:00:00
82,193,0,2026-01-04 18:01:00
124,431,0,2026-01-04 18:02:00
174,171,1,2026-01-04 18:03:00
68,264,1,2026-01-04 18:04:00
46,450,0,2026-01-04 18:05:00
883,309,1,2026-01-04 18:06:00
255,25,0,2026-01-04 18:07:00
726,468,1,2026-01-04 18:08:00
29,349,2,2026-01-04 18:09:00
280,475,0,2026-01-04 18:10:00
923,355,0,2026-01-04 18:11:00
993,25,1,2026-01-04 18:12:00
236,33,2,2026-01-04 18:13:00
247,263,1,2026-01-04 18:14:00
367,137,2,2026-01-04 18:15:00
494,303,1,2026-01-04 18:16:00
24,182,1,2026-01-04 18:17:00
585,362,1,2026-01-04 18:18:00
717,241,0,2026-01-04 18:19:00
489,53,1,2026-01-04 18:20:00
493,461,1,2026-01-04 18:21:00
313,167,1,2026-01-04 18:22:00
605,118,0,2026-01-04 18:23:00
374,142,0,2026-01-04 18:24:00
638,80,1,2026-01-04 18:25:00
936,244,1,2026-01-04 18:26:00
24,401,3,2026-01-04 18:27:00
333,351,0,2026-01-04 18:28:00
354,357,0,2026-01-04 18:29:00
115,406,0,2026-01-04 18:30:00
47,61,1,2026-01-04 18:31:00
737,45,0,2026-01-04 18:32:00
777,86,2,2026-01-04 18:33:00
98,98,0,2026-01-04 18:34:00
458,294,2,2026-01-04 18:35:00
522,398,1,2026-01-04 18:36:00
596,52,2,2026-01-04 18:37:00
404,471,0,2026-01-04 18:38:00
213,191,1,2026-01-04 18:39:00
684,446,0,2026-01-04 18:40:00
902,475,0,2026-01-04 18:41:00
502,79,0,2026-01-04 18:42:00
720,15,1,2026-01-04 18:43:00
447,359,0,2026-01-04 18:44:00
893,486,2,2026-01-04 18:45:00
575,325,0,2026-01-04 18:46:00
257,193,0,2026-01-04 18:47:00
843,140,0,2026-01-04 18:48:00
120,107,1,2026-01-04 18:49:00
809,302,0,2026-01-04 18:50:00
977,264,2,2026-01-04 18:51:00
53,446,1,2026-01-04 18:52:00
330,289,2,2026-01-04 18:53:00
783,208,0,2026-01-04 18:54:00
240,474,0,2026-01-04 18:55:00
754,412,1,2026-01-04 18:56:00
529,164,2,2026-01-04 18:57:00
482,426,0,2026-01-04 18:58:00
186,341,2,2026-01-04 18:59:00
857,370,0,2026-01-04 19:00:00
655,319,1,2026-01-04 19:01:00
261,151,0,2026-01-04 19:02:00
952,454,0,2026-01-04 19:03:00
363,289,0,2026-01-04 19:04:00
490,431,2,2026-01-04 19:05:00
430,267,3,2026-01-04 19:06:00
238,150,0,2026-01-04 19:07:00
303,206,2,2026-01-04 19:08:00
297,254,1,2026-01-04 19:09:00
75,352,1,2026-01-04 19:10:00
699,376,0,2026-01-04 19:11:00
332,140,1,2026-01-04 19:12:00
899,342,0,2026-01-04 19:13:00
998,357,0,2026-01-04 19:14:00
757,95,1,2026-01-04 19:15:00
641,428,2,2026-01-04 19:16:00
473,369,1,2026-01-04 19:17:00
826,226,2,2026-01-04 19:18:00
922,192,2,2026-01-04 19:19:00
282,302,0,2026-01-04 19:20:00
590,313,0,2026-01-04 19:21:00
71,492,1,2026-01-04 19:22:00
262,388,2,2026-01-04 19:23:00
702,376,3,2026-01-04 19:24:00
878,460,1,2026-01-04 19:25:00
886,117,1,2026-01-04 19:26:00
941,4,1,2026-01-04 19:27:00
574,443,0,2026-01-04 19:28:00
999,351,0,2026-01-04 19:29:00
891,242,1,2026-01-04 19:30:00
11,20,2,2026-01-04 19:31:00
140,151,3,2026-01-04 19:32:00
765,127,0,2026-01-04 19:33:00
554,123,1,2026-01-04 19:34:00
16,145,2,2026-01-04 19:35:00
62,276,1,2026-01-04 19:36:00
252,309,0,2026-01-04 19:37:00
464,393,1,2026-01-04 19:38:00
375,151,1,2026-01-04 19:39:00
803,359,1,2026-01-04 19:40:00
980,110,1,2026-01-04 19:41:00
519,468,2,2026-01-04 19:42:00
836,472,0,2026-01-04 19:43:00
89,115,0,2026-01-04 19:44:00
719,187,1,2026-01-04 19:45:00
803,56,0,2026-01-04 19:46:00
795,250,3,2026-01-04 19:47:00
629,383,0,2026-01-04 19:48:00
860,406,0,2026-01-04 19:49:00
174,149,2,2026-01-04 19:50:00
75,451,0,2026-01-04 19:51:00
612,161,2,2026-01-04 19:52:00
925,119,1,2026-01-04 19:53:00
662,69,0,2026-01-04 19:54:00
399,411,2,2026-01-04 19:55:00
781,350,0,2026-01-04 19:56:00
969,98,1,2026-01-04 19:57:00
70,166,0,2026-01-04 19:58:00
179,297,0,2026-01-04 19:59:00
123,150,2,2026-01-04 20:00:00
380,325,1,2026-01-04 20:01:00
292,463,0,2026-01-04 20:02:00
796,1,1,2026-01-04 20:03:00
194,151,1,2026-01-04 20:04:00
910,400,2,2026-01-04 20:05:00
227,364,0,2026-01-04 20:06:00
430,64,2,2026-01-04 20:07:00
941,325,1,2026-01-04 20:08:00
435,68,1,2026-01-04 20:09:00
786,120,3,2026-01-04 20:10:00
460,108,0,2026-01-04 20:11:00
617,315,0,2026-01-04 20:12:00
20,246,0,2026-01-04 20:13:00
63,433,0,2026-01-04 20:14:00
164,92,0,2026-01-04 20:15:00
26,267,1,2026-01-04 20:16:00
310,102,0,2026-01-04 20:17:00
284,430,0,2026-01-04 20:18:00
659,450,0,2026-01-04 20:19:00
280,111,0,2026-01-04 20:20:00
837,320,0,2026-01-04 20:21:00
830,410,1,2026-01-04 20:22:00
163,303,0,2026-01-04 20:23:00
897,343,3,2026-01-04 20:24:00
917,61,0,2026-01-04 20:25:00
223,299,2,2026-01-04 20:26:00
783,402,0,2026-01-04 20:27:00
145,442,1,2026-01-04 20:28:00
964,135,1,2026-01-04 20:29:00
949,54,2,2026-01-04 20:30:00
867,107,1,2026-01-04 20:31:00
29,302,3,2026-01-04 20:32:00
44,257,1,2026-01-04 20:33:00
786,252,1,2026-01-04 20:34:00
470,221,2,2026-01-04 20:35:00
33,477,1,2026-01-04 20:36:00
652,368,1,2026-01-04 20:37:00
426,166,0,2026-01-04 20:38:00
829,428,2,2026-01-04 20:39:00
885,159,0,2026-01-04 20:40:00
220,448,1,2026-01-04 20:41:00
867,165,0,2026-01-04 20:42:00
533,204,0,2026-01-04 20:43:00
691,266,1,2026-01-04 20:44:00
947,137,1,2026-01-04 20:45:00
366,367,0,2026-01-04 20:46:00
931,442,0,2026-01-04 20:47:00
840,345,0,2026-01-04 20:48:00
742,247,1,2026-01-04 20:49:00
914,54,0,2026-01-04 20:50:00
549,403,1,2026-01-04 20:51:00
581,208,1,2026-01-04 20:52:00
115,16,3,2026-01-04 20:53:00
238,67,0,2026-01-04 20:54:00
334,132,0,2026-01-04 20:55:00
440,187,1,2026-01-04 20:56:00
147,406,1,2026-01-04 20:57:00
8,429,0,2026-01-04 20:58:00
287,307,2,2026-01-04 20:59:00
387,137,0,2026-01-04 21:00:00
49,173,0,2026-01-04 21:01:00
849,411,0,2026-01-04 21:02:00
516,96,2,2026-01-04 21:03:00
915,170,0,2026-01-04 21:04:00
854,153,0,2026-01-04 21:05:00
637,182,0,2026-01-04 21:06:00
586,241,1,2026-01-04 21:07:00
676,303,2,2026-01-04 21:08:00
277,284,0,2026-01-04 21:09:00
953,26,0,2026-01-04 21:10:00
835,401,0,2026-01-04 21:11:00
988,359,1,2026-01-04 21:12:00
299,59,0,2026-01-04 21:13:00
801,201,2,2026-01-04 21:14:00
588,249,0,2026-01-04 21:15:00
809,361,0,2026-01-04 21:16:00
648,68,0,2026-01-04 21:17:00
617,457,2,2026-01-04 21:18:00
606,369,1,2026-01-04 21:19:00
134,20,3,2026-01-04 21:20:00
579,151,0,2026-01-04 21:21:00
146,101,0,2026-01-04 21:22:00
489,386,1,2026-01-04 21:23:00
477,487,1,2026-01-04 21:24:00
158,94,1,2026-01-04 21:25:00
383,445,0,2026-01-04 21:26:00
162,360,0,2026-01-04 21:27:00
440,228,0,2026-01-04 21:28:00
852,124,1,2026-01-04 21:29:00
188,257,1,2026-01-04 21:30:00
414,321,2,2026-01-04 21:31:00
338,486,0,2026-01-04 21:32:00
606,368,2,2026-01-04 21:33:00
180,425,0,2026-01-04 21:34:00
287,235,0,2026-01-04 21:35:00
833,161,3,2026-01-04 21:36:00
186,41,1,2026-01-04 21:37:00
883,275,1,2026-01-04 21:38:00
137,352,1,2026-01-04 21:39:00
129,67,0,2026-01-04 21:40:00
193,172,1,2026-01-04 21:41:00
315,491,2,2026-01-04 21:42:00
983,330,0,2026-01-04 21:43:00
784,124,1,2026-01-04 21:44:00
863,169,1,2026-01-04 21:45:00
143,46,0,2026-01-04 21:46:00
15,260,0,2026-01-04 21:47:00
301,216,0,2026-01-04 21:48:00
422,304,1,2026-01-04 21:49:00
244,123,2,2026-01-04 21:50:00
926,292,1,2026-01-04 21:51:00
106,161,0,2026-01-04 21:52:00
87,200,1,2026-01-04 21:53:00
128,453,2,2026-01-04 21:54:00
906,401,0,2026-01-04 21:55:00
886,461,2,2026-01-04 21:56:00
340,274,1,2026-01-04 21:57:00
3,205,0,2026-01-04 21:58:00
326,39,0,2026-01-04 21:59:00
409,272,1,2026-01-04 22:00:00
878,187,1,2026-01-04 22:01:00
305,354,2,2026-01-04 22:02:00
907,92,1,2026-01-04 22:03:00
606,41,0,2026-01-04 22:04:00
720,464,0,2026-01-04 22:05:00
224,378,1,2026-01-04 22:06:00
970,106,0,2026-01-04 22:07:00
347,327,1,2026-01-04 22:08:00
991,64,0,2026-01-04 22:09:00
320,364,0,2026-01-04 22:10:00
558,308,0,2026-01-04 22:11:00
987,483,0,2026-01-04 22:12:00
180,134,1,2026-01-04 22:13:00
617,493,0,2026-01-04 22:14:00
710,388,2,2026-01-04 22:15:00
385,23,1,2026-01-04 22:16:00
617,27,0,2026-01-04 22:17:00
791,61,0,2026-01-04 22:18:00
771,490,1,2026-01-04 22:19:00
107,272,0,2026-01-04 22:20:00
530,228,3,2026-01-04 22:21:00
409,19,1,2026-01-04 22:22:00
970,2,0,2026-01-04 22:23:00
295,420,1,2026-01-04 22:24:00
817,217,0,2026-01-04 22:25:00
170,398,0,2026-01-04 22:26:00
330,306,2,2026-01-04 22:27:00
492,431,0,2026-01-04 22:28:00
194,135,1,2026-01-04 22:29:00
11,396,3,2026-01-04 22:30:00
194,431,0,2026-01-04 22:31:00
489,2,0,2026-01-04 22:32:00
794,192,0,2026-01-04 22:33:00
880,72,0,2026-01-04 22:34:00
181,414,0,2026-01-04 22:35:00
961,360,2,2026-01-04 22:36:00
816,117,2,2026-01-04 22:37:00
655,153,1,2026-01-04 22:38:00
897,208,0,2026-01-04 22:39:00
315,439,2,2026-01-04 22:40:00
693,33,1,2026-01-04 22:41:00
29,136,0,2026-01-04 22:42:00
595,317,0,2026-01-04 22:43:00
677,119,0,2026-01-04 22:44:00
795,114,2,2026-01-04 22:45:00
792,12,1,2026-01-04 22:46:00
95,68,1,2026-01-04 22:47:00
380,424,1,2026-01-04 22:48:00
777,332,1,2026-01-04 22:49:00
443,256,0,2026-01-04 22:50:00
297,88,1,2026-01-04 22:51:00
807,46,2,2026-01-04 22:52:00
736,259,0,2026-01-04 22:53:00
844,227,3,2026-01-04 22:54:00
360,446,0,2026-01-04 22:55:00
373,179,0,2026-01-04 22:56:00
553,9,1,2026-01-04 22:57:00
302,283,2,2026-01-04 22:58:00
420,376,0,2026-01-04 22:59:00
245,125,1,2026-01-04 23:00:00
719,133,0,2026-01-04 23:01:00
236,154,1,2026-01-04 23:02:00
533,247,0,2026-01-04 23:03:00
184,139,0,2026-01-04 23:04:00
467,317,0,2026-01-04 23:05:00
753,435,0,2026-01-04 23:06:00
362,175,0,2026-01-04 23:07:00
282,322,1,2026-01-04 23:08:00
552,173,0,2026-01-04 23:09:00
335,480,0,2026-01-04 23:10:00
161,73,0,2026-01-04 23:11:00
159,350,0,2026-01-04 23:12:00
473,142,0,2026-01-04 23:13:00
600,454,0,2026-01-04 23:14:00
321,291,0,2026-01-04 23:15:00
11,397,0,2026-01-04 23:16:00
423,111,1,2026-01-04 23:17:00
72,205,1,2026-01-04 23:18:00
587,130,0,2026-01-04 23:19:00
857,368,0,2026-01-04 23:20:00
200,109,0,2026-01-04 23:21:00
521,369,0,2026-01-04 23:22:00
863,66,0,2026-01-04 23:23:00
504,381,1,2026-01-04 23:24:00
737,85,0,2026-01-04 23:25:00
687,274,3,2026-01-04 23:26:00
787,226,0,2026-01-04 23:27:00
38,459,1,2026-01-04 23:28:00
59,437,1,2026-01-04 23:29:00
577,324,0,2026-01-04 23:30:00
320,9,0,2026-01-04 23:31:00
434,488,1,2026-01-04 23:32:00
635,416,2,2026-01-04 23:33:00
675,396,0,2026-01-04 23:34:00
407,383,0,2026-01-04 23:35:00
922,354,0,2026-01-04 23:36:00
385,434,0,2026-01-04 23:37:00
670,287,2,2026-01-04 23:38:00
568,458,1,2026-01-04 23:39:00
77,111,0,2026-01-04 23:40:00
193,485,0,2026-01-04 23:41:00
284,23,0,2026-01-04 23:42:00
526,290,2,2026-01-04 23:43:00
523,338,2,2026-01-04 23:44:00
612,325,0,2026-01-04 23:45:00
155,167,0,2026-01-04 23:46:00
339,437,2,2026-01-04 23:47:00
124,108,0,2026-01-04 23:48:00
870,427,0,2026-01-04 23:49:00
279,189,0,2026-01-04 23:50:00
916,489,0,2026-01-04 23:51:00
905,354,0,2026-01-04 23:52:00
621,195,3,2026-01-04 23:53:00
845,32,1,2026-01-04 23:54:00
868,204,0,2026-01-04 23:55:00
657,311,0,2026-01-04 23:56:00
727,419,1,2026-01-04 23:57:00
909,181,0,2026-01-04 23:58:00
673,490,0,2026-01-04 23:59:00
127,146,0,2026-01-05 00:00:00
313,426,1,2026-01-05 00:01:00
331,267,0,2026-01-05 00:02:00
149,10,0,2026-01-05 00:03:00
453,69,0,2026-01-05 00:04:00
35,255,0,2026-01-05 00:05:00
684,395,3,2026-01-05 00:06:00
419,218,1,2026-01-05 00:07:00
21,296,0,2026-01-05 00:08:00
205,408,0,2026-01-05 00:09:00
638,361,1,2026-01-05 00:10:00
847,258,0,2026-01-05 00:11:00
956,2,1,2026-01-05 00:12:00
355,83,1,2026-01-05 00:13:00
439,155,0,2026-01-05 00:14:00
728,150,3,2026-01-05 00:15:00
95,175,0,2026-01-05 00:16:00
928,194,0,2026-01-05 00:17:00
940,425,1,2026-01-05 00:18:00
163,471,2,2026-01-05 00:19:00
147,106,1,2026-01-05 00:20:00
529,423,1,2026-01-05 00:21:00
293,133,0,2026-01-05 00:22:00
194,275,0,2026-01-05 00:23:00
662,394,0,2026-01-05 00:24:00
479,351,1,2026-01-05 00:25:00
876,379,0,2026-01-05 00:26:00
122,154,0,2026-01-05 00:27:00
399,276,2,2026-01-05 00:28:00
698,235,0,2026-01-05 00:29:00
964,239,0,2026-01-05 00:30:00
451,369,0,2026-01-05 00:31:00
660,12,0,2026-01-05 00:32:00
103,341,0,2026-01-05 00:33:00
754,34,0,2026-01-05 00:34:00
461,46,0,2026-01-05 00:35:00
742,213,0,2026-01-05 00:36:00
990,411,0,2026-01-05 00:37:00
717,404,0,2026-01-05 00:38:00
709,493,0,2026-01-05 00:39:00
395,145,0,2026-01-05 00:40:00
911,158,0,2026-01-05 00:41:00
336,443,2,2026-01-05 00:42:00
598,124,2,2026-01-05 00:43:00
141,109,0,2026-01-05 00:44:00
316,36,0,2026-01-05 00:45:00
710,276,1,2026-01-05 00:46:00
557,13,1,2026-01-05 00:47:00
799,472,3,2026-01-05 00:48:00
526,346,0,2026-01-05 00:49:00
555,231,1,2026-01-05 00:50:00
400,315,2,2026-01-05 00:51:00
680,123,0,2026-01-05 00:52:00
309,278,0,2026-01-05 00:53:00
494,478,0,2026-01-05 00:54:00
555,110,0,2026-01-05 00:55:00
609,123,0,2026-01-05 00:56:00
772,412,1,2026-01-05 00:57:00
108,430,0,2026-01-05 00:58:00
794,29,0,2026-01-05 00:59:00
371,114,2,2026-01-05 01:00:00
854,89,0,2026-01-05 01:01:00
615,211,0,2026-01-05 01:02:00
767,37,0,2026-01-05 01:03:00
890,82,0,2026-01-05 01:04:00
205,26,0,2026-01-05 01:05:00
846,216,2,2026-01-05 01:06:00
42,359,0,2026-01-05 01:07:00
864,485,1,2026-01-05 01:08:00
244,371,0,2026-01-05 01:09:00
286,214,2,2026-01-05 01:10:00
354,220,1,2026-01-05 01:11:00
784,14,2,2026-01-05 01:12:00
475,442,0,2026-01-05 01:13:00
82,258,2,2026-01-05 01:14:00
109,265,2,2026-01-05 01:15:00
949,462,1,2026-01-05 01:16:00
189,119,0,2026-01-05 01:17:00
982,463,0,2026-01-05 01:18:00
799,400,0,2026-01-05 01:19:00
935,127,0,2026-01-05 01:20:00
908,210,1,2026-01-05 01:21:00
250,10,1,2026-01-05 01:22:00
723,175,1,2026-01-05 01:23:00
290,132,0,2026-01-05 01:24:00
644,324,0,2026-01-05 01:25:00
200,319,0,2026-01-05 01:26:00
796,13,0,2026-01-05 01:27:00
325,49,1,2026-01-05 01:28:00
510,409,0,2026-01-05 01:29:00
408,71,1,2026-01-05 01:30:00
606,68,0,2026-01-05 01:31:00
789,390,2,2026-01-05 01:32:00
961,382,0,2026-01-05 01:33:00
940,15,0,2026-01-05 01:34:00
836,438,0,2026-01-05 01:35:00
507,333,0,2026-01-05 01:36:00
730,356,1,2026-01-05 01:37:00
600,55,1,2026-01-05 01:38:00
71,104,0,2026-01-05 01:39:00
246,131,0,2026-01-05 01:40:00
640,483,1,2026-01-05 01:41:00
723,47,0,2026-01-05 01:42:00
939,247,0,2026-01-05 01:43:00
854,272,2,2026-01-05 01:44:00
607,110,0,2026-01-05 01:45:00
586,419,1,2026-01-05 01:46:00
934,325,1,2026-01-05 01:47:00
565,335,2,2026-01-05 01:48:00
343,348,1,2026-01-05 01:49:00
970,483,0,2026-01-05 01:50:00
924,37,0,2026-01-05 01:51:00
53,356,3,2026-01-05 01:52:00
729,239,0,2026-01-05 01:53:00
527,317,1,2026-01-05 01:54:00
610,120,2,2026-01-05 01:55:00
531,47,1,2026-01-05 01:56:00
557,9,0,2026-01-05 01:57:00
962,232,0,2026-01-05 01:58:00
192,35,0,2026-01-05 01:59:00
894,412,0,2026-01-05 02:00:00
57,461,3,2026-01-05 02:01:00
436,3,1,2026-01-05 02:02:00
110,43,1,2026-01-05 02:03:00
128,55,0,2026-01-05 02:04:00
848,41,0,2026-01-05 02:05:00
705,254,0,2026-01-05 02:06:00
924,227,0,2026-01-05 02:07:00
851,113,0,2026-01-05 02:08:00
325,236,0,2026-01-05 02:09:00
7,396,0,2026-01-05 02:10:00
28,173,0,2026-01-05 02:11:00
111,254,3,2026-01-05 02:12:00
946,465,0,2026-01-05 02:13:00
672,416,1,2026-01-05 02:14:00
130,276,0,2026-01-05 02:15:00
187,463,0,2026-01-05 02:16:00
674,334,0,2026-01-05 02:17:00
708,440,1,2026-01-05 02:18:00
474,68,0,2026-01-05 02:19:00
363,325,0,2026-01-05 02:20:00
203,229,2,2026-01-05 02:21:00
211,66,0,2026-01-05 02:22:00
620,303,0,2026-01-05 02:23:00
275,459,0,2026-01-05 02:24:00
72,483,0,2026-01-05 02:25:00
678,416,1,2026-01-05 02:26:00
771,35,1,2026-01-05 02:27:00
242,416,0,2026-01-05 02:28:00
786,158,0,2026-01-05 02:29:00
101,148,1,2026-01-05 02:30:00
986,26,0,2026-01-05 02:31:00
684,474,2,2026-01-05 02:32:00
170,71,0,2026-01-05 02:33:00
652,247,1,2026-01-05 02:34:00
908,100,2,2026-01-05 02:35:00
187,189,1,2026-01-05 02:36:00
440,95,0,2026-01-05 02:37:00
85,383,1,2026-01-05 02:38:00
475,281,1,2026-01-05 02:39:00
51,321,1,2026-01-05 02:40:00
110,395,0,2026-01-05 02:41:00
948,277,1,2026-01-05 02:42:00
876,16,0,2026-01-05 02:43:00
853,262,0,2026-01-05 02:44:00
42,106,1,2026-01-05 02:45:00
210,67,0,2026-01-05 02:46:00
967,127,1,2026-01-05 02:47:00
199,292,2,2026-01-05 02:48:00
809,293,2,2026-01-05 02:49:00
857,95,1,2026-01-05 02:50:00
751,394,0,2026-01-05 02:51:00
626,0,0,2026-01-05 02:52:00
25,408,0,2026-01-05 02:53:00
918,297,0,2026-01-05 02:54:00
298,179,0,2026-01-05 02:55:00
76,407,1,2026-01-05 02:56:00
923,180,0,2026-01-05 02:57:00
136,234,0,2026-01-05 02:58:00
19,439,1,2026-01-05 02:59:00
439,318,0,2026-01-05 03:00:00
210,336,0,2026-01-05 03:01:00
751,7,0,2026-01-05 03:02:00
550,442,1,2026-01-05 03:03:00
434,428,1,2026-01-05 03:04:00
779,26,1,2026-01-05 03:05:00
206,307,0,2026-01-05 03:06:00
990,145,1,2026-01-05 03:07:00
438,90,1,2026-01-05 03:08:00
973,341,0,2026-01-05 03:09:00
778,271,0,2026-01-05 03:10:00
665,321,1,2026-01-05 03:11:00
41,4,0,2026-01-05 03:12:00
410,81,1,2026-01-05 03:13:00
522,386,0,2026-01-05 03:14:00
805,218,1,2026-01-05 03:15:00
609,117,0,2026-01-05 03:16:00
426,80,0,2026-01-05 03:17:00
274,463,0,2026-01-05 03:18:00
447,69,2,2026-01-05 03:19:00
901,114,2,2026-01-05 03:20:00
941,262,1,2026-01-05 03:21:00
883,305,1,2026-01-05 03:22:00
741,141,0,2026-01-05 03:23:00
368,421,1,2026-01-05 03:24:00
937,487,0,2026-01-05 03:25:00
219,206,0,2026-01-05 03:26:00
576,110,0,2026-01-05 03:27:00
866,302,0,2026-01-05 03:28:00
231,111,0,2026-01-05 03:29:00
327,416,0,2026-01-05 03:30:00
442,42,0,2026-01-05 03:31:00
51,346,1,2026-01-05 03:32:00
885,284,0,2026-01-05 03:33:00
942,127,0,2026-01-05 03:34:00
375,184,2,2026-01-05 03:35:00
262,228,0,2026-01-05 03:36:00
266,388,2,2026-01-05 03:37:00
358,220,1,2026-01-05 03:38:00
316,351,0,2026-01-05 03:39:00
323,443,0,2026-01-05 03:40:00
920,116,0,2026-01-05 03:41:00
907,69,0,2026-01-05 03:42:00
665,385,0,2026-01-05 03:43:00
869,69,0,2026-01-05 03:44:00
877,109,0,2026-01-05 03:45:00
651,426,1,2026-01-05 03:46:00
938,131,0,2026-01-05 03:47:00
562,55,1,2026-01-05 03:48:00
628,476,0,2026-01-05 03:49:00
420,442,1,2026-01-05 03:50:00
45,88,0,2026-01-05 03:51:00
820,136,1,2026-01-05 03:52:00
599,130,0,2026-01-05 03:53:00
719,217,1,2026-01-05 03:54:00
888,175,0,2026-01-05 03:55:00
268,170,0,2026-01-05 03:56:00
600,474,0,2026-01-05 03:57:00
380,99,0,2026-01-05 03:58:00
117,479,0,2026-01-05 03:59:00
565,128,0,2026-01-05 04:00:00
952,56,0,2026-01-05 04:01:00
115,180,0,2026-01-05 04:02:00
629,245,1,2026-01-05 04:03:00
259,143,3,2026-01-05 04:04:00
74,50,0,2026-01-05 04:05:00
479,367,1,2026-01-05 04:06:00
304,458,1,2026-01-05 04:07:00
6,217,0,2026-01-05 04:08:00
365,103,0,2026-01-05 04:09:00
633,382,0,2026-01-05 04:10:00
522,54,2,2026-01-05 04:11:00
347,256,0,2026-01-05 04:12:00
437,345,1,2026-01-05 04:13:00
214,155,1,2026-01-05 04:14:00
428,52,0,2026-01-05 04:15:00
790,441,0,2026-01-05 04:16:00
497,328,1,2026-01-05 04:17:00
539,443,0,2026-01-05 04:18:00
746,186,0,2026-01-05 04:19:00
366,363,0,2026-01-05 04:20:00
312,149,3,2026-01-05 04:21:00
537,263,0,2026-01-05 04:22:00
920,249,1,2026-01-05 04:23:00
53,432,0,2026-01-05 04:24:00
540,297,0,2026-01-05 04:25:00
466,410,2,2026-01-05 04:26:00
864,422,1,2026-01-05 04:27:00
163,210,0,2026-01-05 04:28:00
781,24,1,2026-01-05 04:29:00
333,293,0,2026-01-05 04:30:00
546,340,1,2026-01-05 04:31:00
797,151,0,2026-01-05 04:32:00
347,23,1,2026-01-05 04:33:00
272,251,1,2026-01-05 04:34:00
962,59,0,2026-01-05 04:35:00
719,466,2,2026-01-05 04:36:00
749,433,3,2026-01-05 04:37:00
413,366,0,2026-01-05 04:38:00
499,65,2,2026-01-05 04:39:00
92,397,1,2026-01-05 04:40:00
684,52,1,2026-01-05 04:41:00
78,415,3,2026-01-05 04:42:00
621,105,0,2026-01-05 04:43:00
216,95,1,2026-01-05 04:44:00
946,475,2,2026-01-05 04:45:00
357,175,0,2026-01-05 04:46:00
617,38,0,2026-01-05 04:47:00
506,167,0,2026-01-05 04:48:00
558,41,1,2026-01-05 04:49:00
180,366,1,2026-01-05 04:50:00
575,103,0,2026-01-05 04:51:00
245,332,0,2026-01-05 04:52:00
243,203,0,2026-01-05 04:53:00
505,7,0,2026-01-05 04:54:00
421,462,1,2026-01-05 04:55:00
319,281,0,2026-01-05 04:56:00
86,395,1,2026-01-05 04:57:00
216,42,1,2026-01-05 04:58:00
489,434,2,2026-01-05 04:59:00
518,109,0,2026-01-05 05:00:00
277,474,3,2026-01-05 05:01:00
848,209,0,2026-01-05 05:02:00
721,236,1,2026-01-05 05:03:00
168,355,1,2026-01-05 05:04:00
329,318,0,2026-01-05 05:05:00
649,48,0,2026-01-05 05:06:00
440,114,0,2026-01-05 05:07:00
390,154,1,2026-01-05 05:08:00
495,136,0,2026-01-05 05:09:00
380,166,3,2026-01-05 05:10:00
305,320,0,2026-01-05 05:11:00
741,198,3,2026-01-05 05:12:00
986,473,0,2026-01-05 05:13:00
819,70,0,2026-01-05 05:14:00
672,499,0,2026-01-05 05:15:00
512,6,2,2026-01-05 05:16:00
747,199,1,2026-01-05 05:17:00
948,335,0,2026-01-05 05:18:00
187,66,0,2026-01-05 05:19:00
929,492,0,2026-01-05 05:20:00
515,137,1,2026-01-05 05:21:00
912,241,0,2026-01-05 05:22:00
643,454,1,2026-01-05 05:23:00
426,212,1,2026-01-05 05:24:00
501,180,2,2026-01-05 05:25:00
729,253,1,2026-01-05 05:26:00
259,100,0,2026-01-05 05:27:00
512,350,3,2026-01-05 05:28:00
70,86,0,2026-01-05 05:29:00
477,184,0,2026-01-05 05:30:00
177,90,2,2026-01-05 05:31:00
456,247,0,2026-01-05 05:32:00
188,213,0,2026-01-05 05:33:00
290,358,0,2026-01-05 05:34:00
519,248,0,2026-01-05 05:35:00
764,125,0,2026-01-05 05:36:00
919,410,0,2026-01-05 05:37:00
978,437,0,2026-01-05 05:38:00
291,368,2,2026-01-05 05:39:00
945,3,1,2026-01-05 05:40:00
755,87,1,2026-01-05 05:41:00
634,150,1,2026-01-05 05:42:00
810,175,2,2026-01-05 05:43:00
282,210,2,2026-01-05 05:44:00
543,425,2,2026-01-05 05:45:00
845,258,2,2026-01-05 05:46:00
376,90,0,2026-01-05 05:47:00
657,258,1,2026-01-05 05:48:00
155,411,1,2026-01-05 05:49:00
507,190,1,2026-01-05 05:50:00
412,80,0,2026-01-05 05:51:00
527,414,0,2026-01-05 05:52:00
354,137,0,2026-01-05 05:53:00
558,432,2,2026-01-05 05:54:00
762,469,1,2026-01-05 05:55:00
186,349,0,2026-01-05 05:56:00
30,125,0,2026-01-05 05:57:00
259,368,1,2026-01-05 05:58:00
420,404,0,2026-01-05 05:59:00
528,355,0,2026-01-05 06:00:00
550,308,0,2026-01-05 06:01:00
303,342,0,2026-01-05 06:02:00
941,229,0,2026-01-05 06:03:00
985,459,1,2026-01-05 06:04:00
943,344,0,2026-01-05 06:05:00
38,309,0,2026-01-05 06:06:00
488,440,1,2026-01-05 06:07:00
643,19,1,2026-01-05 06:08:00
541,368,0,2026-01-05 06:09:00
669,48,1,2026-01-05 06:10:00
277,489,3,2026-01-05 06:11:00
202,134,2,2026-01-05 06:12:00
65,28,1,2026-01-05 06:13:00
107,47,1,2026-01-05 06:14:00
267,476,0,2026-01-05 06:15:00
221,268,1,2026-01-05 06:16:00
803,2,1,2026-01-05 06:17:00
529,257,0,2026-01-05 06:18:00
89,15,0,2026-01-05 06:19:00
692,93,1,2026-01-05 06:20:00
254,357,3,2026-01-05 06:21:00
454,133,0,2026-01-05 06:22:00
252,300,0,2026-01-05 06:23:00
256,326,1,2026-01-05 06:24:00
382,132,0,2026-01-05 06:25:00
441,311,1,2026-01-05 06:26:00
857,454,0,2026-01-05 06:27:00
598,481,0,2026-01-05 06:28:00
89,382,1,2026-01-05 06:29:00
748,31,0,2026-01-05 06:30:00
389,304,0,2026-01-05 06:31:00
581,268,0,2026-01-05 06:32:00
43,413,0,2026-01-05 06:33:00
711,24,1,2026-01-05 06:34:00
663,468,1,2026-01-05 06:35:00
597,315,0,2026-01-05 06:36:00
18,58,0,2026-01-05 06:37:00
100,212,0,2026-01-05 06:38:00
913,155,1,2026-01-05 06:39:00
606,495,0,2026-01-05 06:40:00
765,313,2,2026-01-05 06:41:00
356,275,1,2026-01-05 06:42:00
541,417,1,2026-01-05 06:43:00
760,388,1,2026-01-05 06:44:00
937,209,2,2026-01-05 06:45:00
32,443,2,2026-01-05 06:46:00
969,486,1,2026-01-05 06:47:00
228,426,0,2026-01-05 06:48:00
523,56,2,2026-01-05 06:49:00
629,184,0,2026-01-05 06:50:00
861,458,2,2026-01-05 06:51:00
154,53,1,2026-01-05 06:52:00
422,208,2,2026-01-05 06:53:00
904,367,2,2026-01-05 06:54:00
245,428,0,2026-01-05 06:55:00
404,341,1,2026-01-05 06:56:00
843,292,0,2026-01-05 06:57:00
758,339,0,2026-01-05 06:58:00
540,303,0,2026-01-05 06:59:00
160,251,0,2026-01-05 07:00:00
746,373,1,2026-01-05 07:01:00
701,437,3,2026-01-05 07:02:00
116,303,1,2026-01-05 07:03:00
270,111,0,2026-01-05 07:04:00
769,365,2,2026-01-05 07:05:00
691,5,2,2026-01-05 07:06:00
486,417,1,2026-01-05 07:07:00
884,190,1,2026-01-05 07:08:00
171,333,2,2026-01-05 07:09:00
949,431,0,2026-01-05 07:10:00
273,278,2,2026-01-05 07:11:00
258,381,2,2026-01-05 07:12:00
134,339,2,2026-01-05 07:13:00
682,12,0,2026-01-05 07:14:00
721,302,2,2026-01-05 07:15:00
747,43,0,2026-01-05 07:16:00
421,104,1,2026-01-05 07:17:00
420,159,2,2026-01-05 07:18:00
185,153,0,2026-01-05 07:19:00
928,241,0,2026-01-05 07:20:00
363,180,2,2026-01-05 07:21:00
954,13,2,2026-01-05 07:22:00
606,179,2,2026-01-05 07:23:00
377,376,0,2026-01-05 07:24:00
522,291,1,2026-01-05 07:25:00
579,263,0,2026-01-05 07:26:00
890,167,1,2026-01-05 07:27:00
721,213,0,2026-01-05 07:28:00
195,149,1,2026-01-05 07:29:00
880,15,0,2026-01-05 07:30:00
97,90,3,2026-01-05 07:31:00
604,119,1,2026-01-05 07:32:00
983,443,1,2026-01-05 07:33:00
21,252,0,2026-01-05 07:34:00
449,59,1,2026-01-05 07:35:00
171,265,0,2026-01-05 07:36:00
382,408,0,2026-01-05 07:37:00
133,30,1,2026-01-05 07:38:00
425,20,2,2026-01-05 07:39:00
24,218,0,2026-01-05 07:40:00
502,80,0,2026-01-05 07:41:00
184,288,1,2026-01-05 07:42:00
84,30,2,2026-01-05 07:43:00
566,497,0,2026-01-05 07:44:00
762,233,2,2026-01-05 07:45:00
143,473,2,2026-01-05 07:46:00
862,404,0,2026-01-05 07:47:00
909,35,0,2026-01-05 07:48:00
678,448,1,2026-01-05 07:49:00
411,131,3,2026-01-05 07:50:00
223,323,1,2026-01-05 07:51:00
219,345,0,2026-01-05 07:52:00
178,131,0,2026-01-05 07:53:00
630,496,0,2026-01-05 07:54:00
432,8,1,2026-01-05 07:55:00
264,29,0,2026-01-05 07:56:00
953,114,1,2026-01-05 07:57:00
428,300,0,2026-01-05 07:58:00
661,3,0,2026-01-05 07:59:00
415,324,0,2026-01-05 08:00:00
452,236,0,2026-01-05 08:01:00
726,22,2,2026-01-05 08:02:00
196,15,0,2026-01-05 08:03:00
553,21,1,2026-01-05 08:04:00
52,484,0,2026-01-05 08:05:00
479,71,0,2026-01-05 08:06:00
442,303,0,2026-01-05 08:07:00
329,445,0,2026-01-05 08:08:00
250,480,0,2026-01-05 08:09:00
806,443,2,2026-01-05 08:10:00
889,229,0,2026-01-05 08:11:00
782,106,0,2026-01-05 08:12:00
966,207,2,2026-01-05 08:13:00
924,388,0,2026-01-05 08:14:00
122,207,1,2026-01-05 08:15:00
878,262,0,2026-01-05 08:16:00
386,50,0,2026-01-05 08:17:00
338,64,1,2026-01-05 08:18:00
777,264,3,2026-01-05 08:19:00
347,337,0,2026-01-05 08:20:00
28,300,0,2026-01-05 08:21:00
974,377,0,2026-01-05 08:22:00
34,174,0,2026-01-05 08:23:00
517,450,2,2026-01-05 08:24:00
395,151,0,2026-01-05 08:25:00
622,475,2,2026-01-05 08:26:00
293,265,0,2026-01-05 08:27:00
588,328,2,2026-01-05 08:28:00
348,460,1,2026-01-05 08:29:00
146,303,2,2026-01-05 08:30:00
66,162,0,2026-01-05 08:31:00
903,437,1,2026-01-05 08:32:00
519,342,1,2026-01-05 08:33:00
121,366,1,2026-01-05 08:34:00
339,464,2,2026-01-05 08:35:00
174,237,1,2026-01-05 08:36:00
899,198,2,2026-01-05 08:37:00
690,499,0,2026-01-05 08:38:00
596,15,1,2026-01-05 08:39:00
450,308,2,2026-01-05 08:40:00
556,295,0,2026-01-05 08:41:00
135,355,0,2026-01-05 08:42:00
854,275,3,2026-01-05 08:43:00
15,471,0,2026-01-05 08:44:00
332,238,0,2026-01-05 08:45:00
194,68,0,2026-01-05 08:46:00
495,300,2,2026-01-05 08:47:00
8,5,3,2026-01-05 08:48:00
827,219,3,2026-01-05 08:49:00
333,253,1,2026-01-05 08:50:00
332,452,1,2026-01-05 08:51:00
326,432,0,2026-01-05 08:52:00
14,294,0,2026-01-05 08:53:00
838,357,0,2026-01-05 08:54:00
613,385,0,2026-01-05 08:55:00
225,106,2,2026-01-05 08:56:00
424,294,2,2026-01-05 08:57:00
789,117,1,2026-01-05 08:58:00
407,404,3,2026-01-05 08:59:00
112,167,3,2026-01-05 09:00:00
996,484,1,2026-01-05 09:01:00
427,250,0,2026-01-05 09:02:00
0,81,0,2026-01-05 09:03:00
265,53,1,2026-01-05 09:04:00
490,239,0,2026-01-05 09:05:00
207,365,0,2026-01-05 09:06:00
621,11,2,2026-01-05 09:07:00
711,208,0,2026-01-05 09:08:00
951,164,0,2026-01-05 09:09:00
368,365,1,2026-01-05 09:10:00
984,293,1,2026-01-05 09:11:00
305,398,0,2026-01-05 09:12:00
11,6,0,2026-01-05 09:13:00
344,77,3,2026-01-05 09:14:00
464,433,0,2026-01-05 09:15:00
699,64,2,2026-01-05 09:16:00
665,101,0,2026-01-05 09:17:00
493,450,0,2026-01-05 09:18:00
367,356,0,2026-01-05 09:19:00
845,299,1,2026-01-05 09:20:00
936,286,2,2026-01-05 09:21:00
419,170,0,2026-01-05 09:22:00
888,76,0,2026-01-05 09:23:00
790,47,0,2026-01-05 09:24:00
170,254,1,2026-01-05 09:25:00
133,81,0,2026-01-05 09:26:00
964,382,0,2026-01-05 09:27:00
426,208,0,2026-01-05 09:28:00
24,208,1,2026-01-05 09:29:00
529,444,2,2026-01-05 09:30:00
189,458,1,2026-01-05 09:31:00
140,83,0,2026-01-05 09:32:00
554,9,0,2026-01-05 09:33:00
845,28,0,2026-01-05 09:34:00
795,303,0,2026-01-05 09:35:00
657,481,1,2026-01-05 09:36:00
314,464,0,2026-01-05 09:37:00
443,445,0,2026-01-05 09:38:00
318,115,1,2026-01-05 09:39:00
440,489,1,2026-01-05 09:40:00
91,268,1,2026-01-05 09:41:00
178,427,2,2026-01-05 09:42:00
55,46,1,2026-01-05 09:43:00
154,358,1,2026-01-05 09:44:00
671,447,1,2026-01-05 09:45:00
110,90,0,2026-01-05 09:46:00
136,52,0,2026-01-05 09:47:00
231,217,2,2026-01-05 09:48:00
991,347,2,2026-01-05 09:49:00
467,76,1,2026-01-05 09:50:00
731,203,1,2026-01-05 09:51:00
480,43,0,2026-01-05 09:52:00
67,155,1,2026-01-05 09:53:00
813,1,3,2026-01-05 09:54:00
248,356,2,2026-01-05 09:55:00
993,312,0,2026-01-05 09:56:00
322,56,0,2026-01-05 09:57:00
921,289,0,2026-01-05 09:58:00
903,470,0,2026-01-05 09:59:00
517,57,0,2026-01-05 10:00:00
975,253,1,2026-01-05 10:01:00
791,179,0,2026-01-05 10:02:00
431,492,1,2026-01-05 10:03:00
486,156,1,2026-01-05 10:04:00
605,34,2,2026-01-05 10:05:00
428,74,2,2026-01-05 10:06:00
268,431,1,2026-01-05 10:07:00
708,288,1,2026-01-05 10:08:00
536,370,0,2026-01-05 10:09:00
147,74,3,2026-01-05 10:10:00
117,328,0,2026-01-05 10:11:00
849,77,2,2026-01-05 10:12:00
366,254,0,2026-01-05 10:13:00
849,264,0,2026-01-05 10:14:00
65,486,0,2026-01-05 10:15:00
969,303,1,2026-01-05 10:16:00
812,66,0,2026-01-05 10:17:00
369,220,1,2026-01-05 10:18:00
174,466,2,2026-01-05 10:19:00
830,163,0,2026-01-05 10:20:00
587,479,1,2026-01-05 10:21:00
494,454,0,2026-01-05 10:22:00
972,374,1,2026-01-05 10:23:00
113,219,1,2026-01-05 10:24:00
110,171,0,2026-01-05 10:25:00
760,253,3,2026-01-05 10:26:00
438,209,1,2026-01-05 10:27:00
714,187,2,2026-01-05 10:28:00
146,190,1,2026-01-05 10:29:00
34,388,2,2026-01-05 10:30:00
998,214,0,2026-01-05 10:31:00
308,374,0,2026-01-05 10:32:00
537,85,0,2026-01-05 10:33:00
749,473,2,2026-01-05 10:34:00
13,105,0,2026-01-05 10:35:00
373,331,3,2026-01-05 10:36:00
556,295,0,2026-01-05 10:37:00
427,18,0,2026-01-05 10:38:00
727,46,0,2026-01-05 10:39:00
232,64,1,2026-01-05 10:40:00
704,450,2,2026-01-05 10:41:00
562,474,0,2026-01-05 10:42:00
938,145,1,2026-01-05 10:43:00
886,433,0,2026-01-05 10:44:00
725,285,1,2026-01-05 10:45:00
662,381,0,2026-01-05 10:46:00
439,65,0,2026-01-05 10:47:00
501,4,1,2026-01-05 10:48:00
274,92,1,2026-01-05 10:49:00
849,352,0,2026-01-05 10:50:00
75,425,0,2026-01-05 10:51:00
438,467,1,2026-01-05 10:52:00
731,93,2,2026-01-05 10:53:00
859,105,2,2026-01-05 10:54:00
955,132,2,2026-01-05 10:55:00
698,433,3,2026-01-05 10:56:00
288,340,0,2026-01-05 10:57:00
914,313,0,2026-01-05 10:58:00
539,78,0,2026-01-05 10:59:00
890,211,0,2026-01-05 11:00:00
691,7,1,2026-01-05 11:01:00
252,496,2,2026-01-05 11:02:00
125,158,0,2026-01-05 11:03:00
176,267,1,2026-01-05 11:04:00
36,148,1,2026-01-05 11:05:00
409,349,1,2026-01-05 11:06:00
610,445,0,2026-01-05 11:07:00
609,90,1,2026-01-05 11:08:00
126,235,0,2026-01-05 11:09:00
482,473,2,2026-01-05 11:10:00
167,288,3,2026-01-05 11:11:00
591,409,0,2026-01-05 11:12:00
293,473,0,2026-01-05 11:13:00
844,355,1,2026-01-05 11:14:00
637,167,0,2026-01-05 11:15:00
342,192,0,2026-01-05 11:16:00
309,186,2,2026-01-05 11:17:00
661,270,0,2026-01-05 11:18:00
527,113,0,2026-01-05 11:19:00
539,384,1,2026-01-05 11:20:00
418,10,0,2026-01-05 11:21:00
443,54,0,2026-01-05 11:22:00
684,257,1,2026-01-05 11:23:00
557,64,0,2026-01-05 11:24:00
839,478,1,2026-01-05 11:25:00
235,171,3,2026-01-05 11:26:00
438,271,2,2026-01-05 11:27:00
213,149,0,2026-01-05 11:28:00
84,361,0,2026-01-05 11:29:00
793,145,1,2026-01-05 11:30:00
743,430,1,2026-01-05 11:31:00
84,208,2,2026-01-05 11:32:00
920,285,1,2026-01-05 11:33:00
488,9,0,2026-01-05 11:34:00
64,226,0,2026-01-05 11:35:00
645,185,2,2026-01-05 11:36:00
662,61,2,2026-01-05 11:37:00
626,84,0,2026-01-05 11:38:00
63,463,1,2026-01-05 11:39:00
342,133,0,2026-01-05 11:40:00
938,322,0,2026-01-05 11:41:00
874,296,0,2026-01-05 11:42:00
918,170,2,2026-01-05 11:43:00
351,212,1,2026-01-05 11:44:00
157,460,2,2026-01-05 11:45:00
588,17,3,2026-01-05 11:46:00
490,313,0,2026-01-05 11:47:00
657,59,1,2026-01-05 11:48:00
854,87,2,2026-01-05 11:49:00
462,26,1,2026-01-05 11:50:00
224,67,1,2026-01-05 11:51:00
916,277,0,2026-01-05 11:52:00
312,407,1,2026-01-05 11:53:00
614,39,0,2026-01-05 11:54:00
918,108,0,2026-01-05 11:55:00
858,73,0,2026-01-05 11:56:00
812,65,0,2026-01-05 11:57:00
939,167,0,2026-01-05 11:58:00
465,261,0,2026-01-05 11:59:00
87,367,0,2026-01-05 12:00:00
882,273,0,2026-01-05 12:01:00
302,336,0,2026-01-05 12:02:00
679,357,1,2026-01-05 12:03:00
434,236,1,2026-01-05 12:04:00
681,214,1,2026-01-05 12:05:00
134,365,2,2026-01-05 12:06:00
49,285,0,2026-01-05 12:07:00
431,377,0,2026-01-05 12:08:00
339,148,0,2026-01-05 12:09:00
346,317,2,2026-01-05 12:10:00
645,393,1,2026-01-05 12:11:00
346,375,0,2026-01-05 12:12:00
648,106,0,2026-01-05 12:13:00
244,140,1,2026-01-05 12:14:00
108,75,0,2026-01-05 12:15:00
824,8,1,2026-01-05 12:16:00
798,195,2,2026-01-05 12:17:00
532,294,1,2026-01-05 12:18:00
89,279,2,2026-01-05 12:19:00
295,380,0,2026-01-05 12:20:00
111,117,1,2026-01-05 12:21:00
812,289,2,2026-01-05 12:22:00
588,486,1,2026-01-05 12:23:00
176,60,1,2026-01-05 12:24:00
342,424,1,2026-01-05 12:25:00
659,388,2,2026-01-05 12:26:00
100,334,0,2026-01-05 12:27:00
757,305,0,2026-01-05 12:28:00
628,387,0,2026-01-05 12:29:00
603,50,2,2026-01-05 12:30:00
400,51,3,2026-01-05 12:31:00
27,121,0,2026-01-05 12:32:00
936,166,0,2026-01-05 12:33:00
961,7,2,2026-01-05 12:34:00
536,368,0,2026-01-05 12:35:00
57,44,0,2026-01-05 12:36:00
497,343,0,2026-01-05 12:37:00
296,244,0,2026-01-05 12:38:00
133,283,1,2026-01-05 12:39:00
330,374,0,2026-01-05 12:40:00
248,106,1,2026-01-05 12:41:00
549,26,2,2026-01-05 12:42:00
901,192,0,2026-01-05 12:43:00
940,417,0,2026-01-05 12:44:00
74,336,2,2026-01-05 12:45:00
653,356,1,2026-01-05 12:46:00
833,61,0,2026-01-05 12:47:00
167,61,0,2026-01-05 12:48:00
770,421,0,2026-01-05 12:49:00
502,281,1,2026-01-05 12:50:00
884,120,0,2026-01-05 12:51:00
354,279,0,2026-01-05 12:52:00
224,38,0,2026-01-05 12:53:00
663,379,2,2026-01-05 12:54:00
530,276,0,2026-01-05 12:55:00
145,93,1,2026-01-05 12:56:00
959,430,0,2026-01-05 12:57:00
240,114,0,2026-01-05 12:58:00
883,175,1,2026-01-05 12:59:00
892,120,1,2026-01-05 13:00:00
343,12,1,2026-01-05 13:01:00
748,484,1,2026-01-05 13:02:00
34,386,0,2026-01-05 13:03:00
701,415,1,2026-01-05 13:04:00
0,162,0,2026-01-05 13:05:00
995,274,0,2026-01-05 13:06:00
152,397,1,2026-01-05 13:07:00
428,175,2,2026-01-05 13:08:00
944,469,1,2026-01-05 13:09:00
507,336,2,2026-01-05 13:10:00
125,378,3,2026-01-05 13:11:00
490,323,0,2026-01-05 13:12:00
481,172,3,2026-01-05 13:13:00
344,487,1,2026-01-05 13:14:00
911,274,2,2026-01-05 13:15:00
737,63,1,2026-01-05 13:16:00
220,100,1,2026-01-05 13:17:00
914,321,1,2026-01-05 13:18:00
918,462,0,2026-01-05 13:19:00
722,65,2,2026-01-05 13:20:00
24,330,0,2026-01-05 13:21:00
527,44,0,2026-01-05 13:22:00
181,86,0,2026-01-05 13:23:00
498,457,0,2026-01-05 13:24:00
840,66,0,2026-01-05 13:25:00
640,452,0,2026-01-05 13:26:00
41,258,0,2026-01-05 13:27:00
914,421,0,2026-01-05 13:28:00
480,204,0,2026-01-05 13:29:00
929,425,0,2026-01-05 13:30:00
847,466,3,2026-01-05 13:31:00
747,423,0,2026-01-05 13:32:00
871,177,0,2026-01-05 13:33:00
438,418,0,2026-01-05 13:34:00
401,279,0,2026-01-05 13:35:00
545,343,1,2026-01-05 13:36:00
344,16,0,2026-01-05 13:37:00
892,295,0,2026-01-05 13:38:00
44,201,0,2026-01-05 13:39:00
645,449,1,2026-01-05 13:40:00
20,171,1,2026-01-05 13:41:00
633,406,0,2026-01-05 13:42:00
69,261,0,2026-01-05 13:43:00
863,193,0,2026-01-05 13:44:00
872,148,1,2026-01-05 13:45:00
47,374,0,2026-01-05 13:46:00
490,375,0,2026-01-05 13:47:00
550,34,0,2026-01-05 13:48:00
286,368,0,2026-01-05 13:49:00
9,28,0,2026-01-05 13:50:00
541,262,0,2026-01-05 13:51:00
755,220,0,2026-01-05 13:52:00
273,52,0,2026-01-05 13:53:00
955,420,1,2026-01-05 13:54:00
599,278,0,2026-01-05 13:55:00
755,352,1,2026-01-05 13:56:00
380,391,1,2026-01-05 13:57:00
328,75,1,2026-01-05 13:58:00
478,493,2,2026-01-05 13:59:00
14,175,0,2026-01-05 14:00:00
515,9,0,2026-01-05 14:01:00
190,462,1,2026-01-05 14:02:00
167,116,1,2026-01-05 14:03:00
520,279,1,2026-01-05 14:04:00
620,217,0,2026-01-05 14:05:00
136,174,1,2026-01-05 14:06:00
153,233,2,2026-01-05 14:07:00
387,436,0,2026-01-05 14:08:00
208,251,3,2026-01-05 14:09:00
271,294,0,2026-01-05 14:10:00
142,450,0,2026-01-05 14:11:00
610,321,0,2026-01-05 14:12:00
888,5,0,2026-01-05 14:13:00
819,20,1,2026-01-05 14:14:00
68,72,1,2026-01-05 14:15:00
246,329,1,2026-01-05 14:16:00
260,35,0,2026-01-05 14:17:00
787,386,0,2026-01-05 14:18:00
78,232,0,2026-01-05 14:19:00
657,215,3,2026-01-05 14:20:00
622,469,0,2026-01-05 14:21:00
769,496,2,2026-01-05 14:22:00
604,205,0,2026-01-05 14:23:00
524,425,0,2026-01-05 14:24:00
771,428,0,2026-01-05 14:25:00
937,43,0,2026-01-05 14:26:00
620,90,3,2026-01-05 14:27:00
329,416,1,2026-01-05 14:28:00
188,315,2,2026-01-05 14:29:00
94,469,2,2026-01-05 14:30:00
616,92,1,2026-01-05 14:31:00
7,466,1,2026-01-05 14:32:00
66,338,1,2026-01-05 14:33:00
495,453,1,2026-01-05 14:34:00
190,492,0,2026-01-05 14:35:00
365,82,0,2026-01-05 14:36:00
767,332,1,2026-01-05 14:37:00
520,281,0,2026-01-05 14:38:00
989,469,0,2026-01-05 14:39:00
116,20,2,2026-01-05 14:40:00
266,227,0,2026-01-05 14:41:00
610,375,1,2026-01-05 14:42:00
484,129,0,2026-01-05 14:43:00
508,174,1,2026-01-05 14:44:00
297,107,0,2026-01-05 14:45:00
908,413,3,2026-01-05 14:46:00
163,282,3,2026-01-05 14:47:00
375,70,2,2026-01-05 14:48:00
652,403,0,2026-01-05 14:49:00
267,49,0,2026-01-05 14:50:00
548,94,2,2026-01-05 14:51:00
73,278,2,2026-01-05 14:52:00
507,396,2,2026-01-05 14:53:00
72,336,1,2026-01-05 14:54:00
307,131,0,2026-01-05 14:55:00
198,397,0,2026-01-05 14:56:00
129,275,2,2026-01-05 14:57:00
757,379,1,2026-01-05 14:58:00
823,12,0,2026-01-05 14:59:00
571,2,0,2026-01-05 15:00:00
790,473,1,2026-01-05 15:01:00
614,473,1,2026-01-05 15:02:00
807,465,0,2026-01-05 15:03:00
831,223,0,2026-01-05 15:04:00
486,461,0,2026-01-05 15:05:00
852,174,0,2026-01-05 15:06:00
150,386,2,2026-01-05 15:07:00
668,384,1,2026-01-05 15:08:00
205,89,1,2026-01-05 15:09:00
985,407,1,2026-01-05 15:10:00
178,240,0,2026-01-05 15:11:00
196,34,1,2026-01-05 15:12:00
734,13,3,2026-01-05 15:13:00
88,194,1,2026-01-05 15:14:00
798,396,0,2026-01-05 15:15:00
433,430,1,2026-01-05 15:16:00
787,305,2,2026-01-05 15:17:00
747,333,0,2026-01-05 15:18:00
182,212,0,2026-01-05 15:19:00
208,409,2,2026-01-05 15:20:00
492,2,2,2026-01-05 15:21:00
129,178,0,2026-01-05 15:22:00
664,39,0,2026-01-05 15:23:00
12,451,0,2026-01-05 15:24:00
633,163,0,2026-01-05 15:25:00
870,306,2,2026-01-05 15:26:00
731,234,0,2026-01-05 15:27:00
105,256,0,2026-01-05 15:28:00
374,359,2,2026-01-05 15:29:00
581,494,0,2026-01-05 15:30:00
706,416,1,2026-01-05 15:31:00
697,390,0,2026-01-05 15:32:00
98,372,2,2026-01-05 15:33:00
593,115,3,2026-01-05 15:34:00
586,51,0,2026-01-05 15:35:00
885,375,2,2026-01-05 15:36:00
851,394,3,2026-01-05 15:37:00
191,410,3,2026-01-05 15:38:00
324,141,0,2026-01-05 15:39:00
978,85,0,2026-01-05 15:40:00
725,463,0,2026-01-05 15:41:00
826,45,0,2026-01-05 15:42:00
955,331,0,2026-01-05 15:43:00
466,496,0,2026-01-05 15:44:00
893,237,1,2026-01-05 15:45:00
366,9,1,2026-01-05 15:46:00
317,151,2,2026-01-05 15:47:00
143,60,2,2026-01-05 15:48:00
383,493,0,2026-01-05 15:49:00
215,17,1,2026-01-05 15:50:00
360,85,1,2026-01-05 15:51:00
323,136,0,2026-01-05 15:52:00
14,400,0,2026-01-05 15:53:00
216,229,2,2026-01-05 15:54:00
491,127,0,2026-01-05 15:55:00
950,103,2,2026-01-05 15:56:00
546,185,2,2026-01-05 15:57:00
182,396,0,2026-01-05 15:58:00
269,177,2,2026-01-05 15:59:00
944,356,0,2026-01-05 16:00:00
466,5,2,2026-01-05 16:01:00
869,340,2,2026-01-05 16:02:00
611,306,0,2026-01-05 16:03:00
518,35,1,2026-01-05 16:04:00
541,326,1,2026-01-05 16:05:00
466,355,0,2026-01-05 16:06:00
304,280,3,2026-01-05 16:07:00
984,394,0,2026-01-05 16:08:00
143,299,1,2026-01-05 16:09:00
110,13,0,2026-01-05 16:10:00
231,236,1,2026-01-05 16:11:00
690,284,2,2026-01-05 16:12:00
583,329,1,2026-01-05 16:13:00
721,49,1,2026-01-05 16:14:00
731,495,1,2026-01-05 16:15:00
591,260,0,2026-01-05 16:16:00
499,455,0,2026-01-05 16:17:00
594,109,0,2026-01-05 16:18:00
553,196,0,2026-01-05 16:19:00
272,377,0,2026-01-05 16:20:00
702,251,2,2026-01-05 16:21:00
172,87,3,2026-01-05 16:22:00
972,487,0,2026-01-05 16:23:00
6,312,0,2026-01-05 16:24:00
154,25,0,2026-01-05 16:25:00
521,261,2,2026-01-05 16:26:00
545,143,0,2026-01-05 16:27:00
547,59,1,2026-01-05 16:28:00
920,355,1,2026-01-05 16:29:00
517,267,1,2026-01-05 16:30:00
919,74,0,2026-01-05 16:31:00
913,2,0,2026-01-05 16:32:00
214,62,0,2026-01-05 16:33:00
133,235,0,2026-01-05 16:34:00
284,447,2,2026-01-05 16:35:00
125,445,0,2026-01-05 16:36:00
920,228,0,2026-01-05 16:37:00
438,389,2,2026-01-05 16:38:00
848,274,0,2026-01-05 16:39:00
685,17,0,2026-01-05 16:40:00
151,79,2,2026-01-05 16:41:00
330,214,1,2026-01-05 16:42:00
537,170,0,2026-01-05 16:43:00
382,484,1,2026-01-05 16:44:00
114,328,1,2026-01-05 16:45:00
893,254,0,2026-01-05 16:46:00
481,386,1,2026-01-05 16:47:00
283,125,1,2026-01-05 16:48:00
898,254,3,2026-01-05 16:49:00
74,71,3,2026-01-05 16:50:00
165,37,0,2026-01-05 16:51:00
188,323,1,2026-01-05 16:52:00
77,203,0,2026-01-05 16:53:00
946,171,0,2026-01-05 16:54:00
601,222,0,2026-01-05 16:55:00
687,216,1,2026-01-05 16:56:00
20,244,1,2026-01-05 16:57:00
565,335,0,2026-01-05 16:58:00
183,190,2,2026-01-05 16:59:00
870,297,1,2026-01-05 17:00:00
221,319,1,2026-01-05 17:01:00
826,181,0,2026-01-05 17:02:00
327,333,1,2026-01-05 17:03:00
178,382,2,2026-01-05 17:04:00
787,204,0,2026-01-05 17:05:00
111,360,0,2026-01-05 17:06:00
735,198,3,2026-01-05 17:07:00
725,331,1,2026-01-05 17:08:00
58,164,1,2026-01-05 17:09:00
326,241,0,2026-01-05 17:10:00
904,387,1,2026-01-05 17:11:00
620,129,0,2026-01-05 17:12:00
896,226,0,2026-01-05 17:13:00
668,121,0,2026-01-05 17:14:00
190,43,0,2026-01-05 17:15:00
199,450,1,2026-01-05 17:16:00
311,195,3,2026-01-05 17:17:00
707,357,0,2026-01-05 17:18:00
34,203,1,2026-01-05 17:19:00
378,466,0,2026-01-05 17:20:00
386,457,0,2026-01-05 17:21:00
757,317,3,2026-01-05 17:22:00
236,256,0,2026-01-05 17:23:00
615,16,0,2026-01-05 17:24:00
518,271,0,2026-01-05 17:25:00
282,8,1,2026-01-05 17:26:00
0,248,0,2026-01-05 17:27:00
730,436,0,2026-01-05 17:28:00
463,200,2,2026-01-05 17:29:00
229,58,0,2026-01-05 17:30:00
966,374,0,2026-01-05 17:31:00
171,392,0,2026-01-05 17:32:00
86,139,0,2026-01-05 17:33:00
552,118,1,2026-01-05 17:34:00
122,40,1,2026-01-05 17:35:00
842,398,1,2026-01-05 17:36:00
297,321,0,2026-01-05 17:37:00
884,330,0,2026-01-05 17:38:00
928,266,0,2026-01-05 17:39:00
689,7,0,2026-01-05 17:40:00
574,182,0,2026-01-05 17:41:00
483,479,0,2026-01-05 17:42:00
164,133,0,2026-01-05 17:43:00
698,180,1,2026-01-05 17:44:00
382,403,0,2026-01-05 17:45:00
208,422,0,2026-01-05 17:46:00
738,354,0,2026-01-05 17:47:00
431,71,0,2026-01-05 17:48:00
388,497,1,2026-01-05 17:49:00
559,112,0,2026-01-05 17:50:00
223,106,0,2026-01-05 17:51:00
2,289,0,2026-01-05 17:52:00
371,312,0,2026-01-05 17:53:00
686,116,1,2026-01-05 17:54:00
445,119,3,2026-01-05 17:55:00
610,146,0,2026-01-05 17:56:00
115,326,1,2026-01-05 17:57:00
269,414,0,2026-01-05 17:58:00
446,209,0,2026-01-05 17:59:00
367,295,0,2026-01-05 18:00:00
252,397,2,2026-01-05 18:01:00
316,102,0,2026-01-05 18:02:00
414,123,3,2026-01-05 18:03:00
94,244,0,2026-01-05 18:04:00
784,378,0,2026-01-05 18:05:00
891,355,1,2026-01-05 18:06:00
23,208,2,2026-01-05 18:07:00
627,420,2,2026-01-05 18:08:00
662,427,1,2026-01-05 18:09:00
849,392,0,2026-01-05 18:10:00
49,313,0,2026-01-05 18:11:00
501,403,0,2026-01-05 18:12:00
717,108,0,2026-01-05 18:13:00
497,376,3,2026-01-05 18:14:00
334,347,1,2026-01-05 18:15:00
78,49,2,2026-01-05 18:16:00
581,403,0,2026-01-05 18:17:00
26,104,1,2026-01-05 18:18:00
270,419,2,2026-01-05 18:19:00
561,372,0,2026-01-05 18:20:00
803,26,0,2026-01-05 18:21:00
246,455,1,2026-01-05 18:22:00
775,287,1,2026-01-05 18:23:00
590,256,3,2026-01-05 18:24:00
386,272,0,2026-01-05 18:25:00
701,136,0,2026-01-05 18:26:00
558,339,0,2026-01-05 18:27:00
972,300,0,2026-01-05 18:28:00
360,479,1,2026-01-05 18:29:00
865,321,0,2026-01-05 18:30:00
983,31,2,2026-01-05 18:31:00
487,44,2,2026-01-05 18:32:00
351,264,0,2026-01-05 18:33:00
700,29,0,2026-01-05 18:34:00
927,83,1,2026-01-05 18:35:00
255,165,1,2026-01-05 18:36:00
221,315,0,2026-01-05 18:37:00
883,0,0,2026-01-05 18:38:00
752,248,1,2026-01-05 18:39:00
780,260,1,2026-01-05 18:40:00
0,62,0,2026-01-05 18:41:00
545,482,1,2026-01-05 18:42:00
445,163,3,2026-01-05 18:43:00
78,320,0,2026-01-05 18:44:00
235,333,1,2026-01-05 18:45:00
333,200,0,2026-01-05 18:46:00
888,221,0,2026-01-05 18:47:00
348,151,0,2026-01-05 18:48:00
97,131,0,2026-01-05 18:49:00
81,113,2,2026-01-05 18:50:00
501,461,1,2026-01-05 18:51:00
966,216,0,2026-01-05 18:52:00
476,195,0,2026-01-05 18:53:00
926,280,1,2026-01-05 18:54:00
703,201,0,2026-01-05 18:55:00
764,482,0,2026-01-05 18:56:00
920,134,1,2026-01-05 18:57:00
549,233,2,2026-01-05 18:58:00
13,140,0,2026-01-05 18:59:00
391,195,1,2026-01-05 19:00:00
346,497,0,2026-01-05 19:01:00
309,42,1,2026-01-05 19:02:00
385,56,1,2026-01-05 19:03:00
208,419,2,2026-01-05 19:04:00
356,141,1,2026-01-05 19:05:00
973,209,0,2026-01-05 19:06:00
600,71,0,2026-01-05 19:07:00
567,223,0,2026-01-05 19:08:00
93,26,1,2026-01-05 19:09:00
92,127,2,2026-01-05 19:10:00
339,105,1,2026-01-05 19:11:00
596,164,1,2026-01-05 19:12:00
444,214,0,2026-01-05 19:13:00
756,70,0,2026-01-05 19:14:00
21,203,0,2026-01-05 19:15:00
290,152,0,2026-01-05 19:16:00
484,66,0,2026-01-05 19:17:00
783,89,1,2026-01-05 19:18:00
305,259,0,2026-01-05 19:19:00
633,361,1,2026-01-05 19:20:00
127,227,1,2026-01-05 19:21:00
624,78,0,2026-01-05 19:22:00
938,95,1,2026-01-05 19:23:00
272,348,0,2026-01-05 19:24:00
847,329,0,2026-01-05 19:25:00
441,468,0,2026-01-05 19:26:00
502,381,0,2026-01-05 19:27:00
129,245,1,2026-01-05 19:28:00
131,271,2,2026-01-05 19:29:00
596,494,0,2026-01-05 19:30:00
934,402,0,2026-01-05 19:31:00
481,156,0,2026-01-05 19:32:00
861,115,1,2026-01-05 19:33:00
389,434,0,2026-01-05 19:34:00
592,17,1,2026-01-05 19:35:00
998,441,1,2026-01-05 19:36:00
984,171,0,2026-01-05 19:37:00
324,15,3,2026-01-05 19:38:00
68,448,0,2026-01-05 19:39:00
659,239,3,2026-01-05 19:40:00
447,385,0,2026-01-05 19:41:00
527,55,0,2026-01-05 19:42:00
818,78,1,2026-01-05 19:43:00
616,102,1,2026-01-05 19:44:00
164,283,2,2026-01-05 19:45:00
487,192,0,2026-01-05 19:46:00
712,4,2,2026-01-05 19:47:00
708,105,0,2026-01-05 19:48:00
425,277,0,2026-01-05 19:49:00
696,372,0,2026-01-05 19:50:00
833,99,1,2026-01-05 19:51:00
264,237,1,2026-01-05 19:52:00
874,268,0,2026-01-05 19:53:00
611,320,0,2026-01-05 19:54:00
341,399,0,2026-01-05 19:55:00
831,488,0,2026-01-05 19:56:00
725,85,0,2026-01-05 19:57:00
277,319,1,2026-01-05 19:58:00
673,31,1,2026-01-05 19:59:00
438,335,2,2026-01-05 20:00:00
156,50,0,2026-01-05 20:01:00
421,78,0,2026-01-05 20:02:00
250,185,0,2026-01-05 20:03:00
877,173,1,2026-01-05 20:04:00
608,435,0,2026-01-05 20:05:00
529,105,2,2026-01-05 20:06:00
326,62,1,2026-01-05 20:07:00
960,75,0,2026-01-05 20:08:00
894,315,0,2026-01-05 20:09:00
96,320,1,2026-01-05 20:10:00
512,372,1,2026-01-05 20:11:00
215,80,0,2026-01-05 20:12:00
131,360,0,2026-01-05 20:13:00
259,127,1,2026-01-05 20:14:00
124,182,1,2026-01-05 20:15:00
81,242,0,2026-01-05 20:16:00
282,184,0,2026-01-05 20:17:00
682,497,0,2026-01-05 20:18:00
58,219,2,2026-01-05 20:19:00
543,70,0,2026-01-05 20:20:00
160,456,1,2026-01-05 20:21:00
283,341,1,2026-01-05 20:22:00
105,153,0,2026-01-05 20:23:00
104,244,1,2026-01-05 20:24:00
438,139,0,2026-01-05 20:25:00
227,70,1,2026-01-05 20:26:00
699,45,1,2026-01-05 20:27:00
581,46,0,2026-01-05 20:28:00
317,78,0,2026-01-05 20:29:00
463,421,1,2026-01-05 20:30:00
801,148,0,2026-01-05 20:31:00
598,397,0,2026-01-05 20:32:00
881,129,0,2026-01-05 20:33:00
873,455,2,2026-01-05 20:34:00
471,126,1,2026-01-05 20:35:00
55,364,1,2026-01-05 20:36:00
624,118,0,2026-01-05 20:37:00
12,453,0,2026-01-05 20:38:00
439,484,0,2026-01-05 20:39:00
17,356,0,2026-01-05 20:40:00
693,416,1,2026-01-05 20:41:00
972,488,1,2026-01-05 20:42:00
112,261,0,2026-01-05 20:43:00
228,243,1,2026-01-05 20:44:00
170,473,0,2026-01-05 20:45:00
294,381,0,2026-01-05 20:46:00
188,102,2,2026-01-05 20:47:00
425,488,1,2026-01-05 20:48:00
976,36,1,2026-01-05 20:49:00
78,141,0,2026-01-05 20:50:00
657,36,0,2026-01-05 20:51:00
918,7,0,2026-01-05 20:52:00
181,230,2,2026-01-05 20:53:00
498,332,1,2026-01-05 20:54:00
797,396,0,2026-01-05 20:55:00
761,295,2,2026-01-05 20:56:00
865,106,0,2026-01-05 20:57:00
825,347,1,2026-01-05 20:58:00
707,441,0,2026-01-05 20:59:00
834,17,0,2026-01-05 21:00:00
70,312,0,2026-01-05 21:01:00
247,82,0,2026-01-05 21:02:00
145,421,1,2026-01-05 21:03:00
617,287,1,2026-01-05 21:04:00
774,469,1,2026-01-05 21:05:00
295,193,2,2026-01-05 21:06:00
581,460,0,2026-01-05 21:07:00
469,214,2,2026-01-05 21:08:00
505,280,2,2026-01-05 21:09:00
192,219,0,2026-01-05 21:10:00
67,441,0,2026-01-05 21:11:00
493,458,1,2026-01-05 21:12:00
816,288,0,2026-01-05 21:13:00
51,343,1,2026-01-05 21:14:00
881,193,0,2026-01-05 21:15:00
362,157,1,2026-01-05 21:16:00
796,464,1,2026-01-05 21:17:00
916,103,0,2026-01-05 21:18:00
473,33,0,2026-01-05 21:19:00
845,101,0,2026-01-05 21:20:00
520,126,0,2026-01-05 21:21:00
762,213,2,2026-01-05 21:22:00
430,324,0,2026-01-05 21:23:00
843,431,1,2026-01-05 21:24:00
297,295,0,2026-01-05 21:25:00
434,178,1,2026-01-05 21:26:00
695,79,2,2026-01-05 21:27:00
690,140,0,2026-01-05 21:28:00
197,473,2,2026-01-05 21:29:00
127,30,1,2026-01-05 21:30:00
531,371,0,2026-01-05 21:31:00
983,422,2,2026-01-05 21:32:00
410,62,0,2026-01-05 21:33:00
933,47,0,2026-01-05 21:34:00
839,86,1,2026-01-05 21:35:00
64,303,1,2026-01-05 21:36:00
693,60,1,2026-01-05 21:37:00
240,395,0,2026-01-05 21:38:00
368,333,3,2026-01-05 21:39:00
535,439,1,2026-01-05 21:40:00
383,273,2,2026-01-05 21:41:00
430,410,0,2026-01-05 21:42:00
966,283,1,2026-01-05 21:43:00
82,465,2,2026-01-05 21:44:00
981,79,0,2026-01-05 21:45:00
830,179,3,2026-01-05 21:46:00
696,271,0,2026-01-05 21:47:00
950,76,0,2026-01-05 21:48:00
827,441,2,2026-01-05 21:49:00
610,220,3,2026-01-05 21:50:00
573,392,0,2026-01-05 21:51:00
285,281,0,2026-01-05 21:52:00
988,27,1,2026-01-05 21:53:00
533,360,2,2026-01-05 21:54:00
458,76,1,2026-01-05 21:55:00
211,163,1,2026-01-05 21:56:00
125,8,1,2026-01-05 21:57:00
412,174,0,2026-01-05 21:58:00
498,461,3,2026-01-05 21:59:00
424,306,0,2026-01-05 22:00:00
553,75,1,2026-01-05 22:01:00
609,244,0,2026-01-05 22:02:00
960,121,0,2026-01-05 22:03:00
542,184,1,2026-01-05 22:04:00
157,31,3,2026-01-05 22:05:00
111,485,1,2026-01-05 22:06:00
401,450,1,2026-01-05 22:07:00
758,249,0,2026-01-05 22:08:00
121,56,2,2026-01-05 22:09:00
272,309,0,2026-01-05 22:10:00
293,371,0,2026-01-05 22:11:00
397,143,0,2026-01-05 22:12:00
470,317,1,2026-01-05 22:13:00
984,83,3,2026-01-05 22:14:00
206,479,1,2026-01-05 22:15:00
109,55,0,2026-01-05 22:16:00
439,278,0,2026-01-05 22:17:00
277,272,1,2026-01-05 22:18:00
962,463,0,2026-01-05 22:19:00
567,165,0,2026-01-05 22:20:00
886,455,1,2026-01-05 22:21:00
914,466,3,2026-01-05 22:22:00
568,157,0,2026-01-05 22:23:00
939,248,0,2026-01-05 22:24:00
481,185,2,2026-01-05 22:25:00
802,481,1,2026-01-05 22:26:00
113,77,2,2026-01-05 22:27:00
892,21,0,2026-01-05 22:28:00
896,107,0,2026-01-05 22:29:00
819,272,3,2026-01-05 22:30:00
852,251,0,2026-01-05 22:31:00
476,14,1,2026-01-05 22:32:00
709,369,0,2026-01-05 22:33:00
932,303,1,2026-01-05 22:34:00
320,159,2,2026-01-05 22:35:00
178,204,0,2026-01-05 22:36:00
896,468,2,2026-01-05 22:37:00
218,112,0,2026-01-05 22:38:00
788,167,3,2026-01-05 22:39:00
948,352,0,2026-01-05 22:40:00
527,252,0,2026-01-05 22:41:00
491,440,0,2026-01-05 22:42:00
890,185,1,2026-01-05 22:43:00
60,346,2,2026-01-05 22:44:00
53,226,0,2026-01-05 22:45:00
679,15,1,2026-01-05 22:46:00
537,155,2,2026-01-05 22:47:00
847,353,2,2026-01-05 22:48:00
987,110,1,2026-01-05 22:49:00
64,0,2,2026-01-05 22:50:00
611,40,1,2026-01-05 22:51:00
585,47,0,2026-01-05 22:52:00
703,414,0,2026-01-05 22:53:00
170,419,3,2026-01-05 22:54:00
272,107,0,2026-01-05 22:55:00
888,160,0,2026-01-05 22:56:00
698,160,2,2026-01-05 22:57:00
534,358,0,2026-01-05 22:58:00
390,127,2,2026-01-05 22:59:00
939,209,2,2026-01-05 23:00:00
692,150,3,2026-01-05 23:01:00
326,443,0,2026-01-05 23:02:00
107,254,0,2026-01-05 23:03:00
846,470,2,2026-01-05 23:04:00
161,462,0,2026-01-05 23:05:00
813,217,1,2026-01-05 23:06:00
451,29,1,2026-01-05 23:07:00
205,472,0,2026-01-05 23:08:00
589,44,2,2026-01-05 23:09:00
15,79,1,2026-01-05 23:10:00
326,38,0,2026-01-05 23:11:00
607,239,0,2026-01-05 23:12:00
658,44,0,2026-01-05 23:13:00
1,77,0,2026-01-05 23:14:00
9,336,1,2026-01-05 23:15:00
433,395,0,2026-01-05 23:16:00
124,348,0,2026-01-05 23:17:00
80,287,2,2026-01-05 23:18:00
484,439,1,2026-01-05 23:19:00
651,279,0,2026-01-05 23:20:00
837,115,3,2026-01-05 23:21:00
149,268,0,2026-01-05 23:22:00
799,403,2,2026-01-05 23:23:00
872,334,1,2026-01-05 23:24:00
339,311,1,2026-01-05 23:25:00
128,52,1,2026-01-05 23:26:00
437,67,1,2026-01-05 23:27:00
750,181,2,2026-01-05 23:28:00
500,33,2,2026-01-05 23:29:00
57,283,0,2026-01-05 23:30:00
197,305,0,2026-01-05 23:31:00
210,385,2,2026-01-05 23:32:00
913,248,1,2026-01-05 23:33:00
901,110,2,2026-01-05 23:34:00
44,93,1,2026-01-05 23:35:00
96,409,1,2026-01-05 23:36:00
278,178,0,2026-01-05 23:37:00
534,46,0,2026-01-05 23:38:00
409,281,1,2026-01-05 23:39:00
460,339,1,2026-01-05 23:40:00
390,361,1,2026-01-05 23:41:00
846,91,1,2026-01-05 23:42:00
43,375,1,2026-01-05 23:43:00
26,211,2,2026-01-05 23:44:00
793,74,0,2026-01-05 23:45:00
96,377,1,2026-01-05 23:46:00
974,201,0,2026-01-05 23:47:00
547,444,0,2026-01-05 23:48:00
620,406,0,2026-01-05 23:49:00
566,420,0,2026-01-05 23:50:00
703,296,0,2026-01-05 23:51:00
218,307,0,2026-01-05 23:52:00
184,210,0,2026-01-05 23:53:00
68,492,3,2026-01-05 23:54:00
828,337,0,2026-01-05 23:55:00
129,432,1,2026-01-05 23:56:00
566,410,1,2026-01-05 23:57:00
889,133,0,2026-01-05 23:58:00
608,329,0,2026-01-05 23:59:00
847,65,0,2026-01-06 00:00:00
598,279,1,2026-01-06 00:01:00
805,421,0,2026-01-06 00:02:00
630,27,0,2026-01-06 00:03:00
719,411,0,2026-01-06 00:04:00
333,116,1,2026-01-06 00:05:00
924,492,1,2026-01-06 00:06:00
153,369,0,2026-01-06 00:07:00
546,486,0,2026-01-06 00:08:00
78,449,0,2026-01-06 00:09:00
578,316,0,2026-01-06 00:10:00
854,429,0,2026-01-06 00:11:00
412,324,1,2026-01-06 00:12:00
545,113,1,2026-01-06 00:13:00
608,74,1,2026-01-06 00:14:00
168,201,1,2026-01-06 00:15:00
680,426,0,2026-01-06 00:16:00
662,58,0,2026-01-06 00:17:00
582,385,0,2026-01-06 00:18:00
514,14,1,2026-01-06 00:19:00
313,230,0,2026-01-06 00:20:00
31,104,2,2026-01-06 00:21:00
286,164,1,2026-01-06 00:22:00
593,198,0,2026-01-06 00:23:00
42,403,1,2026-01-06 00:24:00
902,353,0,2026-01-06 00:25:00
616,34,0,2026-01-06 00:26:00
0,161,0,2026-01-06 00:27:00
572,244,0,2026-01-06 00:28:00
269,469,2,2026-01-06 00:29:00
179,286,1,2026-01-06 00:30:00
735,382,0,2026-01-06 00:31:00
517,470,0,2026-01-06 00:32:00
102,18,0,2026-01-06 00:33:00
9,451,2,2026-01-06 00:34:00
582,279,0,2026-01-06 00:35:00
89,339,0,2026-01-06 00:36:00
225,422,0,2026-01-06 00:37:00
669,347,0,2026-01-06 00:38:00
739,181,1,2026-01-06 00:39:00
916,422,1,2026-01-06 00:40:00
125,400,1,2026-01-06 00:41:00
955,146,1,2026-01-06 00:42:00
208,373,1,2026-01-06 00:43:00
96,175,0,2026-01-06 00:44:00
73,162,0,2026-01-06 00:45:00
626,415,0,2026-01-06 00:46:00
190,174,1,2026-01-06 00:47:00
681,493,2,2026-01-06 00:48:00
818,46,0,2026-01-06 00:49:00
959,255,0,2026-01-06 00:50:00
715,447,0,2026-01-06 00:51:00
55,173,2,2026-01-06 00:52:00
719,102,2,2026-01-06 00:53:00
552,120,0,2026-01-06 00:54:00
31,418,1,2026-01-06 00:55:00
526,349,1,2026-01-06 00:56:00
573,144,0,2026-01-06 00:57:00
666,41,0,2026-01-06 00:58:00
283,366,1,2026-01-06 00:59:00
720,28,0,2026-01-06 01:00:00
831,453,0,2026-01-06 01:01:00
493,379,0,2026-01-06 01:02:00
186,272,1,2026-01-06 01:03:00
497,464,2,2026-01-06 01:04:00
441,13,1,2026-01-06 01:05:00
129,407,0,2026-01-06 01:06:00
638,440,0,2026-01-06 01:07:00
291,305,1,2026-01-06 01:08:00
113,312,0,2026-01-06 01:09:00
198,484,1,2026-01-06 01:10:00
12,188,0,2026-01-06 01:11:00
270,359,1,2026-01-06 01:12:00
600,294,2,2026-01-06 01:13:00
214,182,2,2026-01-06 01:14:00
443,351,0,2026-01-06 01:15:00
789,35,1,2026-01-06 01:16:00
511,369,0,2026-01-06 01:17:00
446,36,1,2026-01-06 01:18:00
985,495,0,2026-01-06 01:19:00
992,13,1,2026-01-06 01:20:00
714,410,0,2026-01-06 01:21:00
73,122,2,2026-01-06 01:22:00
536,82,1,2026-01-06 01:23:00
100,158,0,2026-01-06 01:24:00
175,493,2,2026-01-06 01:25:00
426,328,0,2026-01-06 01:26:00
116,101,3,2026-01-06 01:27:00
165,336,1,2026-01-06 01:28:00
40,82,3,2026-01-06 01:29:00
428,43,0,2026-01-06 01:30:00
343,67,0,2026-01-06 01:31:00
423,47,1,2026-01-06 01:32:00
365,56,2,2026-01-06 01:33:00
119,74,0,2026-01-06 01:34:00
608,21,0,2026-01-06 01:35:00
656,131,0,2026-01-06 01:36:00
727,464,2,2026-01-06 01:37:00
228,455,1,2026-01-06 01:38:00
824,301,0,2026-01-06 01:39:00
129,442,0,2026-01-06 01:40:00
351,417,1,2026-01-06 01:41:00
888,266,0,2026-01-06 01:42:00
317,286,1,2026-01-06 01:43:00
983,394,0,2026-01-06 01:44:00
648,119,1,2026-01-06 01:45:00
835,245,2,2026-01-06 01:46:00
336,55,1,2026-01-06 01:47:00
272,37,0,2026-01-06 01:48:00
116,244,1,2026-01-06 01:49:00
817,20,0,2026-01-06 01:50:00
367,109,2,2026-01-06 01:51:00
93,93,0,2026-01-06 01:52:00
167,393,2,2026-01-06 01:53:00
953,409,0,2026-01-06 01:54:00
714,474,0,2026-01-06 01:55:00
340,135,0,2026-01-06 01:56:00
660,230,3,2026-01-06 01:57:00
913,7,3,2026-01-06 01:58:00
694,443,0,2026-01-06 01:59:00
924,327,0,2026-01-06 02:00:00
151,374,0,2026-01-06 02:01:00
585,289,0,2026-01-06 02:02:00
876,250,1,2026-01-06 02:03:00
912,399,0,2026-01-06 02:04:00
273,360,1,2026-01-06 02:05:00
553,396,1,2026-01-06 02:06:00
495,86,1,2026-01-06 02:07:00
723,203,2,2026-01-06 02:08:00
100,218,0,2026-01-06 02:09:00
556,405,0,2026-01-06 02:10:00
81,479,1,2026-01-06 02:11:00
528,240,0,2026-01-06 02:12:00
72,410,0,2026-01-06 02:13:00
13,319,2,2026-01-06 02:14:00
432,257,1,2026-01-06 02:15:00
156,108,0,2026-01-06 02:16:00
734,255,1,2026-01-06 02:17:00
131,480,0,2026-01-06 02:18:00
337,281,3,2026-01-06 02:19:00
403,219,0,2026-01-06 02:20:00
375,82,1,2026-01-06 02:21:00
887,106,1,2026-01-06 02:22:00
558,68,0,2026-01-06 02:23:00
106,96,1,2026-01-06 02:24:00
619,211,2,2026-01-06 02:25:00
264,285,1,2026-01-06 02:26:00
204,236,0,2026-01-06 02:27:00
78,7,1,2026-01-06 02:28:00
154,293,2,2026-01-06 02:29:00
782,188,0,2026-01-06 02:30:00
987,80,1,2026-01-06 02:31:00
996,107,0,2026-01-06 02:32:00
246,320,0,2026-01-06 02:33:00
530,66,0,2026-01-06 02:34:00
857,173,3,2026-01-06 02:35:00
947,345,1,2026-01-06 02:36:00
537,350,0,2026-01-06 02:37:00
728,327,2,2026-01-06 02:38:00
153,42,1,2026-01-06 02:39:00
153,186,1,2026-01-06 02:40:00
685,301,0,2026-01-06 02:41:00
91,199,2,2026-01-06 02:42:00
432,380,1,2026-01-06 02:43:00
337,418,1,2026-01-06 02:44:00
479,38,0,2026-01-06 02:45:00
692,219,0,2026-01-06 02:46:00
130,306,0,2026-01-06 02:47:00
449,3,2,2026-01-06 02:48:00
992,120,0,2026-01-06 02:49:00
809,335,1,2026-01-06 02:50:00
786,76,0,2026-01-06 02:51:00
272,467,0,2026-01-06 02:52:00
928,178,0,2026-01-06 02:53:00
587,132,1,2026-01-06 02:54:00
176,310,1,2026-01-06 02:55:00
695,228,3,2026-01-06 02:56:00
830,275,2,2026-01-06 02:57:00
642,151,0,2026-01-06 02:58:00
874,163,2,2026-01-06 02:59:00
48,289,0,2026-01-06 03:00:00
566,377,2,2026-01-06 03:01:00
665,108,0,2026-01-06 03:02:00
354,125,2,2026-01-06 03:03:00
711,239,0,2026-01-06 03:04:00
307,309,0,2026-01-06 03:05:00
867,417,0,2026-01-06 03:06:00
884,466,0,2026-01-06 03:07:00
629,400,0,2026-01-06 03:08:00
774,388,2,2026-01-06 03:09:00
45,344,1,2026-01-06 03:10:00
301,145,0,2026-01-06 03:11:00
867,251,0,2026-01-06 03:12:00
911,182,0,2026-01-06 03:13:00
407,308,2,2026-01-06 03:14:00
188,305,0,2026-01-06 03:15:00
821,71,1,2026-01-06 03:16:00
829,218,0,2026-01-06 03:17:00
128,206,0,2026-01-06 03:18:00
560,172,0,2026-01-06 03:19:00
536,140,0,2026-01-06 03:20:00
265,271,0,2026-01-06 03:21:00
117,213,0,2026-01-06 03:22:00
463,467,0,2026-01-06 03:23:00
143,268,1,2026-01-06 03:24:00
441,19,0,2026-01-06 03:25:00
199,65,0,2026-01-06 03:26:00
156,482,0,2026-01-06 03:27:00
486,302,2,2026-01-06 03:28:00
859,146,1,2026-01-06 03:29:00
133,428,1,2026-01-06 03:30:00
911,164,0,2026-01-06 03:31:00
147,377,0,2026-01-06 03:32:00
335,309,0,2026-01-06 03:33:00
70,5,0,2026-01-06 03:34:00
232,13,1,2026-01-06 03:35:00
333,131,2,2026-01-06 03:36:00
810,341,2,2026-01-06 03:37:00
665,242,0,2026-01-06 03:38:00
89,438,0,2026-01-06 03:39:00
333,230,0,2026-01-06 03:40:00
198,227,0,2026-01-06 03:41:00
160,161,2,2026-01-06 03:42:00
537,282,0,2026-01-06 03:43:00
120,262,3,2026-01-06 03:44:00
300,130,1,2026-01-06 03:45:00
723,430,0,2026-01-06 03:46:00
574,224,0,2026-01-06 03:47:00
962,257,1,2026-01-06 03:48:00
435,233,0,2026-01-06 03:49:00
67,335,0,2026-01-06 03:50:00
764,408,0,2026-01-06 03:51:00
921,315,0,2026-01-06 03:52:00
458,462,1,2026-01-06 03:53:00
513,23,0,2026-01-06 03:54:00
397,270,1,2026-01-06 03:55:00
619,94,1,2026-01-06 03:56:00
285,141,0,2026-01-06 03:57:00
560,181,1,2026-01-06 03:58:00
139,205,0,2026-01-06 03:59:00
729,389,1,2026-01-06 04:00:00
555,461,0,2026-01-06 04:01:00
928,80,0,2026-01-06 04:02:00
780,273,0,2026-01-06 04:03:00
589,275,1,2026-01-06 04:04:00
727,370,0,2026-01-06 04:05:00
893,445,0,2026-01-06 04:06:00
609,464,0,2026-01-06 04:07:00
747,207,0,2026-01-06 04:08:00
281,295,1,2026-01-06 04:09:00
660,38,1,2026-01-06 04:10:00
923,435,2,2026-01-06 04:11:00
815,287,0,2026-01-06 04:12:00
995,123,0,2026-01-06 04:13:00
935,363,1,2026-01-06 04:14:00
577,456,1,2026-01-06 04:15:00
745,282,0,2026-01-06 04:16:00
456,365,1,2026-01-06 04:17:00
86,179,1,2026-01-06 04:18:00
78,96,0,2026-01-06 04:19:00
204,190,1,2026-01-06 04:20:00
790,73,0,2026-01-06 04:21:00
336,446,2,2026-01-06 04:22:00
253,272,1,2026-01-06 04:23:00
303,496,0,2026-01-06 04:24:00
379,48,0,2026-01-06 04:25:00
129,483,3,2026-01-06 04:26:00
595,336,1,2026-01-06 04:27:00
275,209,0,2026-01-06 04:28:00
698,115,1,2026-01-06 04:29:00
557,22,1,2026-01-06 04:30:00
898,97,0,2026-01-06 04:31:00
182,327,0,2026-01-06 04:32:00
267,396,1,2026-01-06 04:33:00
807,406,0,2026-01-06 04:34:00
321,312,0,2026-01-06 04:35:00
511,189,1,2026-01-06 04:36:00
611,181,0,2026-01-06 04:37:00
77,147,0,2026-01-06 04:38:00
783,341,0,2026-01-06 04:39:00
338,494,1,2026-01-06 04:40:00
673,435,1,2026-01-06 04:41:00
555,22,1,2026-01-06 04:42:00
508,104,0,2026-01-06 04:43:00
237,162,1,2026-01-06 04:44:00
133,66,2,2026-01-06 04:45:00
972,289,0,2026-01-06 04:46:00
191,288,0,2026-01-06 04:47:00
355,45,1,2026-01-06 04:48:00
277,80,0,2026-01-06 04:49:00
17,428,0,2026-01-06 04:50:00
523,146,0,2026-01-06 04:51:00
179,221,0,2026-01-06 04:52:00
122,342,0,2026-01-06 04:53:00
245,14,0,2026-01-06 04:54:00
733,378,2,2026-01-06 04:55:00
372,120,1,2026-01-06 04:56:00
50,77,1,2026-01-06 04:57:00
999,321,0,2026-01-06 04:58:00
70,294,1,2026-01-06 04:59:00
479,240,0,2026-01-06 05:00:00
559,17,1,2026-01-06 05:01:00
18,255,2,2026-01-06 05:02:00
773,453,1,2026-01-06 05:03:00
83,442,0,2026-01-06 05:04:00
154,415,1,2026-01-06 05:05:00
564,276,0,2026-01-06 05:06:00
618,423,0,2026-01-06 05:07:00
356,475,0,2026-01-06 05:08:00
815,26,2,2026-01-06 05:09:00
646,1,0,2026-01-06 05:10:00
442,352,2,2026-01-06 05:11:00
68,463,0,2026-01-06 05:12:00
522,294,0,2026-01-06 05:13:00
142,469,1,2026-01-06 05:14:00
191,311,0,2026-01-06 05:15:00
386,362,1,2026-01-06 05:16:00
377,382,1,2026-01-06 05:17:00
580,238,1,2026-01-06 05:18:00
534,12,1,2026-01-06 05:19:00
692,381,0,2026-01-06 05:20:00
292,183,0,2026-01-06 05:21:00
8,193,0,2026-01-06 05:22:00
270,461,0,2026-01-06 05:23:00
386,55,2,2026-01-06 05:24:00
92,229,1,2026-01-06 05:25:00
965,488,1,2026-01-06 05:26:00
528,27,1,2026-01-06 05:27:00
153,319,0,2026-01-06 05:28:00
404,70,1,2026-01-06 05:29:00
839,209,1,2026-01-06 05:30:00
148,447,0,2026-01-06 05:31:00
888,183,2,2026-01-06 05:32:00
266,424,1,2026-01-06 05:33:00
421,374,0,2026-01-06 05:34:00
839,355,1,2026-01-06 05:35:00
617,40,0,2026-01-06 05:36:00
471,483,0,2026-01-06 05:37:00
892,491,1,2026-01-06 05:38:00
546,259,2,2026-01-06 05:39:00
630,440,1,2026-01-06 05:40:00
525,413,2,2026-01-06 05:41:00
502,343,2,2026-01-06 05:42:00
13,83,2,2026-01-06 05:43:00
777,45,0,2026-01-06 05:44:00
651,439,0,2026-01-06 05:45:00
805,158,0,2026-01-06 05:46:00
363,343,1,2026-01-06 05:47:00
118,6,2,2026-01-06 05:48:00
237,473,0,2026-01-06 05:49:00
545,332,1,2026-01-06 05:50:00
168,437,1,2026-01-06 05:51:00
521,135,0,2026-01-06 05:52:00
633,182,0,2026-01-06 05:53:00
912,196,0,2026-01-06 05:54:00
656,171,0,2026-01-06 05:55:00
962,396,1,2026-01-06 05:56:00
957,348,0,2026-01-06 05:57:00
734,275,1,2026-01-06 05:58:00
882,77,0,2026-01-06 05:59:00
768,415,1,2026-01-06 06:00:00
779,443,0,2026-01-06 06:01:00
870,177,2,2026-01-06 06:02:00
515,26,0,2026-01-06 06:03:00
937,119,2,2026-01-06 06:04:00
396,280,1,2026-01-06 06:05:00
865,307,1,2026-01-06 06:06:00
105,195,0,2026-01-06 06:07:00
84,276,0,2026-01-06 06:08:00
213,17,0,2026-01-06 06:09:00
120,294,0,2026-01-06 06:10:00
131,270,2,2026-01-06 06:11:00
849,52,0,2026-01-06 06:12:00
196,293,3,2026-01-06 06:13:00
18,431,1,2026-01-06 06:14:00
641,51,0,2026-01-06 06:15:00
11,215,1,2026-01-06 06:16:00
80,71,0,2026-01-06 06:17:00
329,27,0,2026-01-06 06:18:00
865,468,0,2026-01-06 06:19:00
773,399,2,2026-01-06 06:20:00
391,251,0,2026-01-06 06:21:00
636,373,1,2026-01-06 06:22:00
306,399,0,2026-01-06 06:23:00
266,34,1,2026-01-06 06:24:00
446,400,0,2026-01-06 06:25:00
440,200,0,2026-01-06 06:26:00
894,248,0,2026-01-06 06:27:00
651,98,0,2026-01-06 06:28:00
840,307,1,2026-01-06 06:29:00
1,476,0,2026-01-06 06:30:00
519,486,3,2026-01-06 06:31:00
761,465,0,2026-01-06 06:32:00
650,139,0,2026-01-06 06:33:00
635,82,0,2026-01-06 06:34:00
308,47,0,2026-01-06 06:35:00
739,277,2,2026-01-06 06:36:00
521,378,2,2026-01-06 06:37:00
468,247,1,2026-01-06 06:38:00
211,382,2,2026-01-06 06:39:00
111,176,2,2026-01-06 06:40:00
7,51,1,2026-01-06 06:41:00
803,78,2,2026-01-06 06:42:00
476,384,0,2026-01-06 06:43:00
873,321,1,2026-01-06 06:44:00
459,63,1,2026-01-06 06:45:00
252,7,0,2026-01-06 06:46:00
525,213,2,2026-01-06 06:47:00
751,24,0,2026-01-06 06:48:00
437,449,2,2026-01-06 06:49:00
753,255,0,2026-01-06 06:50:00
980,242,0,2026-01-06 06:51:00
853,456,0,2026-01-06 06:52:00
660,456,2,2026-01-06 06:53:00
235,460,0,2026-01-06 06:54:00
305,197,1,2026-01-06 06:55:00
477,93,1,2026-01-06 06:56:00
678,206,0,2026-01-06 06:57:00
19,434,3,2026-01-06 06:58:00
215,436,0,2026-01-06 06:59:00
854,14,1,2026-01-06 07:00:00
134,177,0,2026-01-06 07:01:00
904,454,0,2026-01-06 07:02:00
128,377,0,2026-01-06 07:03:00
409,74,1,2026-01-06 07:04:00
421,103,2,2026-01-06 07:05:00
293,293,0,2026-01-06 07:06:00
245,167,0,2026-01-06 07:07:00
700,449,3,2026-01-06 07:08:00
555,114,0,2026-01-06 07:09:00
85,495,1,2026-01-06 07:10:00
555,38,1,2026-01-06 07:11:00
841,457,0,2026-01-06 07:12:00
374,363,1,2026-01-06 07:13:00
445,272,2,2026-01-06 07:14:00
377,134,0,2026-01-06 07:15:00
389,373,1,2026-01-06 07:16:00
656,231,1,2026-01-06 07:17:00
50,38,0,2026-01-06 07:18:00
241,451,0,2026-01-06 07:19:00
293,290,1,2026-01-06 07:20:00
919,306,0,2026-01-06 07:21:00
562,46,0,2026-01-06 07:22:00
265,35,2,2026-01-06 07:23:00
119,319,1,2026-01-06 07:24:00
711,94,3,2026-01-06 07:25:00
916,472,0,2026-01-06 07:26:00
247,360,2,2026-01-06 07:27:00
69,12,1,2026-01-06 07:28:00
852,145,3,2026-01-06 07:29:00
56,404,2,2026-01-06 07:30:00
381,367,3,2026-01-06 07:31:00
38,64,3,2026-01-06 07:32:00
983,227,0,2026-01-06 07:33:00
800,241,1,2026-01-06 07:34:00
442,7,0,2026-01-06 07:35:00
17,499,1,2026-01-06 07:36:00
951,303,3,2026-01-06 07:37:00
731,340,0,2026-01-06 07:38:00
824,42,1,2026-01-06 07:39:00
755,243,1,2026-01-06 07:40:00
351,180,0,2026-01-06 07:41:00
971,84,0,2026-01-06 07:42:00
815,154,0,2026-01-06 07:43:00
297,274,0,2026-01-06 07:44:00
282,22,1,2026-01-06 07:45:00
585,114,1,2026-01-06 07:46:00
109,305,0,2026-01-06 07:47:00
179,434,3,2026-01-06 07:48:00
937,298,1,2026-01-06 07:49:00
543,98,1,2026-01-06 07:50:00
745,103,0,2026-01-06 07:51:00
793,371,1,2026-01-06 07:52:00
24,50,0,2026-01-06 07:53:00
842,361,1,2026-01-06 07:54:00
790,111,1,2026-01-06 07:55:00
737,452,0,2026-01-06 07:56:00
56,243,2,2026-01-06 07:57:00
179,168,0,2026-01-06 07:58:00
231,71,0,2026-01-06 07:59:00
893,138,3,2026-01-06 08:00:00
342,335,0,2026-01-06 08:01:00
476,230,1,2026-01-06 08:02:00
798,238,1,2026-01-06 08:03:00
575,471,0,2026-01-06 08:04:00
454,252,3,2026-01-06 08:05:00
231,468,0,2026-01-06 08:06:00
288,435,0,2026-01-06 08:07:00
212,406,2,2026-01-06 08:08:00
257,48,1,2026-01-06 08:09:00
529,421,1,2026-01-06 08:10:00
686,302,2,2026-01-06 08:11:00
928,71,0,2026-01-06 08:12:00
228,262,0,2026-01-06 08:13:00
225,321,0,2026-01-06 08:14:00
595,221,2,2026-01-06 08:15:00
802,76,0,2026-01-06 08:16:00
434,61,0,2026-01-06 08:17:00
881,470,0,2026-01-06 08:18:00
757,156,0,2026-01-06 08:19:00
401,293,1,2026-01-06 08:20:00
621,124,3,2026-01-06 08:21:00
765,228,0,2026-01-06 08:22:00
87,339,0,2026-01-06 08:23:00
583,160,1,2026-01-06 08:24:00
892,28,0,2026-01-06 08:25:00
541,113,2,2026-01-06 08:26:00
683,78,1,2026-01-06 08:27:00
308,22,0,2026-01-06 08:28:00
905,105,3,2026-01-06 08:29:00
342,130,0,2026-01-06 08:30:00
435,356,0,2026-01-06 08:31:00
176,476,0,2026-01-06 08:32:00
138,172,3,2026-01-06 08:33:00
193,263,1,2026-01-06 08:34:00
185,341,0,2026-01-06 08:35:00
217,372,2,2026-01-06 08:36:00
163,284,1,2026-01-06 08:37:00
160,1,0,2026-01-06 08:38:00
942,232,1,2026-01-06 08:39:00
524,368,1,2026-01-06 08:40:00
807,250,1,2026-01-06 08:41:00
600,433,0,2026-01-06 08:42:00
835,492,0,2026-01-06 08:43:00
41,320,1,2026-01-06 08:44:00
914,107,2,2026-01-06 08:45:00
209,275,1,2026-01-06 08:46:00
740,179,2,2026-01-06 08:47:00
861,212,1,2026-01-06 08:48:00
274,292,2,2026-01-06 08:49:00
953,71,0,2026-01-06 08:50:00
278,282,0,2026-01-06 08:51:00
250,174,0,2026-01-06 08:52:00
309,122,0,2026-01-06 08:53:00
719,226,1,2026-01-06 08:54:00
832,389,2,2026-01-06 08:55:00
139,443,0,2026-01-06 08:56:00
791,300,2,2026-01-06 08:57:00
545,427,1,2026-01-06 08:58:00
820,82,1,2026-01-06 08:59:00
903,252,1,2026-01-06 09:00:00
529,145,0,2026-01-06 09:01:00
56,119,0,2026-01-06 09:02:00
111,64,1,2026-01-06 09:03:00
4,280,2,2026-01-06 09:04:00
409,282,1,2026-01-06 09:05:00
413,390,0,2026-01-06 09:06:00
181,427,0,2026-01-06 09:07:00
12,105,3,2026-01-06 09:08:00
338,412,0,2026-01-06 09:09:00
796,478,2,2026-01-06 09:10:00
258,299,1,2026-01-06 09:11:00
89,106,1,2026-01-06 09:12:00
615,35,1,2026-01-06 09:13:00
890,146,0,2026-01-06 09:14:00
697,261,1,2026-01-06 09:15:00
249,408,1,2026-01-06 09:16:00
254,158,1,2026-01-06 09:17:00
587,264,2,2026-01-06 09:18:00
897,467,0,2026-01-06 09:19:00
970,201,1,2026-01-06 09:20:00
107,420,0,2026-01-06 09:21:00
667,154,0,2026-01-06 09:22:00
593,12,1,2026-01-06 09:23:00
588,296,0,2026-01-06 09:24:00
484,383,1,2026-01-06 09:25:00
981,321,0,2026-01-06 09:26:00
971,497,0,2026-01-06 09:27:00
257,84,0,2026-01-06 09:28:00
638,480,0,2026-01-06 09:29:00
996,279,2,2026-01-06 09:30:00
902,244,1,2026-01-06 09:31:00
281,299,2,2026-01-06 09:32:00
985,361,0,2026-01-06 09:33:00
87,353,1,2026-01-06 09:34:00
203,315,1,2026-01-06 09:35:00
15,8,0,2026-01-06 09:36:00
150,385,1,2026-01-06 09:37:00
935,246,1,2026-01-06 09:38:00
253,311,0,2026-01-06 09:39:00
187,413,1,2026-01-06 09:40:00
328,277,0,2026-01-06 09:41:00
543,237,0,2026-01-06 09:42:00
782,202,0,2026-01-06 09:43:00
996,246,2,2026-01-06 09:44:00
396,234,0,2026-01-06 09:45:00
516,80,0,2026-01-06 09:46:00
458,355,1,2026-01-06 09:47:00
329,12,1,2026-01-06 09:48:00
819,326,1,2026-01-06 09:49:00
844,15,0,2026-01-06 09:50:00
168,480,1,2026-01-06 09:51:00
692,44,0,2026-01-06 09:52:00
365,320,1,2026-01-06 09:53:00
177,138,1,2026-01-06 09:54:00
654,325,1,2026-01-06 09:55:00
361,147,2,2026-01-06 09:56:00
759,354,1,2026-01-06 09:57:00
638,235,1,2026-01-06 09:58:00
774,190,0,2026-01-06 09:59:00
39,100,0,2026-01-06 10:00:00
923,104,3,2026-01-06 10:01:00
415,473,0,2026-01-06 10:02:00
354,249,1,2026-01-06 10:03:00
254,395,1,2026-01-06 10:04:00
142,445,0,2026-01-06 10:05:00
751,93,2,2026-01-06 10:06:00
739,219,1,2026-01-06 10:07:00
852,474,1,2026-01-06 10:08:00
709,297,0,2026-01-06 10:09:00
576,338,1,2026-01-06 10:10:00
899,452,0,2026-01-06 10:11:00
10,441,1,2026-01-06 10:12:00
619,132,1,2026-01-06 10:13:00
25,360,0,2026-01-06 10:14:00
956,154,1,2026-01-06 10:15:00
420,27,0,2026-01-06 10:16:00
662,281,2,2026-01-06 10:17:00
220,474,1,2026-01-06 10:18:00
852,115,0,2026-01-06 10:19:00
495,304,0,2026-01-06 10:20:00
236,233,2,2026-01-06 10:21:00
236,404,0,2026-01-06 10:22:00
218,0,0,2026-01-06 10:23:00
486,347,0,2026-01-06 10:24:00
935,239,0,2026-01-06 10:25:00
460,57,2,2026-01-06 10:26:00
662,334,1,2026-01-06 10:27:00
634,182,0,2026-01-06 10:28:00
143,336,0,2026-01-06 10:29:00
989,25,0,2026-01-06 10:30:00
188,467,3,2026-01-06 10:31:00
254,408,1,2026-01-06 10:32:00
67,76,1,2026-01-06 10:33:00
615,416,1,2026-01-06 10:34:00
335,216,2,2026-01-06 10:35:00
670,327,2,2026-01-06 10:36:00
820,324,0,2026-01-06 10:37:00
873,261,3,2026-01-06 10:38:00
408,22,2,2026-01-06 10:39:00
299,243,0,2026-01-06 10:40:00
907,157,2,2026-01-06 10:41:00
601,205,1,2026-01-06 10:42:00
356,309,1,2026-01-06 10:43:00
255,86,0,2026-01-06 10:44:00
352,266,1,2026-01-06 10:45:00
731,414,0,2026-01-06 10:46:00
520,133,2,2026-01-06 10:47:00
523,266,3,2026-01-06 10:48:00
836,332,1,2026-01-06 10:49:00
949,267,1,2026-01-06 10:50:00
755,449,1,2026-01-06 10:51:00
693,52,0,2026-01-06 10:52:00
283,98,1,2026-01-06 10:53:00
311,246,1,2026-01-06 10:54:00
98,35,0,2026-01-06 10:55:00
196,400,0,2026-01-06 10:56:00
481,27,1,2026-01-06 10:57:00
877,219,0,2026-01-06 10:58:00
225,405,2,2026-01-06 10:59:00
844,101,0,2026-01-06 11:00:00
614,262,0,2026-01-06 11:01:00
617,270,1,2026-01-06 11:02:00
364,223,1,2026-01-06 11:03:00
367,138,1,2026-01-06 11:04:00
569,279,1,2026-01-06 11:05:00
589,450,1,2026-01-06 11:06:00
74,285,1,2026-01-06 11:07:00
41,453,0,2026-01-06 11:08:00
421,249,0,2026-01-06 11:09:00
835,321,0,2026-01-06 11:10:00
180,316,0,2026-01-06 11:11:00
544,77,0,2026-01-06 11:12:00
70,296,0,2026-01-06 11:13:00
567,337,3,2026-01-06 11:14:00
104,306,0,2026-01-06 11:15:00
199,427,0,2026-01-06 11:16:00
100,350,2,2026-01-06 11:17:00
767,12,0,2026-01-06 11:18:00
306,345,0,2026-01-06 11:19:00
585,491,0,2026-01-06 11:20:00
682,395,0,2026-01-06 11:21:00
376,81,0,2026-01-06 11:22:00
654,8,0,2026-01-06 11:23:00
677,496,2,2026-01-06 11:24:00
398,212,0,2026-01-06 11:25:00
772,47,0,2026-01-06 11:26:00
220,48,1,2026-01-06 11:27:00
594,308,0,2026-01-06 11:28:00
181,439,0,2026-01-06 11:29:00
306,39,2,2026-01-06 11:30:00
521,362,2,2026-01-06 11:31:00
395,279,1,2026-01-06 11:32:00
3,225,0,2026-01-06 11:33:00
862,455,3,2026-01-06 11:34:00
913,107,0,2026-01-06 11:35:00
847,244,0,2026-01-06 11:36:00
999,254,0,2026-01-06 11:37:00
803,32,1,2026-01-06 11:38:00
280,22,0,2026-01-06 11:39:00
214,332,1,2026-01-06 11:40:00
971,53,2,2026-01-06 11:41:00
609,308,0,2026-01-06 11:42:00
419,48,1,2026-01-06 11:43:00
100,461,0,2026-01-06 11:44:00
962,77,0,2026-01-06 11:45:00
520,335,0,2026-01-06 11:46:00
572,432,1,2026-01-06 11:47:00
308,357,0,2026-01-06 11:48:00
657,121,2,2026-01-06 11:49:00
938,443,3,2026-01-06 11:50:00
930,358,2,2026-01-06 11:51:00
509,89,0,2026-01-06 11:52:00
62,345,0,2026-01-06 11:53:00
632,192,0,2026-01-06 11:54:00
225,415,1,2026-01-06 11:55:00
104,376,3,2026-01-06 11:56:00
973,462,1,2026-01-06 11:57:00
771,243,1,2026-01-06 11:58:00
860,148,0,2026-01-06 11:59:00
424,145,2,2026-01-06 12:00:00
254,477,0,2026-01-06 12:01:00
428,315,0,2026-01-06 12:02:00
433,377,2,2026-01-06 12:03:00
206,140,1,2026-01-06 12:04:00
27,407,0,2026-01-06 12:05:00
681,285,0,2026-01-06 12:06:00
335,385,0,2026-01-06 12:07:00
587,338,1,2026-01-06 12:08:00
627,110,0,2026-01-06 12:09:00
68,107,2,2026-01-06 12:10:00
865,366,0,2026-01-06 12:11:00
745,280,0,2026-01-06 12:12:00
512,49,0,2026-01-06 12:13:00
166,13,0,2026-01-06 12:14:00
863,133,1,2026-01-06 12:15:00
729,75,1,2026-01-06 12:16:00
784,83,0,2026-01-06 12:17:00
367,342,1,2026-01-06 12:18:00
250,157,2,2026-01-06 12:19:00
858,285,0,2026-01-06 12:20:00
855,421,0,2026-01-06 12:21:00
930,313,0,2026-01-06 12:22:00
685,93,1,2026-01-06 12:23:00
169,296,0,2026-01-06 12:24:00
757,93,0,2026-01-06 12:25:00
934,56,1,2026-01-06 12:26:00
89,163,3,2026-01-06 12:27:00
560,319,0,2026-01-06 12:28:00
445,496,0,2026-01-06 12:29:00
293,97,1,2026-01-06 12:30:00
918,15,0,2026-01-06 12:31:00
149,343,0,2026-01-06 12:32:00
131,77,1,2026-01-06 12:33:00
432,345,2,2026-01-06 12:34:00
58,71,2,2026-01-06 12:35:00
968,269,0,2026-01-06 12:36:00
835,286,1,2026-01-06 12:37:00
198,65,0,2026-01-06 12:38:00
214,367,0,2026-01-06 12:39:00
897,67,2,2026-01-06 12:40:00
560,192,2,2026-01-06 12:41:00
471,54,0,2026-01-06 12:42:00
743,467,0,2026-01-06 12:43:00
246,378,0,2026-01-06 12:44:00
381,461,1,2026-01-06 12:45:00
990,167,2,2026-01-06 12:46:00
238,408,0,2026-01-06 12:47:00
926,24,0,2026-01-06 12:48:00
366,130,0,2026-01-06 12:49:00
167,324,0,2026-01-06 12:50:00
559,101,1,2026-01-06 12:51:00
50,373,2,2026-01-06 12:52:00
810,281,0,2026-01-06 12:53:00
609,295,0,2026-01-06 12:54:00
950,293,0,2026-01-06 12:55:00
727,421,0,2026-01-06 12:56:00
688,451,0,2026-01-06 12:57:00
379,262,1,2026-01-06 12:58:00
473,477,0,2026-01-06 12:59:00
79,413,0,2026-01-06 13:00:00
696,119,1,2026-01-06 13:01:00
366,402,0,2026-01-06 13:02:00
460,230,1,2026-01-06 13:03:00
910,290,1,2026-01-06 13:04:00
538,487,2,2026-01-06 13:05:00
451,160,0,2026-01-06 13:06:00
463,160,1,2026-01-06 13:07:00
959,77,0,2026-01-06 13:08:00
477,37,3,2026-01-06 13:09:00
925,393,1,2026-01-06 13:10:00
419,440,0,2026-01-06 13:11:00
706,27,0,2026-01-06 13:12:00
213,461,2,2026-01-06 13:13:00
368,99,2,2026-01-06 13:14:00
853,293,2,2026-01-06 13:15:00
113,399,2,2026-01-06 13:16:00
753,123,2,2026-01-06 13:17:00
502,404,1,2026-01-06 13:18:00
635,91,0,2026-01-06 13:19:00
816,254,0,2026-01-06 13:20:00
587,96,1,2026-01-06 13:21:00
310,5,0,2026-01-06 13:22:00
468,168,1,2026-01-06 13:23:00
823,382,0,2026-01-06 13:24:00
707,270,1,2026-01-06 13:25:00
862,107,0,2026-01-06 13:26:00
43,386,0,2026-01-06 13:27:00
414,298,0,2026-01-06 13:28:00
697,46,0,2026-01-06 13:29:00
854,98,2,2026-01-06 13:30:00
245,13,1,2026-01-06 13:31:00
948,193,2,2026-01-06 13:32:00
83,156,0,2026-01-06 13:33:00
206,387,0,2026-01-06 13:34:00
150,153,0,2026-01-06 13:35:00
667,114,0,2026-01-06 13:36:00
527,395,0,2026-01-06 13:37:00
164,257,0,2026-01-06 13:38:00
916,144,2,2026-01-06 13:39:00
974,290,2,2026-01-06 13:40:00
144,9,2,2026-01-06 13:41:00
36,367,3,2026-01-06 13:42:00
332,213,0,2026-01-06 13:43:00
402,232,1,2026-01-06 13:44:00
413,170,0,2026-01-06 13:45:00
44,20,0,2026-01-06 13:46:00
401,14,1,2026-01-06 13:47:00
205,418,2,2026-01-06 13:48:00
61,367,1,2026-01-06 13:49:00
419,125,2,2026-01-06 13:50:00
867,340,0,2026-01-06 13:51:00
467,340,0,2026-01-06 13:52:00
819,212,0,2026-01-06 13:53:00
18,187,3,2026-01-06 13:54:00
364,171,2,2026-01-06 13:55:00
299,479,1,2026-01-06 13:56:00
6,246,0,2026-01-06 13:57:00
760,4,0,2026-01-06 13:58:00
427,230,0,2026-01-06 13:59:00
116,200,2,2026-01-06 14:00:00
579,372,0,2026-01-06 14:01:00
506,401,0,2026-01-06 14:02:00
545,148,0,2026-01-06 14:03:00
705,71,2,2026-01-06 14:04:00
324,491,1,2026-01-06 14:05:00
54,499,1,2026-01-06 14:06:00
777,225,0,2026-01-06 14:07:00
991,73,0,2026-01-06 14:08:00
41,306,0,2026-01-06 14:09:00
296,168,2,2026-01-06 14:10:00
972,248,2,2026-01-06 14:11:00
230,279,0,2026-01-06 14:12:00
452,487,0,2026-01-06 14:13:00
889,151,2,2026-01-06 14:14:00
393,223,1,2026-01-06 14:15:00
521,224,0,2026-01-06 14:16:00
357,37,0,2026-01-06 14:17:00
986,43,1,2026-01-06 14:18:00
443,184,1,2026-01-06 14:19:00
127,498,3,2026-01-06 14:20:00
690,442,2,2026-01-06 14:21:00
404,240,0,2026-01-06 14:22:00
391,417,1,2026-01-06 14:23:00
192,330,0,2026-01-06 14:24:00
603,350,1,2026-01-06 14:25:00
880,209,1,2026-01-06 14:26:00
742,22,1,2026-01-06 14:27:00
77,123,2,2026-01-06 14:28:00
84,85,1,2026-01-06 14:29:00
29,42,2,2026-01-06 14:30:00
724,465,0,2026-01-06 14:31:00
48,39,0,2026-01-06 14:32:00
776,302,1,2026-01-06 14:33:00
144,168,3,2026-01-06 14:34:00
68,174,0,2026-01-06 14:35:00
57,486,0,2026-01-06 14:36:00
696,19,0,2026-01-06 14:37:00
573,460,1,2026-01-06 14:38:00
478,108,2,2026-01-06 14:39:00
819,192,1,2026-01-06 14:40:00
444,243,3,2026-01-06 14:41:00
295,323,1,2026-01-06 14:42:00
677,279,0,2026-01-06 14:43:00
170,227,1,2026-01-06 14:44:00
574,35,1,2026-01-06 14:45:00
146,44,3,2026-01-06 14:46:00
483,385,0,2026-01-06 14:47:00
305,27,0,2026-01-06 14:48:00
672,153,0,2026-01-06 14:49:00
652,22,1,2026-01-06 14:50:00
845,206,0,2026-01-06 14:51:00
608,419,1,2026-01-06 14:52:00
445,90,2,2026-01-06 14:53:00
220,389,0,2026-01-06 14:54:00
554,418,1,2026-01-06 14:55:00
944,358,2,2026-01-06 14:56:00
803,37,1,2026-01-06 14:57:00
377,418,0,2026-01-06 14:58:00
619,227,0,2026-01-06 14:59:00
265,201,1,2026-01-06 15:00:00
94,349,0,2026-01-06 15:01:00
261,308,1,2026-01-06 15:02:00
824,488,3,2026-01-06 15:03:00
896,253,1,2026-01-06 15:04:00
70,37,0,2026-01-06 15:05:00
953,220,0,2026-01-06 15:06:00
218,499,2,2026-01-06 15:07:00
532,186,2,2026-01-06 15:08:00
91,42,0,2026-01-06 15:09:00
126,358,0,2026-01-06 15:10:00
79,113,1,2026-01-06 15:11:00
823,259,0,2026-01-06 15:12:00
237,4,0,2026-01-06 15:13:00
982,67,0,2026-01-06 15:14:00
371,227,0,2026-01-06 15:15:00
915,122,0,2026-01-06 15:16:00
485,172,0,2026-01-06 15:17:00
693,335,0,2026-01-06 15:18:00
24,152,1,2026-01-06 15:19:00
155,461,1,2026-01-06 15:20:00
516,266,0,2026-01-06 15:21:00
631,156,2,2026-01-06 15:22:00
788,161,0,2026-01-06 15:23:00
529,213,0,2026-01-06 15:24:00
942,397,0,2026-01-06 15:25:00
709,375,1,2026-01-06 15:26:00
56,407,0,2026-01-06 15:27:00
604,442,0,2026-01-06 15:28:00
18,422,1,2026-01-06 15:29:00
383,25,1,2026-01-06 15:30:00
864,426,1,2026-01-06 15:31:00
192,291,1,2026-01-06 15:32:00
236,422,3,2026-01-06 15:33:00
386,188,0,2026-01-06 15:34:00
425,399,0,2026-01-06 15:35:00
276,121,3,2026-01-06 15:36:00
226,229,1,2026-01-06 15:37:00
744,58,1,2026-01-06 15:38:00
551,95,0,2026-01-06 15:39:00
322,261,0,2026-01-06 15:40:00
152,353,0,2026-01-06 15:41:00
638,311,0,2026-01-06 15:42:00
236,135,0,2026-01-06 15:43:00
997,349,0,2026-01-06 15:44:00
54,282,1,2026-01-06 15:45:00
979,454,0,2026-01-06 15:46:00
435,410,0,2026-01-06 15:47:00
683,472,0,2026-01-06 15:48:00
108,119,0,2026-01-06 15:49:00
865,429,0,2026-01-06 15:50:00
980,424,0,2026-01-06 15:51:00
183,462,0,2026-01-06 15:52:00
950,24,1,2026-01-06 15:53:00
367,341,0,2026-01-06 15:54:00
982,145,1,2026-01-06 15:55:00
197,11,2,2026-01-06 15:56:00
370,86,1,2026-01-06 15:57:00
372,434,0,2026-01-06 15:58:00
972,108,0,2026-01-06 15:59:00
496,422,1,2026-01-06 16:00:00
598,344,3,2026-01-06 16:01:00
200,265,3,2026-01-06 16:02:00
848,221,0,2026-01-06 16:03:00
508,73,1,2026-01-06 16:04:00
321,481,2,2026-01-06 16:05:00
274,493,2,2026-01-06 16:06:00
210,332,0,2026-01-06 16:07:00
503,309,0,2026-01-06 16:08:00
902,412,0,2026-01-06 16:09:00
117,101,0,2026-01-06 16:10:00
702,424,1,2026-01-06 16:11:00
553,492,3,2026-01-06 16:12:00
41,136,2,2026-01-06 16:13:00
314,190,0,2026-01-06 16:14:00
787,460,1,2026-01-06 16:15:00
328,420,0,2026-01-06 16:16:00
16,141,1,2026-01-06 16:17:00
282,356,1,2026-01-06 16:18:00
942,72,0,2026-01-06 16:19:00
257,327,0,2026-01-06 16:20:00
574,166,0,2026-01-06 16:21:00
573,167,0,2026-01-06 16:22:00
611,53,2,2026-01-06 16:23:00
18,258,0,2026-01-06 16:24:00
528,438,0,2026-01-06 16:25:00
836,110,0,2026-01-06 16:26:00
422,231,2,2026-01-06 16:27:00
465,160,0,2026-01-06 16:28:00
372,351,0,2026-01-06 16:29:00
757,326,1,2026-01-06 16:30:00
762,18,0,2026-01-06 16:31:00
966,289,0,2026-01-06 16:32:00
80,461,1,2026-01-06 16:33:00
550,49,0,2026-01-06 16:34:00
547,174,2,2026-01-06 16:35:00
423,301,1,2026-01-06 16:36:00
428,183,1,2026-01-06 16:37:00
387,184,0,2026-01-06 16:38:00
997,338,2,2026-01-06 16:39:00
920,306,1,2026-01-06 16:40:00
708,309,0,2026-01-06 16:41:00
669,345,0,2026-01-06 16:42:00
203,80,0,2026-01-06 16:43:00
195,373,1,2026-01-06 16:44:00
727,155,2,2026-01-06 16:45:00
284,274,1,2026-01-06 16:46:00
968,282,1,2026-01-06 16:47:00
195,431,0,2026-01-06 16:48:00
306,499,1,2026-01-06 16:49:00
663,248,3,2026-01-06 16:50:00
13,146,0,2026-01-06 16:51:00
836,480,0,2026-01-06 16:52:00
145,434,0,2026-01-06 16:53:00
937,6,0,2026-01-06 16:54:00
56,156,1,2026-01-06 16:55:00
722,170,2,2026-01-06 16:56:00
779,68,0,2026-01-06 16:57:00
209,93,0,2026-01-06 16:58:00
528,368,0,2026-01-06 16:59:00
797,362,2,2026-01-06 17:00:00
343,375,0,2026-01-06 17:01:00
714,185,0,2026-01-06 17:02:00
610,391,0,2026-01-06 17:03:00
278,169,0,2026-01-06 17:04:00
208,203,2,2026-01-06 17:05:00
640,41,0,2026-01-06 17:06:00
334,12,1,2026-01-06 17:07:00
287,153,1,2026-01-06 17:08:00
251,273,0,2026-01-06 17:09:00
264,297,0,2026-01-06 17:10:00
270,50,2,2026-01-06 17:11:00
923,499,1,2026-01-06 17:12:00
919,368,1,2026-01-06 17:13:00
699,211,1,2026-01-06 17:14:00
418,143,3,2026-01-06 17:15:00
725,356,0,2026-01-06 17:16:00
794,2,0,2026-01-06 17:17:00
210,253,0,2026-01-06 17:18:00
364,474,0,2026-01-06 17:19:00
75,334,0,2026-01-06 17:20:00
659,255,3,2026-01-06 17:21:00
320,97,2,2026-01-06 17:22:00
724,172,0,2026-01-06 17:23:00
432,149,0,2026-01-06 17:24:00
108,487,0,2026-01-06 17:25:00
640,278,2,2026-01-06 17:26:00
521,58,0,2026-01-06 17:27:00
46,445,1,2026-01-06 17:28:00
378,112,2,2026-01-06 17:29:00
826,323,0,2026-01-06 17:30:00
95,242,2,2026-01-06 17:31:00
957,309,0,2026-01-06 17:32:00
102,56,1,2026-01-06 17:33:00
891,488,0,2026-01-06 17:34:00
853,406,0,2026-01-06 17:35:00
145,366,3,2026-01-06 17:36:00
879,59,1,2026-01-06 17:37:00
941,328,0,2026-01-06 17:38:00
927,215,0,2026-01-06 17:39:00
26,468,0,2026-01-06 17:40:00
731,232,1,2026-01-06 17:41:00
529,493,0,2026-01-06 17:42:00
678,54,2,2026-01-06 17:43:00
944,372,0,2026-01-06 17:44:00
988,207,0,2026-01-06 17:45:00
81,62,1,2026-01-06 17:46:00
427,183,0,2026-01-06 17:47:00
583,310,2,2026-01-06 17:48:00
821,280,1,2026-01-06 17:49:00
478,25,0,2026-01-06 17:50:00
765,176,1,2026-01-06 17:51:00
161,62,0,2026-01-06 17:52:00
838,428,0,2026-01-06 17:53:00
931,72,0,2026-01-06 17:54:00
401,334,1,2026-01-06 17:55:00
507,166,0,2026-01-06 17:56:00
37,224,0,2026-01-06 17:57:00
954,64,0,2026-01-06 17:58:00
510,68,0,2026-01-06 17:59:00
392,439,0,2026-01-06 18:00:00
712,8,0,2026-01-06 18:01:00
493,235,0,2026-01-06 18:02:00
199,197,0,2026-01-06 18:03:00
254,411,0,2026-01-06 18:04:00
178,172,2,2026-01-06 18:05:00
546,281,1,2026-01-06 18:06:00
593,27,0,2026-01-06 18:07:00
388,295,2,2026-01-06 18:08:00
397,398,0,2026-01-06 18:09:00
731,133,0,2026-01-06 18:10:00
157,26,2,2026-01-06 18:11:00
3,37,1,2026-01-06 18:12:00
166,195,3,2026-01-06 18:13:00
467,202,2,2026-01-06 18:14:00
959,84,0,2026-01-06 18:15:00
408,319,3,2026-01-06 18:16:00
411,29,2,2026-01-06 18:17:00
203,465,0,2026-01-06 18:18:00
193,98,3,2026-01-06 18:19:00
234,386,0,2026-01-06 18:20:00
717,189,1,2026-01-06 18:21:00
149,11,0,2026-01-06 18:22:00
158,90,0,2026-01-06 18:23:00
278,29,1,2026-01-06 18:24:00
815,212,0,2026-01-06 18:25:00
403,37,1,2026-01-06 18:26:00
892,340,1,2026-01-06 18:27:00
677,59,0,2026-01-06 18:28:00
310,293,0,2026-01-06 18:29:00
67,359,1,2026-01-06 18:30:00
462,142,2,2026-01-06 18:31:00
87,401,1,2026-01-06 18:32:00
216,179,1,2026-01-06 18:33:00
0,284,1,2026-01-06 18:34:00
134,111,0,2026-01-06 18:35:00
696,229,0,2026-01-06 18:36:00
350,443,3,2026-01-06 18:37:00
139,20,1,2026-01-06 18:38:00
617,144,0,2026-01-06 18:39:00
132,488,0,2026-01-06 18:40:00
619,498,0,2026-01-06 18:41:00
177,145,1,2026-01-06 18:42:00
809,440,0,2026-01-06 18:43:00
357,374,1,2026-01-06 18:44:00
379,420,0,2026-01-06 18:45:00
907,315,0,2026-01-06 18:46:00
870,165,2,2026-01-06 18:47:00
657,139,0,2026-01-06 18:48:00
449,202,3,2026-01-06 18:49:00
585,495,0,2026-01-06 18:50:00
462,243,0,2026-01-06 18:51:00
989,112,0,2026-01-06 18:52:00
107,467,1,2026-01-06 18:53:00
121,200,1,2026-01-06 18:54:00
16,384,0,2026-01-06 18:55:00
195,313,0,2026-01-06 18:56:00
326,258,1,2026-01-06 18:57:00
317,254,0,2026-01-06 18:58:00
808,446,0,2026-01-06 18:59:00
478,404,0,2026-01-06 19:00:00
251,22,1,2026-01-06 19:01:00
502,392,0,2026-01-06 19:02:00
998,245,0,2026-01-06 19:03:00
118,338,0,2026-01-06 19:04:00
673,492,0,2026-01-06 19:05:00
709,310,1,2026-01-06 19:06:00
497,365,2,2026-01-06 19:07:00
485,371,0,2026-01-06 19:08:00
44,402,0,2026-01-06 19:09:00
313,317,0,2026-01-06 19:10:00
178,86,2,2026-01-06 19:11:00
893,218,0,2026-01-06 19:12:00
417,474,3,2026-01-06 19:13:00
555,422,0,2026-01-06 19:14:00
782,355,0,2026-01-06 19:15:00
77,459,0,2026-01-06 19:16:00
325,26,1,2026-01-06 19:17:00
689,429,1,2026-01-06 19:18:00
356,289,0,2026-01-06 19:19:00
415,288,0,2026-01-06 19:20:00
962,347,0,2026-01-06 19:21:00
514,222,0,2026-01-06 19:22:00
213,351,0,2026-01-06 19:23:00
853,177,0,2026-01-06 19:24:00
73,147,1,2026-01-06 19:25:00
562,423,0,2026-01-06 19:26:00
578,226,0,2026-01-06 19:27:00
508,350,0,2026-01-06 19:28:00
331,185,0,2026-01-06 19:29:00
92,414,0,2026-01-06 19:30:00
687,293,0,2026-01-06 19:31:00
656,469,0,2026-01-06 19:32:00
518,428,2,2026-01-06 19:33:00
268,40,0,2026-01-06 19:34:00
375,392,0,2026-01-06 19:35:00
833,499,2,2026-01-06 19:36:00
3,392,0,2026-01-06 19:37:00
137,190,2,2026-01-06 19:38:00
230,78,0,2026-01-06 19:39:00
599,204,1,2026-01-06 19:40:00
528,383,1,2026-01-06 19:41:00
51,277,2,2026-01-06 19:42:00
645,271,1,2026-01-06 19:43:00
722,31,0,2026-01-06 19:44:00
324,449,1,2026-01-06 19:45:00
991,473,0,2026-01-06 19:46:00
969,141,1,2026-01-06 19:47:00
904,250,0,2026-01-06 19:48:00
730,293,1,2026-01-06 19:49:00
716,97,1,2026-01-06 19:50:00
722,135,2,2026-01-06 19:51:00
276,483,0,2026-01-06 19:52:00
535,276,1,2026-01-06 19:53:00
485,311,0,2026-01-06 19:54:00
515,301,0,2026-01-06 19:55:00
151,42,1,2026-01-06 19:56:00
954,119,1,2026-01-06 19:57:00
482,219,1,2026-01-06 19:58:00
258,45,1,2026-01-06 19:59:00
323,235,0,2026-01-06 20:00:00
868,47,1,2026-01-06 20:01:00
167,197,0,2026-01-06 20:02:00
687,83,0,2026-01-06 20:03:00
309,30,0,2026-01-06 20:04:00
802,160,1,2026-01-06 20:05:00
478,427,1,2026-01-06 20:06:00
55,70,0,2026-01-06 20:07:00
619,7,1,2026-01-06 20:08:00
472,456,0,2026-01-06 20:09:00
295,385,2,2026-01-06 20:10:00
460,400,1,2026-01-06 20:11:00
323,51,0,2026-01-06 20:12:00
813,44,3,2026-01-06 20:13:00
845,292,0,2026-01-06 20:14:00
140,425,1,2026-01-06 20:15:00
666,299,0,2026-01-06 20:16:00
261,464,0,2026-01-06 20:17:00
784,372,1,2026-01-06 20:18:00
419,37,0,2026-01-06 20:19:00
743,354,2,2026-01-06 20:20:00
240,379,0,2026-01-06 20:21:00
354,494,0,2026-01-06 20:22:00
848,230,1,2026-01-06 20:23:00
769,477,0,2026-01-06 20:24:00
760,261,0,2026-01-06 20:25:00
588,67,2,2026-01-06 20:26:00
179,178,1,2026-01-06 20:27:00
65,356,0,2026-01-06 20:28:00
819,418,1,2026-01-06 20:29:00
347,185,2,2026-01-06 20:30:00
170,440,0,2026-01-06 20:31:00
473,200,1,2026-01-06 20:32:00
533,389,0,2026-01-06 20:33:00
366,12,2,2026-01-06 20:34:00
106,442,1,2026-01-06 20:35:00
438,213,2,2026-01-06 20:36:00
834,219,2,2026-01-06 20:37:00
226,285,0,2026-01-06 20:38:00
443,243,0,2026-01-06 20:39:00
441,355,0,2026-01-06 20:40:00
395,257,0,2026-01-06 20:41:00
727,57,1,2026-01-06 20:42:00
580,35,1,2026-01-06 20:43:00
83,327,0,2026-01-06 20:44:00
614,428,0,2026-01-06 20:45:00
550,489,1,2026-01-06 20:46:00
12,497,0,2026-01-06 20:47:00
808,392,0,2026-01-06 20:48:00
824,381,1,2026-01-06 20:49:00
692,192,0,2026-01-06 20:50:00
492,332,2,2026-01-06 20:51:00
267,49,0,2026-01-06 20:52:00
524,462,1,2026-01-06 20:53:00
119,31,1,2026-01-06 20:54:00
969,97,0,2026-01-06 20:55:00
352,42,0,2026-01-06 20:56:00
56,380,0,2026-01-06 20:57:00
39,350,0,2026-01-06 20:58:00
885,333,0,2026-01-06 20:59:00
335,309,1,2026-01-06 21:00:00
639,46,1,2026-01-06 21:01:00
172,269,1,2026-01-06 21:02:00
546,431,0,2026-01-06 21:03:00
258,310,1,2026-01-06 21:04:00
887,412,0,2026-01-06 21:05:00
516,430,2,2026-01-06 21:06:00
729,62,2,2026-01-06 21:07:00
522,18,1,2026-01-06 21:08:00
893,346,1,2026-01-06 21:09:00
838,392,0,2026-01-06 21:10:00
116,100,0,2026-01-06 21:11:00
183,36,2,2026-01-06 21:12:00
905,106,0,2026-01-06 21:13:00
873,91,0,2026-01-06 21:14:00
115,307,2,2026-01-06 21:15:00
161,184,1,2026-01-06 21:16:00
578,215,0,2026-01-06 21:17:00
711,27,0,2026-01-06 21:18:00
542,35,0,2026-01-06 21:19:00
586,371,1,2026-01-06 21:20:00
236,319,0,2026-01-06 21:21:00
838,17,2,2026-01-06 21:22:00
65,344,1,2026-01-06 21:23:00
69,418,0,2026-01-06 21:24:00
808,195,0,2026-01-06 21:25:00
446,77,1,2026-01-06 21:26:00
415,166,2,2026-01-06 21:27:00
531,89,0,2026-01-06 21:28:00
440,263,2,2026-01-06 21:29:00
737,471,0,2026-01-06 21:30:00
945,207,0,2026-01-06 21:31:00
463,211,2,2026-01-06 21:32:00
920,270,0,2026-01-06 21:33:00
395,262,1,2026-01-06 21:34:00
710,272,0,2026-01-06 21:35:00
550,341,2,2026-01-06 21:36:00
656,213,2,2026-01-06 21:37:00
556,373,2,2026-01-06 21:38:00
394,63,0,2026-01-06 21:39:00
325,11,0,2026-01-06 21:40:00
892,209,1,2026-01-06 21:41:00
918,311,0,2026-01-06 21:42:00
90,173,1,2026-01-06 21:43:00
749,430,1,2026-01-06 21:44:00
69,255,0,2026-01-06 21:45:00
165,462,1,2026-01-06 21:46:00
641,100,2,2026-01-06 21:47:00
213,15,3,2026-01-06 21:48:00
851,196,0,2026-01-06 21:49:00
600,257,0,2026-01-06 21:50:00
334,383,0,2026-01-06 21:51:00
763,243,0,2026-01-06 21:52:00
368,347,0,2026-01-06 21:53:00
860,248,3,2026-01-06 21:54:00
583,104,0,2026-01-06 21:55:00
676,181,0,2026-01-06 21:56:00
48,154,0,2026-01-06 21:57:00
51,286,0,2026-01-06 21:58:00
288,168,0,2026-01-06 21:59:00
789,419,1,2026-01-06 22:00:00
625,46,0,2026-01-06 22:01:00
238,42,0,2026-01-06 22:02:00
132,320,0,2026-01-06 22:03:00
998,305,1,2026-01-06 22:04:00
785,220,0,2026-01-06 22:05:00
165,0,0,2026-01-06 22:06:00
373,199,2,2026-01-06 22:07:00
372,440,0,2026-01-06 22:08:00
804,143,1,2026-01-06 22:09:00
477,377,2,2026-01-06 22:10:00
754,27,0,2026-01-06 22:11:00
478,341,2,2026-01-06 22:12:00
831,337,2,2026-01-06 22:13:00
649,277,0,2026-01-06 22:14:00
590,40,2,2026-01-06 22:15:00
681,331,0,2026-01-06 22:16:00
634,146,0,2026-01-06 22:17:00
687,344,2,2026-01-06 22:18:00
299,177,2,2026-01-06 22:19:00
81,314,1,2026-01-06 22:20:00
86,324,0,2026-01-06 22:21:00
224,417,1,2026-01-06 22:22:00
15,166,1,2026-01-06 22:23:00
821,122,0,2026-01-06 22:24:00
357,73,3,2026-01-06 22:25:00
162,238,0,2026-01-06 22:26:00
609,248,0,2026-01-06 22:27:00
667,262,0,2026-01-06 22:28:00
513,251,0,2026-01-06 22:29:00
349,356,1,2026-01-06 22:30:00
908,110,0,2026-01-06 22:31:00
680,179,1,2026-01-06 22:32:00
463,187,0,2026-01-06 22:33:00
826,307,0,2026-01-06 22:34:00
836,206,1,2026-01-06 22:35:00
374,233,0,2026-01-06 22:36:00
91,23,1,2026-01-06 22:37:00
180,25,1,2026-01-06 22:38:00
742,380,1,2026-01-06 22:39:00
300,217,1,2026-01-06 22:40:00
659,493,2,2026-01-06 22:41:00
791,345,3,2026-01-06 22:42:00
188,377,0,2026-01-06 22:43:00
858,9,1,2026-01-06 22:44:00
861,16,0,2026-01-06 22:45:00
313,244,0,2026-01-06 22:46:00
492,205,0,2026-01-06 22:47:00
922,257,3,2026-01-06 22:48:00
921,111,1,2026-01-06 22:49:00
127,204,0,2026-01-06 22:50:00
518,26,0,2026-01-06 22:51:00
425,456,2,2026-01-06 22:52:00
558,70,0,2026-01-06 22:53:00
564,175,0,2026-01-06 22:54:00
186,201,2,2026-01-06 22:55:00
549,247,1,2026-01-06 22:56:00
452,117,0,2026-01-06 22:57:00
470,8,0,2026-01-06 22:58:00
987,85,2,2026-01-06 22:59:00
737,22,2,2026-01-06 23:00:00
564,454,0,2026-01-06 23:01:00
910,239,0,2026-01-06 23:02:00
223,72,0,2026-01-06 23:03:00
153,26,1,2026-01-06 23:04:00
559,471,1,2026-01-06 23:05:00
350,348,0,2026-01-06 23:06:00
146,80,1,2026-01-06 23:07:00
904,83,1,2026-01-06 23:08:00
575,198,1,2026-01-06 23:09:00
348,42,2,2026-01-06 23:10:00
181,487,0,2026-01-06 23:11:00
636,262,0,2026-01-06 23:12:00
178,91,1,2026-01-06 23:13:00
38,338,2,2026-01-06 23:14:00
771,446,0,2026-01-06 23:15:00
893,83,2,2026-01-06 23:16:00
2,299,0,2026-01-06 23:17:00
63,422,0,2026-01-06 23:18:00
28,295,0,2026-01-06 23:19:00
371,134,3,2026-01-06 23:20:00
522,453,1,2026-01-06 23:21:00
96,280,0,2026-01-06 23:22:00
869,488,3,2026-01-06 23:23:00
441,58,1,2026-01-06 23:24:00
202,396,2,2026-01-06 23:25:00
410,358,0,2026-01-06 23:26:00
992,487,0,2026-01-06 23:27:00
20,341,1,2026-01-06 23:28:00
550,240,1,2026-01-06 23:29:00
734,464,1,2026-01-06 23:30:00
101,367,1,2026-01-06 23:31:00
45,341,1,2026-01-06 23:32:00
65,97,0,2026-01-06 23:33:00
602,61,1,2026-01-06 23:34:00
163,263,0,2026-01-06 23:35:00
970,112,0,2026-01-06 23:36:00
110,428,0,2026-01-06 23:37:00
337,145,1,2026-01-06 23:38:00
122,215,2,2026-01-06 23:39:00
704,255,0,2026-01-06 23:40:00
446,315,0,2026-01-06 23:41:00
610,315,0,2026-01-06 23:42:00
290,361,2,2026-01-06 23:43:00
670,257,1,2026-01-06 23:44:00
411,193,3,2026-01-06 23:45:00
614,346,2,2026-01-06 23:46:00
896,13,0,2026-01-06 23:47:00
280,303,0,2026-01-06 23:48:00
42,102,0,2026-01-06 23:49:00
485,244,0,2026-01-06 23:50:00
595,244,0,2026-01-06 23:51:00
962,311,0,2026-01-06 23:52:00
702,267,1,2026-01-06 23:53:00
50,223,1,2026-01-06 23:54:00
897,219,0,2026-01-06 23:55:00
209,310,1,2026-01-06 23:56:00
125,411,0,2026-01-06 23:57:00
491,365,1,2026-01-06 23:58:00
508,216,1,2026-01-06 23:59:00
959,3,0,2026-01-07 00:00:00
969,473,1,2026-01-07 00:01:00
580,35,1,2026-01-07 00:02:00
776,177,0,2026-01-07 00:03:00
257,386,0,2026-01-07 00:04:00
929,256,3,2026-01-07 00:05:00
187,16,0,2026-01-07 00:06:00
229,198,1,2026-01-07 00:07:00
188,317,2,2026-01-07 00:08:00
414,47,0,2026-01-07 00:09:00
9,61,0,2026-01-07 00:10:00
113,68,2,2026-01-07 00:11:00
75,146,0,2026-01-07 00:12:00
675,358,1,2026-01-07 00:13:00
501,365,1,2026-01-07 00:14:00
84,161,1,2026-01-07 00:15:00
48,226,3,2026-01-07 00:16:00
494,432,2,2026-01-07 00:17:00
837,463,1,2026-01-07 00:18:00
688,487,2,2026-01-07 00:19:00
386,497,2,2026-01-07 00:20:00
969,430,3,2026-01-07 00:21:00
388,486,1,2026-01-07 00:22:00
217,346,0,2026-01-07 00:23:00
700,488,1,2026-01-07 00:24:00
980,229,0,2026-01-07 00:25:00
345,369,0,2026-01-07 00:26:00
229,177,0,2026-01-07 00:27:00
254,344,2,2026-01-07 00:28:00
235,409,0,2026-01-07 00:29:00
25,55,1,2026-01-07 00:30:00
583,77,1,2026-01-07 00:31:00
260,269,0,2026-01-07 00:32:00
765,205,1,2026-01-07 00:33:00
270,280,1,2026-01-07 00:34:00
122,227,2,2026-01-07 00:35:00
655,387,0,2026-01-07 00:36:00
256,238,0,2026-01-07 00:37:00
655,462,1,2026-01-07 00:38:00
420,287,0,2026-01-07 00:39:00
258,81,0,2026-01-07 00:40:00
947,333,0,2026-01-07 00:41:00
46,249,1,2026-01-07 00:42:00
862,192,0,2026-01-07 00:43:00
524,105,1,2026-01-07 00:44:00
887,188,3,2026-01-07 00:45:00
207,275,1,2026-01-07 00:46:00
310,73,0,2026-01-07 00:47:00
746,9,0,2026-01-07 00:48:00
148,122,0,2026-01-07 00:49:00
833,215,0,2026-01-07 00:50:00
437,289,0,2026-01-07 00:51:00
154,444,0,2026-01-07 00:52:00
677,475,1,2026-01-07 00:53:00
89,410,2,2026-01-07 00:54:00
697,39,2,2026-01-07 00:55:00
829,192,0,2026-01-07 00:56:00
357,126,1,2026-01-07 00:57:00
173,288,0,2026-01-07 00:58:00
216,451,1,2026-01-07 00:59:00
906,70,0,2026-01-07 01:00:00
455,136,2,2026-01-07 01:01:00
775,143,2,2026-01-07 01:02:00
608,388,0,2026-01-07 01:03:00
628,353,1,2026-01-07 01:04:00
198,379,1,2026-01-07 01:05:00
831,406,0,2026-01-07 01:06:00
485,298,1,2026-01-07 01:07:00
532,369,1,2026-01-07 01:08:00
199,344,2,2026-01-07 01:09:00
370,440,1,2026-01-07 01:10:00
958,434,1,2026-01-07 01:11:00
852,268,2,2026-01-07 01:12:00
447,383,3,2026-01-07 01:13:00
247,407,0,2026-01-07 01:14:00
787,138,0,2026-01-07 01:15:00
263,51,1,2026-01-07 01:16:00
57,498,3,2026-01-07 01:17:00
301,16,0,2026-01-07 01:18:00
30,164,0,2026-01-07 01:19:00
497,12,0,2026-01-07 01:20:00
248,189,1,2026-01-07 01:21:00
604,474,2,2026-01-07 01:22:00
776,339,0,2026-01-07 01:23:00
270,352,0,2026-01-07 01:24:00
605,361,2,2026-01-07 01:25:00
665,351,0,2026-01-07 01:26:00
393,263,2,2026-01-07 01:27:00
796,311,0,2026-01-07 01:28:00
501,220,1,2026-01-07 01:29:00
591,103,1,2026-01-07 01:30:00
803,338,1,2026-01-07 01:31:00
83,197,2,2026-01-07 01:32:00
364,299,3,2026-01-07 01:33:00
885,443,2,2026-01-07 01:34:00
548,358,0,2026-01-07 01:35:00
341,367,0,2026-01-07 01:36:00
838,168,0,2026-01-07 01:37:00
406,148,2,2026-01-07 01:38:00
424,248,1,2026-01-07 01:39:00
743,255,3,2026-01-07 01:40:00
92,469,3,2026-01-07 01:41:00
847,41,1,2026-01-07 01:42:00
613,201,2,2026-01-07 01:43:00
411,457,3,2026-01-07 01:44:00
431,243,2,2026-01-07 01:45:00
677,156,1,2026-01-07 01:46:00
158,463,2,2026-01-07 01:47:00
13,448,0,2026-01-07 01:48:00
372,400,1,2026-01-07 01:49:00
224,285,0,2026-01-07 01:50:00
504,281,0,2026-01-07 01:51:00
72,436,2,2026-01-07 01:52:00
248,380,1,2026-01-07 01:53:00
510,237,0,2026-01-07 01:54:00
602,18,0,2026-01-07 01:55:00
215,52,3,2026-01-07 01:56:00
972,84,2,2026-01-07 01:57:00
601,272,0,2026-01-07 01:58:00
540,429,3,2026-01-07 01:59:00
946,359,0,2026-01-07 02:00:00
816,212,1,2026-01-07 02:01:00
938,436,1,2026-01-07 02:02:00
987,360,2,2026-01-07 02:03:00
219,103,2,2026-01-07 02:04:00
839,191,0,2026-01-07 02:05:00
726,428,1,2026-01-07 02:06:00
220,176,0,2026-01-07 02:07:00
388,146,1,2026-01-07 02:08:00
553,379,1,2026-01-07 02:09:00
646,454,0,2026-01-07 02:10:00
41,80,0,2026-01-07 02:11:00
675,192,0,2026-01-07 02:12:00
872,36,1,2026-01-07 02:13:00
282,376,1,2026-01-07 02:14:00
57,325,0,2026-01-07 02:15:00
813,153,3,2026-01-07 02:16:00
833,129,0,2026-01-07 02:17:00
536,58,1,2026-01-07 02:18:00
72,223,1,2026-01-07 02:19:00
884,248,0,2026-01-07 02:20:00
922,239,0,2026-01-07 02:21:00
128,373,2,2026-01-07 02:22:00
598,388,1,2026-01-07 02:23:00
841,292,0,2026-01-07 02:24:00
425,286,0,2026-01-07 02:25:00
947,203,2,2026-01-07 02:26:00
664,98,0,2026-01-07 02:27:00
693,349,2,2026-01-07 02:28:00
124,175,0,2026-01-07 02:29:00
66,261,1,2026-01-07 02:30:00
5,270,0,2026-01-07 02:31:00
636,142,2,2026-01-07 02:32:00
313,188,1,2026-01-07 02:33:00
325,271,1,2026-01-07 02:34:00
564,19,0,2026-01-07 02:35:00
577,332,0,2026-01-07 02:36:00
825,299,0,2026-01-07 02:37:00
505,425,0,2026-01-07 02:38:00
81,45,2,2026-01-07 02:39:00
598,94,1,2026-01-07 02:40:00
1,417,0,2026-01-07 02:41:00
203,63,3,2026-01-07 02:42:00
661,412,2,2026-01-07 02:43:00
804,130,1,2026-01-07 02:44:00
403,8,1,2026-01-07 02:45:00
102,458,2,2026-01-07 02:46:00
535,202,1,2026-01-07 02:47:00
367,408,1,2026-01-07 02:48:00
211,469,1,2026-01-07 02:49:00
576,297,0,2026-01-07 02:50:00
960,173,2,2026-01-07 02:51:00
208,72,1,2026-01-07 02:52:00
762,83,1,2026-01-07 02:53:00
896,58,0,2026-01-07 02:54:00
116,20,0,2026-01-07 02:55:00
627,457,0,2026-01-07 02:56:00
748,405,0,2026-01-07 02:57:00
477,156,1,2026-01-07 02:58:00
104,318,0,2026-01-07 02:59:00
494,328,0,2026-01-07 03:00:00
770,60,1,2026-01-07 03:01:00
45,63,1,2026-01-07 03:02:00
822,324,0,2026-01-07 03:03:00
330,167,0,2026-01-07 03:04:00
215,202,2,2026-01-07 03:05:00
981,128,0,2026-01-07 03:06:00
959,244,2,2026-01-07 03:07:00
491,105,0,2026-01-07 03:08:00
812,320,1,2026-01-07 03:09:00
921,121,0,2026-01-07 03:10:00
844,317,2,2026-01-07 03:11:00
448,181,0,2026-01-07 03:12:00
535,102,0,2026-01-07 03:13:00
510,315,0,2026-01-07 03:14:00
457,301,2,2026-01-07 03:15:00
546,260,2,2026-01-07 03:16:00
535,112,0,2026-01-07 03:17:00
539,405,0,2026-01-07 03:18:00
483,473,1,2026-01-07 03:19:00
975,436,2,2026-01-07 03:20:00
999,69,1,2026-01-07 03:21:00
15,159,2,2026-01-07 03:22:00
570,239,0,2026-01-07 03:23:00
976,10,0,2026-01-07 03:24:00
242,137,0,2026-01-07 03:25:00
949,494,1,2026-01-07 03:26:00
206,166,0,2026-01-07 03:27:00
911,246,0,2026-01-07 03:28:00
270,353,0,2026-01-07 03:29:00
760,30,1,2026-01-07 03:30:00
993,11,0,2026-01-07 03:31:00
778,242,0,2026-01-07 03:32:00
704,107,2,2026-01-07 03:33:00
846,335,0,2026-01-07 03:34:00
729,421,0,2026-01-07 03:35:00
114,322,1,2026-01-07 03:36:00
579,193,2,2026-01-07 03:37:00
298,307,1,2026-01-07 03:38:00
836,132,0,2026-01-07 03:39:00
482,394,2,2026-01-07 03:40:00
396,280,1,2026-01-07 03:41:00
393,290,0,2026-01-07 03:42:00
74,162,1,2026-01-07 03:43:00
977,277,1,2026-01-07 03:44:00
481,420,1,2026-01-07 03:45:00
102,469,2,2026-01-07 03:46:00
296,438,1,2026-01-07 03:47:00
177,202,2,2026-01-07 03:48:00
214,95,1,2026-01-07 03:49:00
966,482,0,2026-01-07 03:50:00
314,222,1,2026-01-07 03:51:00
38,236,0,2026-01-07 03:52:00
258,116,0,2026-01-07 03:53:00
715,455,1,2026-01-07 03:54:00
6,191,1,2026-01-07 03:55:00
48,275,0,2026-01-07 03:56:00
537,105,0,2026-01-07 03:57:00
160,481,0,2026-01-07 03:58:00
868,3,2,2026-01-07 03:59:00
175,17,0,2026-01-07 04:00:00
590,306,1,2026-01-07 04:01:00
1,451,1,2026-01-07 04:02:00
894,19,0,2026-01-07 04:03:00
454,121,0,2026-01-07 04:04:00
927,136,0,2026-01-07 04:05:00
643,79,2,2026-01-07 04:06:00
275,153,1,2026-01-07 04:07:00
497,357,1,2026-01-07 04:08:00
628,24,1,2026-01-07 04:09:00
675,451,0,2026-01-07 04:10:00
799,168,0,2026-01-07 04:11:00
27,58,2,2026-01-07 04:12:00
332,300,2,2026-01-07 04:13:00
0,40,1,2026-01-07 04:14:00
187,37,1,2026-01-07 04:15:00
55,116,0,2026-01-07 04:16:00
546,274,0,2026-01-07 04:17:00
111,269,1,2026-01-07 04:18:00
797,126,2,2026-01-07 04:19:00
309,404,0,2026-01-07 04:20:00
35,398,0,2026-01-07 04:21:00
438,2,0,2026-01-07 04:22:00
728,292,0,2026-01-07 04:23:00
591,372,1,2026-01-07 04:24:00
825,497,3,2026-01-07 04:25:00
594,429,2,2026-01-07 04:26:00
576,15,2,2026-01-07 04:27:00
324,397,1,2026-01-07 04:28:00
639,264,0,2026-01-07 04:29:00
306,238,3,2026-01-07 04:30:00
533,262,0,2026-01-07 04:31:00
727,397,2,2026-01-07 04:32:00
618,133,1,2026-01-07 04:33:00
108,212,0,2026-01-07 04:34:00
371,14,1,2026-01-07 04:35:00
356,435,0,2026-01-07 04:36:00
180,327,0,2026-01-07 04:37:00
355,417,0,2026-01-07 04:38:00
675,359,2,2026-01-07 04:39:00
67,128,1,2026-01-07 04:40:00
291,351,0,2026-01-07 04:41:00
691,121,0,2026-01-07 04:42:00
180,240,1,2026-01-07 04:43:00
465,114,0,2026-01-07 04:44:00
433,196,1,2026-01-07 04:45:00
463,221,1,2026-01-07 04:46:00
680,213,0,2026-01-07 04:47:00
913,403,0,2026-01-07 04:48:00
533,79,1,2026-01-07 04:49:00
65,262,0,2026-01-07 04:50:00
20,134,0,2026-01-07 04:51:00
611,305,0,2026-01-07 04:52:00
383,241,0,2026-01-07 04:53:00
811,385,2,2026-01-07 04:54:00
614,302,1,2026-01-07 04:55:00
558,269,1,2026-01-07 04:56:00
38,286,0,2026-01-07 04:57:00
284,49,0,2026-01-07 04:58:00
821,188,0,2026-01-07 04:59:00
601,296,2,2026-01-07 05:00:00
596,13,0,2026-01-07 05:01:00
784,388,1,2026-01-07 05:02:00
335,458,0,2026-01-07 05:03:00
187,231,2,2026-01-07 05:04:00
670,260,2,2026-01-07 05:05:00
242,191,0,2026-01-07 05:06:00
72,412,1,2026-01-07 05:07:00
478,202,0,2026-01-07 05:08:00
973,260,1,2026-01-07 05:09:00
560,112,0,2026-01-07 05:10:00
100,373,0,2026-01-07 05:11:00
513,351,0,2026-01-07 05:12:00
755,35,2,2026-01-07 05:13:00
175,78,2,2026-01-07 05:14:00
237,274,0,2026-01-07 05:15:00
909,447,1,2026-01-07 05:16:00
58,277,0,2026-01-07 05:17:00
864,161,0,2026-01-07 05:18:00
98,311,2,2026-01-07 05:19:00
953,16,0,2026-01-07 05:20:00
870,203,1,2026-01-07 05:21:00
953,472,0,2026-01-07 05:22:00
494,439,0,2026-01-07 05:23:00
946,16,0,2026-01-07 05:24:00
979,201,2,2026-01-07 05:25:00
513,475,1,2026-01-07 05:26:00
754,209,0,2026-01-07 05:27:00
296,498,2,2026-01-07 05:28:00
210,401,2,2026-01-07 05:29:00
122,428,0,2026-01-07 05:30:00
228,479,0,2026-01-07 05:31:00
593,77,0,2026-01-07 05:32:00
655,55,0,2026-01-07 05:33:00
387,79,1,2026-01-07 05:34:00
139,305,0,2026-01-07 05:35:00
540,57,0,2026-01-07 05:36:00
390,17,0,2026-01-07 05:37:00
269,207,0,2026-01-07 05:38:00
758,464,1,2026-01-07 05:39:00
11,134,1,2026-01-07 05:40:00
866,331,0,2026-01-07 05:41:00
388,481,0,2026-01-07 05:42:00
336,9,0,2026-01-07 05:43:00
505,68,2,2026-01-07 05:44:00
105,340,0,2026-01-07 05:45:00
31,386,0,2026-01-07 05:46:00
73,82,0,2026-01-07 05:47:00
170,108,0,2026-01-07 05:48:00
848,43,0,2026-01-07 05:49:00
68,482,1,2026-01-07 05:50:00
812,453,2,2026-01-07 05:51:00
361,397,0,2026-01-07 05:52:00
648,131,1,2026-01-07 05:53:00
432,492,1,2026-01-07 05:54:00
928,498,0,2026-01-07 05:55:00
995,17,0,2026-01-07 05:56:00
99,92,0,2026-01-07 05:57:00
657,482,2,2026-01-07 05:58:00
8,435,2,2026-01-07 05:59:00
573,293,0,2026-01-07 06:00:00
696,463,0,2026-01-07 06:01:00
28,147,1,2026-01-07 06:02:00
892,471,0,2026-01-07 06:03:00
113,482,1,2026-01-07 06:04:00
461,171,0,2026-01-07 06:05:00
920,50,3,2026-01-07 06:06:00
142,18,1,2026-01-07 06:07:00
389,119,0,2026-01-07 06:08:00
631,323,1,2026-01-07 06:09:00
681,224,0,2026-01-07 06:10:00
156,65,0,2026-01-07 06:11:00
334,140,1,2026-01-07 06:12:00
860,445,0,2026-01-07 06:13:00
259,188,1,2026-01-07 06:14:00
81,492,0,2026-01-07 06:15:00
753,157,1,2026-01-07 06:16:00
440,97,0,2026-01-07 06:17:00
944,157,1,2026-01-07 06:18:00
171,434,0,2026-01-07 06:19:00
230,245,0,2026-01-07 06:20:00
719,343,0,2026-01-07 06:21:00
74,431,0,2026-01-07 06:22:00
269,235,0,2026-01-07 06:23:00
898,32,0,2026-01-07 06:24:00
625,360,3,2026-01-07 06:25:00
61,240,0,2026-01-07 06:26:00
873,329,1,2026-01-07 06:27:00
319,337,1,2026-01-07 06:28:00
101,274,0,2026-01-07 06:29:00
428,70,1,2026-01-07 06:30:00
873,312,2,2026-01-07 06:31:00
721,402,0,2026-01-07 06:32:00
953,215,2,2026-01-07 06:33:00
254,78,0,2026-01-07 06:34:00
531,168,1,2026-01-07 06:35:00
569,297,0,2026-01-07 06:36:00
111,470,0,2026-01-07 06:37:00
984,179,1,2026-01-07 06:38:00
312,115,0,2026-01-07 06:39:00
997,259,0,2026-01-07 06:40:00
460,485,0,2026-01-07 06:41:00
707,259,1,2026-01-07 06:42:00
886,4,1,2026-01-07 06:43:00
461,296,0,2026-01-07 06:44:00
864,107,0,2026-01-07 06:45:00
91,342,1,2026-01-07 06:46:00
51,359,1,2026-01-07 06:47:00
804,116,0,2026-01-07 06:48:00
519,356,0,2026-01-07 06:49:00
811,444,0,2026-01-07 06:50:00
97,330,2,2026-01-07 06:51:00
235,438,1,2026-01-07 06:52:00
900,330,0,2026-01-07 06:53:00
373,12,2,2026-01-07 06:54:00
580,141,0,2026-01-07 06:55:00
926,187,0,2026-01-07 06:56:00
556,455,2,2026-01-07 06:57:00
648,280,2,2026-01-07 06:58:00
233,465,1,2026-01-07 06:59:00
31,114,0,2026-01-07 07:00:00
288,427,0,2026-01-07 07:01:00
637,235,2,2026-01-07 07:02:00
578,337,1,2026-01-07 07:03:00
541,9,0,2026-01-07 07:04:00
113,198,0,2026-01-07 07:05:00
203,251,2,2026-01-07 07:06:00
28,49,2,2026-01-07 07:07:00
642,427,1,2026-01-07 07:08:00
473,141,1,2026-01-07 07:09:00
696,270,0,2026-01-07 07:10:00
252,15,1,2026-01-07 07:11:00
797,1,1,2026-01-07 07:12:00
904,157,0,2026-01-07 07:13:00
921,29,2,2026-01-07 07:14:00
385,81,2,2026-01-07 07:15:00
61,30,0,2026-01-07 07:16:00
514,235,2,2026-01-07 07:17:00
429,495,1,2026-01-07 07:18:00
579,332,1,2026-01-07 07:19:00
536,147,2,2026-01-07 07:20:00
690,176,0,2026-01-07 07:21:00
140,369,1,2026-01-07 07:22:00
742,34,0,2026-01-07 07:23:00
299,22,1,2026-01-07 07:24:00
674,105,0,2026-01-07 07:25:00
310,96,0,2026-01-07 07:26:00
470,229,0,2026-01-07 07:27:00
392,226,0,2026-01-07 07:28:00
641,370,0,2026-01-07 07:29:00
444,99,0,2026-01-07 07:30:00
757,444,1,2026-01-07 07:31:00
808,467,2,2026-01-07 07:32:00
171,54,2,2026-01-07 07:33:00
575,194,2,2026-01-07 07:34:00
30,7,2,2026-01-07 07:35:00
46,423,0,2026-01-07 07:36:00
129,314,1,2026-01-07 07:37:00
351,127,1,2026-01-07 07:38:00
977,31,0,2026-01-07 07:39:00
844,92,1,2026-01-07 07:40:00
621,6,0,2026-01-07 07:41:00
580,257,2,2026-01-07 07:42:00
57,340,1,2026-01-07 07:43:00
105,389,3,2026-01-07 07:44:00
811,219,0,2026-01-07 07:45:00
329,239,0,2026-01-07 07:46:00
767,105,3,2026-01-07 07:47:00
823,35,0,2026-01-07 07:48:00
682,415,0,2026-01-07 07:49:00
382,44,1,2026-01-07 07:50:00
984,297,2,2026-01-07 07:51:00
161,308,0,2026-01-07 07:52:00
996,365,0,2026-01-07 07:53:00
285,8,1,2026-01-07 07:54:00
70,458,0,2026-01-07 07:55:00
766,86,0,2026-01-07 07:56:00
453,369,2,2026-01-07 07:57:00
885,330,1,2026-01-07 07:58:00
566,176,2,2026-01-07 07:59:00
834,129,0,2026-01-07 08:00:00
396,194,1,2026-01-07 08:01:00
514,10,3,2026-01-07 08:02:00
25,305,1,2026-01-07 08:03:00
312,418,0,2026-01-07 08:04:00
125,121,3,2026-01-07 08:05:00
407,398,1,2026-01-07 08:06:00
564,234,2,2026-01-07 08:07:00
197,330,0,2026-01-07 08:08:00
810,30,1,2026-01-07 08:09:00
187,347,2,2026-01-07 08:10:00
697,445,1,2026-01-07 08:11:00
816,411,0,2026-01-07 08:12:00
809,223,0,2026-01-07 08:13:00
715,152,0,2026-01-07 08:14:00
483,211,0,2026-01-07 08:15:00
449,91,1,2026-01-07 08:16:00
522,408,0,2026-01-07 08:17:00
870,330,0,2026-01-07 08:18:00
353,466,0,2026-01-07 08:19:00
985,347,0,2026-01-07 08:20:00
657,128,1,2026-01-07 08:21:00
596,442,1,2026-01-07 08:22:00
99,196,2,2026-01-07 08:23:00
615,457,0,2026-01-07 08:24:00
947,41,1,2026-01-07 08:25:00
557,365,0,2026-01-07 08:26:00
555,417,0,2026-01-07 08:27:00
277,227,1,2026-01-07 08:28:00
692,193,2,2026-01-07 08:29:00
698,17,0,2026-01-07 08:30:00
989,332,0,2026-01-07 08:31:00
625,242,1,2026-01-07 08:32:00
490,388,1,2026-01-07 08:33:00
254,275,0,2026-01-07 08:34:00
380,449,1,2026-01-07 08:35:00
891,126,3,2026-01-07 08:36:00
541,74,0,2026-01-07 08:37:00
263,61,0,2026-01-07 08:38:00
609,477,0,2026-01-07 08:39:00
824,479,1,2026-01-07 08:40:00
878,287,0,2026-01-07 08:41:00
328,185,3,2026-01-07 08:42:00
114,177,1,2026-01-07 08:43:00
275,165,0,2026-01-07 08:44:00
487,182,0,2026-01-07 08:45:00
280,27,1,2026-01-07 08:46:00
274,329,0,2026-01-07 08:47:00
772,469,2,2026-01-07 08:48:00
842,246,0,2026-01-07 08:49:00
718,336,0,2026-01-07 08:50:00
895,21,1,2026-01-07 08:51:00
327,426,0,2026-01-07 08:52:00
210,466,1,2026-01-07 08:53:00
726,464,0,2026-01-07 08:54:00
922,471,1,2026-01-07 08:55:00
551,419,1,2026-01-07 08:56:00
991,95,1,2026-01-07 08:57:00
25,121,1,2026-01-07 08:58:00
26,249,0,2026-01-07 08:59:00
701,493,0,2026-01-07 09:00:00
82,378,0,2026-01-07 09:01:00
895,307,0,2026-01-07 09:02:00
945,419,3,2026-01-07 09:03:00
681,411,0,2026-01-07 09:04:00
412,333,1,2026-01-07 09:05:00
166,441,0,2026-01-07 09:06:00
699,419,1,2026-01-07 09:07:00
168,325,1,2026-01-07 09:08:00
800,136,0,2026-01-07 09:09:00
978,276,1,2026-01-07 09:10:00
228,319,0,2026-01-07 09:11:00
978,331,0,2026-01-07 09:12:00
608,60,1,2026-01-07 09:13:00
366,249,0,2026-01-07 09:14:00
527,477,1,2026-01-07 09:15:00
790,94,0,2026-01-07 09:16:00
646,295,1,2026-01-07 09:17:00
537,183,0,2026-01-07 09:18:00
863,259,1,2026-01-07 09:19:00
523,286,2,2026-01-07 09:20:00
71,154,0,2026-01-07 09:21:00
644,185,0,2026-01-07 09:22:00
105,408,2,2026-01-07 09:23:00
731,68,0,2026-01-07 09:24:00
884,325,1,2026-01-07 09:25:00
964,260,2,2026-01-07 09:26:00
688,114,1,2026-01-07 09:27:00
281,346,0,2026-01-07 09:28:00
132,7,0,2026-01-07 09:29:00
533,264,0,2026-01-07 09:30:00
974,270,0,2026-01-07 09:31:00
268,483,0,2026-01-07 09:32:00
411,248,1,2026-01-07 09:33:00
672,104,0,2026-01-07 09:34:00
618,262,2,2026-01-07 09:35:00
790,223,2,2026-01-07 09:36:00
864,327,2,2026-01-07 09:37:00
746,494,0,2026-01-07 09:38:00
17,370,1,2026-01-07 09:39:00
753,270,0,2026-01-07 09:40:00
116,164,0,2026-01-07 09:41:00
797,82,1,2026-01-07 09:42:00
793,294,2,2026-01-07 09:43:00
143,133,0,2026-01-07 09:44:00
716,210,0,2026-01-07 09:45:00
550,312,0,2026-01-07 09:46:00
928,91,1,2026-01-07 09:47:00
665,336,2,2026-01-07 09:48:00
687,489,0,2026-01-07 09:49:00
960,402,0,2026-01-07 09:50:00
752,126,2,2026-01-07 09:51:00
421,190,0,2026-01-07 09:52:00
897,158,1,2026-01-07 09:53:00
368,330,0,2026-01-07 09:54:00
645,334,0,2026-01-07 09:55:00
557,9,1,2026-01-07 09:56:00
49,106,1,2026-01-07 09:57:00
677,86,0,2026-01-07 09:58:00
105,66,0,2026-01-07 09:59:00
215,61,0,2026-01-07 10:00:00
657,386,1,2026-01-07 10:01:00
922,145,2,2026-01-07 10:02:00
424,152,2,2026-01-07 10:03:00
71,106,0,2026-01-07 10:04:00
987,147,2,2026-01-07 10:05:00
841,185,0,2026-01-07 10:06:00
784,348,0,2026-01-07 10:07:00
758,341,1,2026-01-07 10:08:00
445,177,0,2026-01-07 10:09:00
924,376,0,2026-01-07 10:10:00
185,334,0,2026-01-07 10:11:00
69,486,1,2026-01-07 10:12:00
973,265,1,2026-01-07 10:13:00
149,148,0,2026-01-07 10:14:00
245,246,2,2026-01-07 10:15:00
773,253,1,2026-01-07 10:16:00
537,499,1,2026-01-07 10:17:00
934,28,0,2026-01-07 10:18:00
651,351,0,2026-01-07 10:19:00
98,265,0,2026-01-07 10:20:00
909,12,1,2026-01-07 10:21:00
277,46,1,2026-01-07 10:22:00
562,150,3,2026-01-07 10:23:00
662,49,0,2026-01-07 10:24:00
943,214,0,2026-01-07 10:25:00
454,478,0,2026-01-07 10:26:00
103,131,0,2026-01-07 10:27:00
945,371,1,2026-01-07 10:28:00
600,112,3,2026-01-07 10:29:00
652,251,1,2026-01-07 10:30:00
724,450,1,2026-01-07 10:31:00
232,340,1,2026-01-07 10:32:00
393,52,0,2026-01-07 10:33:00
500,129,2,2026-01-07 10:34:00
694,323,1,2026-01-07 10:35:00
250,192,0,2026-01-07 10:36:00
520,78,1,2026-01-07 10:37:00
78,56,1,2026-01-07 10:38:00
51,96,0,2026-01-07 10:39:00
897,197,0,2026-01-07 10:40:00
920,134,0,2026-01-07 10:41:00
780,146,0,2026-01-07 10:42:00
225,171,0,2026-01-07 10:43:00
50,62,1,2026-01-07 10:44:00
185,64,0,2026-01-07 10:45:00
33,294,1,2026-01-07 10:46:00
802,210,3,2026-01-07 10:47:00
741,108,1,2026-01-07 10:48:00
130,281,1,2026-01-07 10:49:00
631,171,2,2026-01-07 10:50:00
442,11,1,2026-01-07 10:51:00
837,405,0,2026-01-07 10:52:00
758,332,0,2026-01-07 10:53:00
431,219,1,2026-01-07 10:54:00
703,397,1,2026-01-07 10:55:00
496,341,3,2026-01-07 10:56:00
402,285,1,2026-01-07 10:57:00
322,171,2,2026-01-07 10:58:00
209,467,0,2026-01-07 10:59:00
614,235,1,2026-01-07 11:00:00
328,474,2,2026-01-07 11:01:00
371,165,0,2026-01-07 11:02:00
459,186,0,2026-01-07 11:03:00
132,169,0,2026-01-07 11:04:00
834,51,1,2026-01-07 11:05:00
650,318,0,2026-01-07 11:06:00
120,188,1,2026-01-07 11:07:00
605,119,0,2026-01-07 11:08:00
451,104,0,2026-01-07 11:09:00
964,161,3,2026-01-07 11:10:00
128,294,0,2026-01-07 11:11:00
90,40,0,2026-01-07 11:12:00
603,376,0,2026-01-07 11:13:00
574,363,1,2026-01-07 11:14:00
28,164,0,2026-01-07 11:15:00
721,320,1,2026-01-07 11:16:00
523,373,3,2026-01-07 11:17:00
332,334,0,2026-01-07 11:18:00
296,159,0,2026-01-07 11:19:00
129,263,0,2026-01-07 11:20:00
292,352,1,2026-01-07 11:21:00
172,17,0,2026-01-07 11:22:00
719,172,1,2026-01-07 11:23:00
943,476,3,2026-01-07 11:24:00
23,351,0,2026-01-07 11:25:00
98,32,1,2026-01-07 11:26:00
405,260,0,2026-01-07 11:27:00
355,209,1,2026-01-07 11:28:00
138,495,0,2026-01-07 11:29:00
502,382,1,2026-01-07 11:30:00
825,329,1,2026-01-07 11:31:00
173,381,0,2026-01-07 11:32:00
28,163,1,2026-01-07 11:33:00
930,480,1,2026-01-07 11:34:00
495,406,0,2026-01-07 11:35:00
654,423,2,2026-01-07 11:36:00
827,4,0,2026-01-07 11:37:00
350,33,1,2026-01-07 11:38:00
553,279,0,2026-01-07 11:39:00
298,144,1,2026-01-07 11:40:00
719,350,0,2026-01-07 11:41:00
841,70,0,2026-01-07 11:42:00
944,464,0,2026-01-07 11:43:00
191,347,1,2026-01-07 11:44:00
671,229,1,2026-01-07 11:45:00
63,124,1,2026-01-07 11:46:00
754,277,2,2026-01-07 11:47:00
769,270,2,2026-01-07 11:48:00
663,356,1,2026-01-07 11:49:00
214,14,1,2026-01-07 11:50:00
833,241,0,2026-01-07 11:51:00
165,497,2,2026-01-07 11:52:00
542,152,2,2026-01-07 11:53:00
882,52,0,2026-01-07 11:54:00
231,148,1,2026-01-07 11:55:00
793,357,2,2026-01-07 11:56:00
540,449,0,2026-01-07 11:57:00
194,218,0,2026-01-07 11:58:00
505,112,0,2026-01-07 11:59:00
333,287,0,2026-01-07 12:00:00
767,276,0,2026-01-07 12:01:00
792,451,0,2026-01-07 12:02:00
303,427,0,2026-01-07 12:03:00
832,82,2,2026-01-07 12:04:00
436,449,0,2026-01-07 12:05:00
322,217,0,2026-01-07 12:06:00
501,225,0,2026-01-07 12:07:00
857,269,0,2026-01-07 12:08:00
913,14,3,2026-01-07 12:09:00
392,403,2,2026-01-07 12:10:00
805,289,1,2026-01-07 12:11:00
598,419,0,2026-01-07 12:12:00
148,338,1,2026-01-07 12:13:00
760,264,0,2026-01-07 12:14:00
832,198,0,2026-01-07 12:15:00
404,157,0,2026-01-07 12:16:00
282,332,3,2026-01-07 12:17:00
361,474,0,2026-01-07 12:18:00
378,446,1,2026-01-07 12:19:00
197,491,0,2026-01-07 12:20:00
555,418,0,2026-01-07 12:21:00
355,396,1,2026-01-07 12:22:00
539,206,0,2026-01-07 12:23:00
428,173,2,2026-01-07 12:24:00
16,183,0,2026-01-07 12:25:00
638,264,0,2026-01-07 12:26:00
378,492,1,2026-01-07 12:27:00
679,470,1,2026-01-07 12:28:00
505,245,0,2026-01-07 12:29:00
755,35,1,2026-01-07 12:30:00
898,372,1,2026-01-07 12:31:00
75,487,0,2026-01-07 12:32:00
230,258,2,2026-01-07 12:33:00
715,481,0,2026-01-07 12:34:00
961,18,0,2026-01-07 12:35:00
247,411,1,2026-01-07 12:36:00
301,22,0,2026-01-07 12:37:00
725,103,1,2026-01-07 12:38:00
214,240,0,2026-01-07 12:39:00
157,492,0,2026-01-07 12:40:00
68,390,2,2026-01-07 12:41:00
392,360,1,2026-01-07 12:42:00
84,203,1,2026-01-07 12:43:00
266,252,0,2026-01-07 12:44:00
68,141,0,2026-01-07 12:45:00
610,301,1,2026-01-07 12:46:00
346,142,2,2026-01-07 12:47:00
961,450,0,2026-01-07 12:48:00
727,270,0,2026-01-07 12:49:00
926,306,0,2026-01-07 12:50:00
672,471,0,2026-01-07 12:51:00
422,499,1,2026-01-07 12:52:00
605,109,0,2026-01-07 12:53:00
173,7,0,2026-01-07 12:54:00
676,68,0,2026-01-07 12:55:00
114,189,0,2026-01-07 12:56:00
219,178,0,2026-01-07 12:57:00
955,62,2,2026-01-07 12:58:00
30,67,1,2026-01-07 12:59:00
522,205,0,2026-01-07 13:00:00
342,399,1,2026-01-07 13:01:00
376,467,1,2026-01-07 13:02:00
129,407,0,2026-01-07 13:03:00
999,5,0,2026-01-07 13:04:00
616,118,0,2026-01-07 13:05:00
538,312,0,2026-01-07 13:06:00
738,30,2,2026-01-07 13:07:00
1,5,0,2026-01-07 13:08:00
870,482,2,2026-01-07 13:09:00
100,206,1,2026-01-07 13:10:00
532,156,0,2026-01-07 13:11:00
57,66,2,2026-01-07 13:12:00
388,458,0,2026-01-07 13:13:00
691,386,0,2026-01-07 13:14:00
940,411,1,2026-01-07 13:15:00
340,329,0,2026-01-07 13:16:00
860,369,0,2026-01-07 13:17:00
19,352,1,2026-01-07 13:18:00
254,431,2,2026-01-07 13:19:00
316,335,0,2026-01-07 13:20:00
37,378,0,2026-01-07 13:21:00
659,393,1,2026-01-07 13:22:00
536,288,1,2026-01-07 13:23:00
385,483,0,2026-01-07 13:24:00
632,450,2,2026-01-07 13:25:00
927,452,1,2026-01-07 13:26:00
25,139,1,2026-01-07 13:27:00
453,440,2,2026-01-07 13:28:00
680,299,2,2026-01-07 13:29:00
322,12,0,2026-01-07 13:30:00
736,151,0,2026-01-07 13:31:00
512,427,1,2026-01-07 13:32:00
818,312,3,2026-01-07 13:33:00
772,351,1,2026-01-07 13:34:00
12,399,0,2026-01-07 13:35:00
914,479,1,2026-01-07 13:36:00
907,108,0,2026-01-07 13:37:00
559,484,3,2026-01-07 13:38:00
920,375,0,2026-01-07 13:39:00
824,355,2,2026-01-07 13:40:00
370,148,0,2026-01-07 13:41:00
290,366,2,2026-01-07 13:42:00
331,203,0,2026-01-07 13:43:00
605,306,1,2026-01-07 13:44:00
260,20,3,2026-01-07 13:45:00
993,59,1,2026-01-07 13:46:00
789,434,1,2026-01-07 13:47:00
870,20,0,2026-01-07 13:48:00
204,362,0,2026-01-07 13:49:00
696,381,2,2026-01-07 13:50:00
686,244,0,2026-01-07 13:51:00
949,389,1,2026-01-07 13:52:00
386,72,1,2026-01-07 13:53:00
891,448,0,2026-01-07 13:54:00
820,75,0,2026-01-07 13:55:00
467,185,0,2026-01-07 13:56:00
414,77,0,2026-01-07 13:57:00
68,389,2,2026-01-07 13:58:00
471,64,1,2026-01-07 13:59:00
103,341,0,2026-01-07 14:00:00
757,289,0,2026-01-07 14:01:00
160,55,1,2026-01-07 14:02:00
199,330,0,2026-01-07 14:03:00
215,258,0,2026-01-07 14:04:00
945,425,0,2026-01-07 14:05:00
211,189,2,2026-01-07 14:06:00
507,5,0,2026-01-07 14:07:00
15,5,0,2026-01-07 14:08:00
497,190,3,2026-01-07 14:09:00
883,147,0,2026-01-07 14:10:00
331,404,2,2026-01-07 14:11:00
716,257,0,2026-01-07 14:12:00
876,217,0,2026-01-07 14:13:00
550,478,0,2026-01-07 14:14:00
600,89,0,2026-01-07 14:15:00
941,311,0,2026-01-07 14:16:00
255,351,0,2026-01-07 14:17:00
991,9,0,2026-01-07 14:18:00
765,86,0,2026-01-07 14:19:00
727,249,1,2026-01-07 14:20:00
879,325,2,2026-01-07 14:21:00
814,150,2,2026-01-07 14:22:00
171,475,1,2026-01-07 14:23:00
648,112,2,2026-01-07 14:24:00
999,29,0,2026-01-07 14:25:00
497,127,0,2026-01-07 14:26:00
470,77,0,2026-01-07 14:27:00
383,420,1,2026-01-07 14:28:00
689,54,2,2026-01-07 14:29:00
588,479,1,2026-01-07 14:30:00
699,304,0,2026-01-07 14:31:00
506,33,1,2026-01-07 14:32:00
991,104,0,2026-01-07 14:33:00
526,171,0,2026-01-07 14:34:00
803,498,1,2026-01-07 14:35:00
830,21,0,2026-01-07 14:36:00
324,286,0,2026-01-07 14:37:00
213,390,1,2026-01-07 14:38:00
207,104,1,2026-01-07 14:39:00
168,148,0,2026-01-07 14:40:00
329,271,0,2026-01-07 14:41:00
279,275,3,2026-01-07 14:42:00
977,298,0,2026-01-07 14:43:00
304,171,0,2026-01-07 14:44:00
145,46,0,2026-01-07 14:45:00
774,113,1,2026-01-07 14:46:00
515,274,0,2026-01-07 14:47:00
89,303,0,2026-01-07 14:48:00
452,479,0,2026-01-07 14:49:00
59,206,0,2026-01-07 14:50:00
310,452,0,2026-01-07 14:51:00
527,394,1,2026-01-07 14:52:00
226,462,2,2026-01-07 14:53:00
473,412,2,2026-01-07 14:54:00
977,241,1,2026-01-07 14:55:00
540,300,1,2026-01-07 14:56:00
662,195,2,2026-01-07 14:57:00
756,496,2,2026-01-07 14:58:00
781,163,2,2026-01-07 14:59:00
78,175,0,2026-01-07 15:00:00
432,342,0,2026-01-07 15:01:00
800,270,3,2026-01-07 15:02:00
152,109,3,2026-01-07 15:03:00
788,171,1,2026-01-07 15:04:00
400,450,3,2026-01-07 15:05:00
278,351,1,2026-01-07 15:06:00
56,201,1,2026-01-07 15:07:00
976,167,0,2026-01-07 15:08:00
185,101,1,2026-01-07 15:09:00
397,85,1,2026-01-07 15:10:00
604,141,3,2026-01-07 15:11:00
787,446,0,2026-01-07 15:12:00
157,336,2,2026-01-07 15:13:00
786,212,2,2026-01-07 15:14:00
692,50,0,2026-01-07 15:15:00
358,111,0,2026-01-07 15:16:00
439,462,1,2026-01-07 15:17:00
588,441,0,2026-01-07 15:18:00
465,270,1,2026-01-07 15:19:00
662,64,0,2026-01-07 15:20:00
445,343,0,2026-01-07 15:21:00
749,182,0,2026-01-07 15:22:00
800,331,0,2026-01-07 15:23:00
742,9,0,2026-01-07 15:24:00
487,493,3,2026-01-07 15:25:00
529,233,0,2026-01-07 15:26:00
72,297,2,2026-01-07 15:27:00
928,243,3,2026-01-07 15:28:00
927,350,2,2026-01-07 15:29:00
700,266,0,2026-01-07 15:30:00
949,117,1,2026-01-07 15:31:00
16,143,0,2026-01-07 15:32:00
530,380,0,2026-01-07 15:33:00
730,200,2,2026-01-07 15:34:00
325,238,0,2026-01-07 15:35:00
994,333,3,2026-01-07 15:36:00
631,402,1,2026-01-07 15:37:00
612,414,0,2026-01-07 15:38:00
545,456,0,2026-01-07 15:39:00
595,483,1,2026-01-07 15:40:00
920,436,1,2026-01-07 15:41:00
707,486,1,2026-01-07 15:42:00
841,245,0,2026-01-07 15:43:00
201,345,0,2026-01-07 15:44:00
343,7,0,2026-01-07 15:45:00
852,151,0,2026-01-07 15:46:00
522,391,0,2026-01-07 15:47:00
858,210,0,2026-01-07 15:48:00
399,366,0,2026-01-07 15:49:00
217,431,1,2026-01-07 15:50:00
444,157,1,2026-01-07 15:51:00
764,57,0,2026-01-07 15:52:00
221,85,1,2026-01-07 15:53:00
382,54,1,2026-01-07 15:54:00
880,200,1,2026-01-07 15:55:00
591,121,1,2026-01-07 15:56:00
6,445,0,2026-01-07 15:57:00
271,107,0,2026-01-07 15:58:00
738,303,0,2026-01-07 15:59:00
15,131,0,2026-01-07 16:00:00
423,420,1,2026-01-07 16:01:00
523,391,2,2026-01-07 16:02:00
802,384,0,2026-01-07 16:03:00
752,475,1,2026-01-07 16:04:00
20,197,2,2026-01-07 16:05:00
689,46,0,2026-01-07 16:06:00
938,227,2,2026-01-07 16:07:00
227,244,0,2026-01-07 16:08:00
784,202,2,2026-01-07 16:09:00
287,260,0,2026-01-07 16:10:00
808,177,0,2026-01-07 16:11:00
133,23,1,2026-01-07 16:12:00
983,174,2,2026-01-07 16:13:00
282,273,0,2026-01-07 16:14:00
403,339,1,2026-01-07 16:15:00
664,411,1,2026-01-07 16:16:00
65,460,0,2026-01-07 16:17:00
648,260,0,2026-01-07 16:18:00
603,285,0,2026-01-07 16:19:00
436,0,0,2026-01-07 16:20:00
828,85,1,2026-01-07 16:21:00
933,337,2,2026-01-07 16:22:00
258,429,1,2026-01-07 16:23:00
979,68,3,2026-01-07 16:24:00
965,30,0,2026-01-07 16:25:00
102,197,0,2026-01-07 16:26:00
992,90,2,2026-01-07 16:27:00
566,439,2,2026-01-07 16:28:00
768,472,0,2026-01-07 16:29:00
100,348,0,2026-01-07 16:30:00
197,382,2,2026-01-07 16:31:00
812,411,0,2026-01-07 16:32:00
225,15,0,2026-01-07 16:33:00
942,309,1,2026-01-07 16:34:00
462,436,3,2026-01-07 16:35:00
236,395,1,2026-01-07 16:36:00
25,275,1,2026-01-07 16:37:00
120,337,0,2026-01-07 16:38:00
909,161,1,2026-01-07 16:39:00
505,436,0,2026-01-07 16:40:00
181,191,3,2026-01-07 16:41:00
710,150,0,2026-01-07 16:42:00
813,364,1,2026-01-07 16:43:00
766,410,2,2026-01-07 16:44:00
633,112,0,2026-01-07 16:45:00
542,272,3,2026-01-07 16:46:00
983,175,0,2026-01-07 16:47:00
314,148,0,2026-01-07 16:48:00
990,177,0,2026-01-07 16:49:00
796,423,2,2026-01-07 16:50:00
617,381,2,2026-01-07 16:51:00
735,222,0,2026-01-07 16:52:00
272,258,0,2026-01-07 16:53:00
909,272,2,2026-01-07 16:54:00
231,188,0,2026-01-07 16:55:00
419,305,1,2026-01-07 16:56:00
767,377,1,2026-01-07 16:57:00
441,89,2,2026-01-07 16:58:00
495,342,1,2026-01-07 16:59:00
23,261,0,2026-01-07 17:00:00
108,155,3,2026-01-07 17:01:00
702,199,0,2026-01-07 17:02:00
501,54,0,2026-01-07 17:03:00
858,253,0,2026-01-07 17:04:00
24,441,3,2026-01-07 17:05:00
186,172,1,2026-01-07 17:06:00
287,199,0,2026-01-07 17:07:00
627,402,1,2026-01-07 17:08:00
337,101,0,2026-01-07 17:09:00
877,284,3,2026-01-07 17:10:00
913,150,0,2026-01-07 17:11:00
36,110,1,2026-01-07 17:12:00
793,415,1,2026-01-07 17:13:00
136,265,0,2026-01-07 17:14:00
507,90,2,2026-01-07 17:15:00
226,176,0,2026-01-07 17:16:00
319,448,1,2026-01-07 17:17:00
839,230,1,2026-01-07 17:18:00
915,28,1,2026-01-07 17:19:00
181,442,0,2026-01-07 17:20:00
873,300,3,2026-01-07 17:21:00
85,194,0,2026-01-07 17:22:00
466,306,1,2026-01-07 17:23:00
925,238,1,2026-01-07 17:24:00
52,356,2,2026-01-07 17:25:00
859,478,1,2026-01-07 17:26:00
866,383,0,2026-01-07 17:27:00
234,266,2,2026-01-07 17:28:00
958,213,0,2026-01-07 17:29:00
778,81,0,2026-01-07 17:30:00
798,127,2,2026-01-07 17:31:00
432,482,1,2026-01-07 17:32:00
495,261,0,2026-01-07 17:33:00
998,66,1,2026-01-07 17:34:00
99,61,0,2026-01-07 17:35:00
989,132,0,2026-01-07 17:36:00
598,136,0,2026-01-07 17:37:00
402,27,1,2026-01-07 17:38:00
395,210,1,2026-01-07 17:39:00
526,475,1,2026-01-07 17:40:00
414,474,0,2026-01-07 17:41:00
938,204,1,2026-01-07 17:42:00
612,252,0,2026-01-07 17:43:00
676,37,1,2026-01-07 17:44:00
462,42,2,2026-01-07 17:45:00
540,116,0,2026-01-07 17:46:00
625,404,1,2026-01-07 17:47:00
618,474,3,2026-01-07 17:48:00
921,189,0,2026-01-07 17:49:00
363,45,1,2026-01-07 17:50:00
129,453,1,2026-01-07 17:51:00
83,165,0,2026-01-07 17:52:00
270,304,1,2026-01-07 17:53:00
243,202,1,2026-01-07 17:54:00
387,494,0,2026-01-07 17:55:00
213,232,0,2026-01-07 17:56:00
817,244,3,2026-01-07 17:57:00
165,208,1,2026-01-07 17:58:00
790,247,0,2026-01-07 17:59:00
58,294,0,2026-01-07 18:00:00
601,326,1,2026-01-07 18:01:00
882,382,0,2026-01-07 18:02:00
842,157,0,2026-01-07 18:03:00
923,404,1,2026-01-07 18:04:00
503,0,1,2026-01-07 18:05:00
705,216,0,2026-01-07 18:06:00
122,415,0,2026-01-07 18:07:00
647,248,0,2026-01-07 18:08:00
412,391,0,2026-01-07 18:09:00
138,68,0,2026-01-07 18:10:00
228,29,0,2026-01-07 18:11:00
273,114,0,2026-01-07 18:12:00
438,7,0,2026-01-07 18:13:00
561,368,3,2026-01-07 18:14:00
909,274,0,2026-01-07 18:15:00
117,491,0,2026-01-07 18:16:00
713,314,0,2026-01-07 18:17:00
994,438,0,2026-01-07 18:18:00
904,413,2,2026-01-07 18:19:00
482,334,0,2026-01-07 18:20:00
394,35,2,2026-01-07 18:21:00
702,310,0,2026-01-07 18:22:00
875,43,2,2026-01-07 18:23:00
459,154,0,2026-01-07 18:24:00
834,76,0,2026-01-07 18:25:00
692,77,0,2026-01-07 18:26:00
934,100,0,2026-01-07 18:27:00
77,437,1,2026-01-07 18:28:00
951,431,0,2026-01-07 18:29:00
411,29,1,2026-01-07 18:30:00
74,38,0,2026-01-07 18:31:00
294,238,0,2026-01-07 18:32:00
792,12,0,2026-01-07 18:33:00
20,121,1,2026-01-07 18:34:00
905,143,0,2026-01-07 18:35:00
170,171,0,2026-01-07 18:36:00
14,454,0,2026-01-07 18:37:00
210,367,2,2026-01-07 18:38:00
559,246,1,2026-01-07 18:39:00
85,246,0,2026-01-07 18:40:00
148,410,0,2026-01-07 18:41:00
699,44,0,2026-01-07 18:42:00
371,252,0,2026-01-07 18:43:00
479,374,1,2026-01-07 18:44:00
817,290,0,2026-01-07 18:45:00
150,206,0,2026-01-07 18:46:00
140,411,1,2026-01-07 18:47:00
68,482,0,2026-01-07 18:48:00
259,6,0,2026-01-07 18:49:00
987,445,0,2026-01-07 18:50:00
845,241,0,2026-01-07 18:51:00
967,109,2,2026-01-07 18:52:00
520,113,1,2026-01-07 18:53:00
632,306,0,2026-01-07 18:54:00
370,301,0,2026-01-07 18:55:00
418,275,0,2026-01-07 18:56:00
100,95,0,2026-01-07 18:57:00
660,293,2,2026-01-07 18:58:00
953,188,0,2026-01-07 18:59:00
657,359,2,2026-01-07 19:00:00
864,287,1,2026-01-07 19:01:00
967,153,2,2026-01-07 19:02:00
242,57,1,2026-01-07 19:03:00
752,422,1,2026-01-07 19:04:00
511,403,1,2026-01-07 19:05:00
848,337,2,2026-01-07 19:06:00
554,49,0,2026-01-07 19:07:00
94,206,2,2026-01-07 19:08:00
225,51,1,2026-01-07 19:09:00
517,341,0,2026-01-07 19:10:00
213,370,3,2026-01-07 19:11:00
717,149,2,2026-01-07 19:12:00
66,52,1,2026-01-07 19:13:00
395,212,0,2026-01-07 19:14:00
611,65,3,2026-01-07 19:15:00
11,231,1,2026-01-07 19:16:00
236,372,1,2026-01-07 19:17:00
833,298,2,2026-01-07 19:18:00
769,337,0,2026-01-07 19:19:00
398,150,0,2026-01-07 19:20:00
406,204,1,2026-01-07 19:21:00
924,319,0,2026-01-07 19:22:00
848,254,1,2026-01-07 19:23:00
479,488,0,2026-01-07 19:24:00
646,136,0,2026-01-07 19:25:00
221,368,0,2026-01-07 19:26:00
155,134,0,2026-01-07 19:27:00
653,424,0,2026-01-07 19:28:00
427,53,0,2026-01-07 19:29:00
157,64,0,2026-01-07 19:30:00
976,1,1,2026-01-07 19:31:00
415,131,2,2026-01-07 19:32:00
325,333,0,2026-01-07 19:33:00
370,31,1,2026-01-07 19:34:00
343,355,0,2026-01-07 19:35:00
261,385,0,2026-01-07 19:36:00
282,359,2,2026-01-07 19:37:00
849,497,0,2026-01-07 19:38:00
855,242,0,2026-01-07 19:39:00
228,191,0,2026-01-07 19:40:00
887,141,3,2026-01-07 19:41:00
279,147,0,2026-01-07 19:42:00
869,88,1,2026-01-07 19:43:00
289,489,0,2026-01-07 19:44:00
679,48,0,2026-01-07 19:45:00
46,135,2,2026-01-07 19:46:00
974,475,0,2026-01-07 19:47:00
714,190,1,2026-01-07 19:48:00
213,429,1,2026-01-07 19:49:00
757,148,0,2026-01-07 19:50:00
23,86,0,2026-01-07 19:51:00
320,415,1,2026-01-07 19:52:00
273,7,0,2026-01-07 19:53:00
555,222,0,2026-01-07 19:54:00
843,356,0,2026-01-07 19:55:00
312,15,1,2026-01-07 19:56:00
362,295,2,2026-01-07 19:57:00
667,105,2,2026-01-07 19:58:00
999,282,0,2026-01-07 19:59:00
379,103,1,2026-01-07 20:00:00
710,360,0,2026-01-07 20:01:00
918,145,0,2026-01-07 20:02:00
980,34,2,2026-01-07 20:03:00
673,112,1,2026-01-07 20:04:00
906,307,1,2026-01-07 20:05:00
469,398,0,2026-01-07 20:06:00
745,446,2,2026-01-07 20:07:00
674,52,2,2026-01-07 20:08:00
115,346,0,2026-01-07 20:09:00
604,80,0,2026-01-07 20:10:00
41,103,0,2026-01-07 20:11:00
795,321,0,2026-01-07 20:12:00
378,368,2,2026-01-07 20:13:00
721,241,0,2026-01-07 20:14:00
205,30,1,2026-01-07 20:15:00
465,316,1,2026-01-07 20:16:00
731,191,1,2026-01-07 20:17:00
279,356,0,2026-01-07 20:18:00
647,360,3,2026-01-07 20:19:00
617,232,0,2026-01-07 20:20:00
117,97,1,2026-01-07 20:21:00
236,33,1,2026-01-07 20:22:00
308,242,0,2026-01-07 20:23:00
455,438,2,2026-01-07 20:24:00
899,58,0,2026-01-07 20:25:00
474,258,1,2026-01-07 20:26:00
99,16,1,2026-01-07 20:27:00
260,77,1,2026-01-07 20:28:00
992,205,0,2026-01-07 20:29:00
304,301,1,2026-01-07 20:30:00
353,165,1,2026-01-07 20:31:00
285,290,0,2026-01-07 20:32:00
327,384,1,2026-01-07 20:33:00
102,111,1,2026-01-07 20:34:00
62,412,1,2026-01-07 20:35:00
686,387,0,2026-01-07 20:36:00
281,316,0,2026-01-07 20:37:00
440,352,0,2026-01-07 20:38:00
292,144,0,2026-01-07 20:39:00
737,155,2,2026-01-07 20:40:00
6,177,0,2026-01-07 20:41:00
638,345,0,2026-01-07 20:42:00
935,135,1,2026-01-07 20:43:00
91,417,0,2026-01-07 20:44:00
934,314,0,2026-01-07 20:45:00
189,17,1,2026-01-07 20:46:00
870,350,1,2026-01-07 20:47:00
475,442,1,2026-01-07 20:48:00
510,154,1,2026-01-07 20:49:00
461,271,0,2026-01-07 20:50:00
52,265,2,2026-01-07 20:51:00
753,359,0,2026-01-07 20:52:00
485,331,0,2026-01-07 20:53:00
643,405,0,2026-01-07 20:54:00
489,15,0,2026-01-07 20:55:00
977,11,0,2026-01-07 20:56:00
363,74,1,2026-01-07 20:57:00
111,211,1,2026-01-07 20:58:00
408,178,0,2026-01-07 20:59:00
6,128,1,2026-01-07 21:00:00
741,282,1,2026-01-07 21:01:00
667,194,0,2026-01-07 21:02:00
196,267,0,2026-01-07 21:03:00
834,29,0,2026-01-07 21:04:00
875,8,0,2026-01-07 21:05:00
734,308,1,2026-01-07 21:06:00
366,444,0,2026-01-07 21:07:00
249,309,0,2026-01-07 21:08:00
915,164,0,2026-01-07 21:09:00
594,192,2,2026-01-07 21:10:00
239,425,0,2026-01-07 21:11:00
379,304,1,2026-01-07 21:12:00
906,259,0,2026-01-07 21:13:00
871,191,1,2026-01-07 21:14:00
834,78,2,2026-01-07 21:15:00
470,178,0,2026-01-07 21:16:00
774,90,2,2026-01-07 21:17:00
918,455,1,2026-01-07 21:18:00
700,443,1,2026-01-07 21:19:00
454,214,1,2026-01-07 21:20:00
365,78,0,2026-01-07 21:21:00
289,474,0,2026-01-07 21:22:00
873,414,3,2026-01-07 21:23:00
402,102,0,2026-01-07 21:24:00
57,110,3,2026-01-07 21:25:00
520,455,1,2026-01-07 21:26:00
303,477,0,2026-01-07 21:27:00
114,313,1,2026-01-07 21:28:00
209,246,2,2026-01-07 21:29:00
40,233,0,2026-01-07 21:30:00
815,81,0,2026-01-07 21:31:00
172,131,1,2026-01-07 21:32:00
233,494,3,2026-01-07 21:33:00
792,234,1,2026-01-07 21:34:00
883,277,0,2026-01-07 21:35:00
589,386,0,2026-01-07 21:36:00
619,334,2,2026-01-07 21:37:00
792,98,0,2026-01-07 21:38:00
402,430,1,2026-01-07 21:39:00
38,37,0,2026-01-07 21:40:00
118,160,0,2026-01-07 21:41:00
334,461,0,2026-01-07 21:42:00
335,431,0,2026-01-07 21:43:00
538,448,1,2026-01-07 21:44:00
615,116,0,2026-01-07 21:45:00
73,240,0,2026-01-07 21:46:00
190,25,0,2026-01-07 21:47:00
323,135,2,2026-01-07 21:48:00
146,49,1,2026-01-07 21:49:00
766,463,0,2026-01-07 21:50:00
283,293,0,2026-01-07 21:51:00
212,393,1,2026-01-07 21:52:00
634,297,2,2026-01-07 21:53:00
717,292,0,2026-01-07 21:54:00
928,153,0,2026-01-07 21:55:00
751,219,1,2026-01-07 21:56:00
393,139,1,2026-01-07 21:57:00
338,467,1,2026-01-07 21:58:00
797,48,0,2026-01-07 21:59:00
21,141,0,2026-01-07 22:00:00
770,45,0,2026-01-07 22:01:00
868,162,0,2026-01-07 22:02:00
104,284,3,2026-01-07 22:03:00
465,267,0,2026-01-07 22:04:00
458,115,1,2026-01-07 22:05:00
431,81,1,2026-01-07 22:06:00
769,43,0,2026-01-07 22:07:00
715,193,2,2026-01-07 22:08:00
821,257,1,2026-01-07 22:09:00
773,442,3,2026-01-07 22:10:00
618,272,0,2026-01-07 22:11:00
762,393,0,2026-01-07 22:12:00
935,273,0,2026-01-07 22:13:00
220,277,0,2026-01-07 22:14:00
378,82,0,2026-01-07 22:15:00
221,57,2,2026-01-07 22:16:00
257,52,0,2026-01-07 22:17:00
712,0,2,2026-01-07 22:18:00
366,215,0,2026-01-07 22:19:00
769,316,1,2026-01-07 22:20:00
348,227,0,2026-01-07 22:21:00
224,472,0,2026-01-07 22:22:00
713,483,2,2026-01-07 22:23:00
737,253,0,2026-01-07 22:24:00
235,158,1,2026-01-07 22:25:00
182,286,1,2026-01-07 22:26:00
711,65,2,2026-01-07 22:27:00
868,402,1,2026-01-07 22:28:00
757,308,0,2026-01-07 22:29:00
443,459,1,2026-01-07 22:30:00
864,457,0,2026-01-07 22:31:00
622,94,0,2026-01-07 22:32:00
5,492,0,2026-01-07 22:33:00
235,252,0,2026-01-07 22:34:00
126,149,0,2026-01-07 22:35:00
103,22,3,2026-01-07 22:36:00
748,243,1,2026-01-07 22:37:00
914,214,2,2026-01-07 22:38:00
479,398,0,2026-01-07 22:39:00
